Person ID,Name,Department,Time,Attendance Status,Attendance Check Point,Custom Name,Data Source,Handling Type,Temperature,Abnormal
'1,AHMED MACHT,PANDORABOX,2022-12-24 10:40:54,None,pointeuse_Door1_Entrance Card Reader1,-,Original Records,-,-,-
'1,AHMED MACHT,PANDORABOX,2022-12-24 13:48:00,None,pointeuse_Door1_Entrance Card Reader1,-,Original Records,-,-,-
'1,AHMED MACHT,PANDORABOX,2022-12-24 14:33:33,None,pointeuse_Door1_Entrance Card Reader1,-,Original Records,-,-,-
'1,AHMED MACHT,PANDORABOX,2022-12-24 19:12:10,None,pointeuse_Door1_Entrance Card Reader1,-,Original Records,-,-,-
'1,AHMED MACHT,PANDORABOX,2022-12-25 11:12:54,None,pointeuse_Door1_Entrance Card Reader1,-,Original Records,-,-,-
'1,AHMED MACHT,PANDORABOX,2022-12-25 14:09:51,None,pointeuse_Door1_Entrance Card Reader1,-,Original Records,-,-,-
'1,AHMED MACHT,PANDORABOX,2022-12-25 14:44:18,None,pointeuse_Door1_Entrance Card Reader1,-,Original Records,-,-,-
'1,AHMED MACHT,PANDORABOX,2022-12-25 18:59:24,None,pointeuse_Door1_Entrance Card Reader1,-,Original Records,-,-,-
'1,AHMED MACHT,PANDORABOX,2022-12-26 09:55:55,None,pointeuse_Door1_Entrance Card Reader1,-,Original Records,-,-,-
'1,AHMED MACHT,PANDORABOX,2022-12-26 14:26:00,None,pointeuse_Door1_Entrance Card Reader1,-,Original Records,-,-,-
'1,AHMED MACHT,PANDORABOX,2022-12-26 14:58:00,None,pointeuse_Door1_Entrance Card Reader1,-,Original Records,-,-,-
'1,AHMED MACHT,PANDORABOX,2022-12-26 14:58:18,None,pointeuse_Door1_Entrance Card Reader1,-,Original Records,-,-,-
'1,AHMED MACHT,PANDORABOX,2022-12-26 15:26:52,None,pointeuse_Door1_Entrance Card Reader1,-,Original Records,-,-,-
'1,AHMED MACHT,PANDORABOX,2022-12-26 18:37:43,None,pointeuse_Door1_Entrance Card Reader1,-,Original Records,-,-,-
'1,AHMED MACHT,PANDORABOX,2022-12-27 09:55:40,None,pointeuse_Door1_Entrance Card Reader1,-,Original Records,-,-,-
'1,AHMED MACHT,PANDORABOX,2022-12-27 13:30:04,None,pointeuse_Door1_Entrance Card Reader1,-,Original Records,-,-,-
'1,AHMED MACHT,PANDORABOX,2022-12-27 14:39:07,None,pointeuse_Door1_Entrance Card Reader1,-,Original Records,-,-,-
'1,AHMED MACHT,PANDORABOX,2022-12-27 18:56:21,None,pointeuse_Door1_Entrance Card Reader1,-,Original Records,-,-,-
'1,AHMED MACHT,PANDORABOX,2022-12-28 09:52:18,None,pointeuse_Door1_Entrance Card Reader1,-,Original Records,-,-,-
'1,AHMED MACHT,PANDORABOX,2022-12-28 13:47:36,None,pointeuse_Door1_Entrance Card Reader1,-,Original Records,-,-,-
'1,AHMED MACHT,PANDORABOX,2022-12-28 15:04:25,None,pointeuse_Door1_Entrance Card Reader1,-,Original Records,-,-,-
'1,AHMED MACHT,PANDORABOX,2022-12-28 19:21:58,None,pointeuse_Door1_Entrance Card Reader1,-,Original Records,-,-,-
'1,AHMED MACHT,PANDORABOX,2022-12-29 10:03:10,None,pointeuse_Door1_Entrance Card Reader1,-,Original Records,-,-,-
'1,AHMED MACHT,PANDORABOX,2022-12-29 13:36:09,None,pointeuse_Door1_Entrance Card Reader1,-,Original Records,-,-,-
'1,AHMED MACHT,PANDORABOX,2022-12-29 14:39:47,None,pointeuse_Door1_Entrance Card Reader1,-,Original Records,-,-,-
'1,AHMED MACHT,PANDORABOX,2022-12-29 18:49:54,None,pointeuse_Door1_Entrance Card Reader1,-,Original Records,-,-,-
'1,AHMED MACHT,PANDORABOX,2022-12-29 19:34:47,None,pointeuse_Door1_Entrance Card Reader1,-,Original Records,-,-,-
'1,AHMED MACHT,PANDORABOX,2022-12-29 19:35:11,None,pointeuse_Door1_Entrance Card Reader1,-,Original Records,-,-,-
'1,AHMED MACHT,PANDORABOX,2022-12-30 09:38:33,None,pointeuse_Door1_Entrance Card Reader1,-,Original Records,-,-,-
'1,AHMED MACHT,PANDORABOX,2022-12-30 14:13:16,None,pointeuse_Door1_Entrance Card Reader1,-,Original Records,-,-,-
'1,AHMED MACHT,PANDORABOX,2022-12-30 15:28:11,None,pointeuse_Door1_Entrance Card Reader1,-,Original Records,-,-,-
'1,AHMED MACHT,PANDORABOX,2022-12-30 18:56:47,None,pointeuse_Door1_Entrance Card Reader1,-,Original Records,-,-,-
'1,AHMED MACHT,PANDORABOX,2023-01-03 09:34:18,None,pointeuse_Door1_Entrance Card Reader1,-,Original Records,-,-,-
'1,AHMED MACHT,PANDORABOX,2023-01-03 13:39:49,None,pointeuse_Door1_Entrance Card Reader1,-,Original Records,-,-,-
'1,AHMED MACHT,PANDORABOX,2023-01-03 14:34:10,None,pointeuse_Door1_Entrance Card Reader1,-,Original Records,-,-,-
'1,AHMED MACHT,PANDORABOX,2023-01-03 18:21:38,None,pointeuse_Door1_Entrance Card Reader1,-,Original Records,-,-,-
'1,AHMED MACHT,PANDORABOX,2023-01-04 09:29:03,None,pointeuse_Door1_Entrance Card Reader1,-,Original Records,-,-,-
'1,AHMED MACHT,PANDORABOX,2023-01-04 13:03:37,None,pointeuse_Door1_Entrance Card Reader1,-,Original Records,-,-,-
'1,AHMED MACHT,PANDORABOX,2023-01-04 14:25:31,None,pointeuse_Door1_Entrance Card Reader1,-,Original Records,-,-,-
'1,AHMED MACHT,PANDORABOX,2023-01-04 18:11:43,None,pointeuse_Door1_Entrance Card Reader1,-,Original Records,-,-,-
'1,AHMED MACHT,PANDORABOX,2023-01-05 09:36:45,None,pointeuse_Door1_Entrance Card Reader1,-,Original Records,-,-,-
'1,AHMED MACHT,PANDORABOX,2023-01-05 13:16:42,None,pointeuse_Door1_Entrance Card Reader1,-,Original Records,-,-,-
'1,AHMED MACHT,PANDORABOX,2023-01-05 14:50:25,None,pointeuse_Door1_Entrance Card Reader1,-,Original Records,-,-,-
'1,AHMED MACHT,PANDORABOX,2023-01-05 18:49:37,None,pointeuse_Door1_Entrance Card Reader1,-,Original Records,-,-,-
'1,AHMED MACHT,PANDORABOX,2023-01-06 09:40:47,None,pointeuse_Door1_Entrance Card Reader1,-,Original Records,-,-,-
'1,AHMED MACHT,PANDORABOX,2023-01-06 14:03:23,None,pointeuse_Door1_Entrance Card Reader1,-,Original Records,-,-,-
'1,AHMED MACHT,PANDORABOX,2023-01-06 15:06:38,None,pointeuse_Door1_Entrance Card Reader1,-,Original Records,-,-,-
'1,AHMED MACHT,PANDORABOX,2023-01-06 18:31:33,None,pointeuse_Door1_Entrance Card Reader1,-,Original Records,-,-,-
'1,AHMED MACHT,PANDORABOX,2023-01-09 09:18:21,None,pointeuse_Door1_Entrance Card Reader1,-,Original Records,-,-,-
'1,AHMED MACHT,PANDORABOX,2023-01-09 13:38:44,None,pointeuse_Door1_Entrance Card Reader1,-,Original Records,-,-,-
'1,AHMED MACHT,PANDORABOX,2023-01-09 14:45:07,None,pointeuse_Door1_Entrance Card Reader1,-,Original Records,-,-,-
'1,AHMED MACHT,PANDORABOX,2023-01-09 18:33:48,None,pointeuse_Door1_Entrance Card Reader1,-,Original Records,-,-,-
'1,AHMED MACHT,PANDORABOX,2023-01-12 10:02:45,None,pointeuse_Door1_Entrance Card Reader1,-,Original Records,-,-,-
'1,AHMED MACHT,PANDORABOX,2023-01-12 13:23:54,None,pointeuse_Door1_Entrance Card Reader1,-,Original Records,-,-,-
'1,AHMED MACHT,PANDORABOX,2023-01-12 15:08:00,None,pointeuse_Door1_Entrance Card Reader1,-,Original Records,-,-,-
'1,AHMED MACHT,PANDORABOX,2023-01-12 18:40:18,None,pointeuse_Door1_Entrance Card Reader1,-,Original Records,-,-,-
'1,AHMED MACHT,PANDORABOX,2023-01-13 09:18:44,None,pointeuse_Door1_Entrance Card Reader1,-,Original Records,-,-,-
'1,AHMED MACHT,PANDORABOX,2023-01-13 18:20:28,None,pointeuse_Door1_Entrance Card Reader1,-,Original Records,-,-,-
'1,AHMED MACHT,PANDORABOX,2023-01-14 09:55:10,None,pointeuse_Door1_Entrance Card Reader1,-,Original Records,-,-,-
'1,AHMED MACHT,PANDORABOX,2023-01-14 10:40:24,None,pointeuse_Door1_Entrance Card Reader1,-,Original Records,-,-,-
'1,AHMED MACHT,PANDORABOX,2023-01-14 10:48:35,None,pointeuse_Door1_Entrance Card Reader1,-,Original Records,-,-,-
'1,AHMED MACHT,PANDORABOX,2023-01-14 14:08:11,None,pointeuse_Door1_Entrance Card Reader1,-,Original Records,-,-,-
'1,AHMED MACHT,PANDORABOX,2023-01-14 14:40:28,None,pointeuse_Door1_Entrance Card Reader1,-,Original Records,-,-,-
'1,AHMED MACHT,PANDORABOX,2023-01-14 18:30:18,None,pointeuse_Door1_Entrance Card Reader1,-,Original Records,-,-,-
'1,AHMED MACHT,PANDORABOX,2023-01-16 09:25:44,None,pointeuse_Door1_Entrance Card Reader1,-,Original Records,-,-,-
'1,AHMED MACHT,PANDORABOX,2023-01-16 13:03:40,None,pointeuse_Door1_Entrance Card Reader1,-,Original Records,-,-,-
'1,AHMED MACHT,PANDORABOX,2023-01-16 14:18:43,None,pointeuse_Door1_Entrance Card Reader1,-,Original Records,-,-,-
'1,AHMED MACHT,PANDORABOX,2023-01-16 19:10:10,None,pointeuse_Door1_Entrance Card Reader1,-,Original Records,-,-,-
'1,AHMED MACHT,PANDORABOX,2023-01-19 10:14:29,None,pointeuse_Door1_Entrance Card Reader1,-,Original Records,-,-,-
'1,AHMED MACHT,PANDORABOX,2023-01-19 13:20:25,None,pointeuse_Door1_Entrance Card Reader1,-,Original Records,-,-,-
'1,AHMED MACHT,PANDORABOX,2023-01-19 14:17:21,None,pointeuse_Door1_Entrance Card Reader1,-,Original Records,-,-,-
'1,AHMED MACHT,PANDORABOX,2023-01-19 19:01:42,None,pointeuse_Door1_Entrance Card Reader1,-,Original Records,-,-,-
'1,AHMED MACHT,PANDORABOX,2023-01-20 09:29:22,None,pointeuse_Door1_Entrance Card Reader1,-,Original Records,-,-,-
'1,AHMED MACHT,PANDORABOX,2023-01-20 14:10:52,None,pointeuse_Door1_Entrance Card Reader1,-,Original Records,-,-,-
'1,AHMED MACHT,PANDORABOX,2023-01-20 15:32:50,None,pointeuse_Door1_Entrance Card Reader1,-,Original Records,-,-,-
'1,AHMED MACHT,PANDORABOX,2023-01-20 18:28:08,None,pointeuse_Door1_Entrance Card Reader1,-,Original Records,-,-,-
'1,AHMED MACHT,PANDORABOX,2023-01-21 09:45:27,None,pointeuse_Door1_Entrance Card Reader1,-,Original Records,-,-,-
'1,AHMED MACHT,PANDORABOX,2023-01-21 13:36:24,None,pointeuse_Door1_Entrance Card Reader1,-,Original Records,-,-,-
'1,AHMED MACHT,PANDORABOX,2023-01-21 14:59:53,None,pointeuse_Door1_Entrance Card Reader1,-,Original Records,-,-,-
'1,AHMED MACHT,PANDORABOX,2023-01-21 18:30:56,None,pointeuse_Door1_Entrance Card Reader1,-,Original Records,-,-,-
'1,AHMED MACHT,PANDORABOX,2023-01-23 09:34:38,None,pointeuse_Door1_Entrance Card Reader1,-,Original Records,-,-,-
'1,AHMED MACHT,PANDORABOX,2023-01-23 13:40:52,None,pointeuse_Door1_Entrance Card Reader1,-,Original Records,-,-,-
'1,AHMED MACHT,PANDORABOX,2023-01-23 14:48:09,None,pointeuse_Door1_Entrance Card Reader1,-,Original Records,-,-,-
'1,AHMED MACHT,PANDORABOX,2023-01-23 19:54:05,None,pointeuse_Door1_Entrance Card Reader1,-,Original Records,-,-,-
'1,AHMED MACHT,PANDORABOX,2023-01-23 19:55:11,None,pointeuse_Door1_Entrance Card Reader1,-,Original Records,-,-,-
'3,CHAIMAE BENJELLOUN,PANDORABOX,2022-12-26 09:52:31,None,pointeuse_Door1_Entrance Card Reader1,-,Original Records,-,-,-
'3,CHAIMAE BENJELLOUN,PANDORABOX,2022-12-26 14:24:40,None,pointeuse_Door1_Entrance Card Reader1,-,Original Records,-,-,-
'3,CHAIMAE BENJELLOUN,PANDORABOX,2022-12-26 15:44:06,None,pointeuse_Door1_Entrance Card Reader1,-,Original Records,-,-,-
'3,CHAIMAE BENJELLOUN,PANDORABOX,2022-12-26 20:11:13,None,pointeuse_Door1_Entrance Card Reader1,-,Original Records,-,-,-
'3,CHAIMAE BENJELLOUN,PANDORABOX,2022-12-27 09:50:04,None,pointeuse_Door1_Entrance Card Reader1,-,Original Records,-,-,-
'3,CHAIMAE BENJELLOUN,PANDORABOX,2022-12-27 14:57:04,None,pointeuse_Door1_Entrance Card Reader1,-,Original Records,-,-,-
'3,CHAIMAE BENJELLOUN,PANDORABOX,2022-12-27 19:14:44,None,pointeuse_Door1_Entrance Card Reader1,-,Original Records,-,-,-
'3,CHAIMAE BENJELLOUN,PANDORABOX,2022-12-28 09:50:52,None,pointeuse_Door1_Entrance Card Reader1,-,Original Records,-,-,-
'3,CHAIMAE BENJELLOUN,PANDORABOX,2022-12-28 13:48:34,None,pointeuse_Door1_Entrance Card Reader1,-,Original Records,-,-,-
'3,CHAIMAE BENJELLOUN,PANDORABOX,2022-12-28 15:01:06,None,pointeuse_Door1_Entrance Card Reader1,-,Original Records,-,-,-
'3,CHAIMAE BENJELLOUN,PANDORABOX,2022-12-28 19:03:17,None,pointeuse_Door1_Entrance Card Reader1,-,Original Records,-,-,-
'3,CHAIMAE BENJELLOUN,PANDORABOX,2022-12-29 09:33:58,None,pointeuse_Door1_Entrance Card Reader1,-,Original Records,-,-,-
'3,CHAIMAE BENJELLOUN,PANDORABOX,2022-12-29 15:26:01,None,pointeuse_Door1_Entrance Card Reader1,-,Original Records,-,-,-
'3,CHAIMAE BENJELLOUN,PANDORABOX,2022-12-29 18:13:53,None,pointeuse_Door1_Entrance Card Reader1,-,Original Records,-,-,-
'3,CHAIMAE BENJELLOUN,PANDORABOX,2022-12-30 09:40:00,None,pointeuse_Door1_Entrance Card Reader1,-,Original Records,-,-,-
'3,CHAIMAE BENJELLOUN,PANDORABOX,2022-12-30 13:12:01,None,pointeuse_Door1_Entrance Card Reader1,-,Original Records,-,-,-
'3,CHAIMAE BENJELLOUN,PANDORABOX,2023-01-02 09:35:03,None,pointeuse_Door1_Entrance Card Reader1,-,Original Records,-,-,-
'3,CHAIMAE BENJELLOUN,PANDORABOX,2023-01-02 13:14:22,None,pointeuse_Door1_Entrance Card Reader1,-,Original Records,-,-,-
'3,CHAIMAE BENJELLOUN,PANDORABOX,2023-01-02 14:37:46,None,pointeuse_Door1_Entrance Card Reader1,-,Original Records,-,-,-
'3,CHAIMAE BENJELLOUN,PANDORABOX,2023-01-02 19:21:30,None,pointeuse_Door1_Entrance Card Reader1,-,Original Records,-,-,-
'3,CHAIMAE BENJELLOUN,PANDORABOX,2023-01-02 19:21:31,None,pointeuse_Door1_Entrance Card Reader1,-,Original Records,-,-,-
'3,CHAIMAE BENJELLOUN,PANDORABOX,2023-01-02 19:21:39,None,pointeuse_Door1_Entrance Card Reader1,-,Original Records,-,-,-
'3,CHAIMAE BENJELLOUN,PANDORABOX,2023-01-03 10:02:31,None,pointeuse_Door1_Entrance Card Reader1,-,Original Records,-,-,-
'3,CHAIMAE BENJELLOUN,PANDORABOX,2023-01-03 13:28:39,None,pointeuse_Door1_Entrance Card Reader1,-,Original Records,-,-,-
'3,CHAIMAE BENJELLOUN,PANDORABOX,2023-01-03 14:30:39,None,pointeuse_Door1_Entrance Card Reader1,-,Original Records,-,-,-
'3,CHAIMAE BENJELLOUN,PANDORABOX,2023-01-03 18:28:14,None,pointeuse_Door1_Entrance Card Reader1,-,Original Records,-,-,-
'3,CHAIMAE BENJELLOUN,PANDORABOX,2023-01-04 09:19:29,None,pointeuse_Door1_Entrance Card Reader1,-,Original Records,-,-,-
'3,CHAIMAE BENJELLOUN,PANDORABOX,2023-01-04 13:05:01,None,pointeuse_Door1_Entrance Card Reader1,-,Original Records,-,-,-
'3,CHAIMAE BENJELLOUN,PANDORABOX,2023-01-04 14:34:33,None,pointeuse_Door1_Entrance Card Reader1,-,Original Records,-,-,-
'3,CHAIMAE BENJELLOUN,PANDORABOX,2023-01-04 18:20:47,None,pointeuse_Door1_Entrance Card Reader1,-,Original Records,-,-,-
'3,CHAIMAE BENJELLOUN,PANDORABOX,2023-01-05 09:27:12,None,pointeuse_Door1_Entrance Card Reader1,-,Original Records,-,-,-
'3,CHAIMAE BENJELLOUN,PANDORABOX,2023-01-05 13:19:52,None,pointeuse_Door1_Entrance Card Reader1,-,Original Records,-,-,-
'3,CHAIMAE BENJELLOUN,PANDORABOX,2023-01-05 14:48:49,None,pointeuse_Door1_Entrance Card Reader1,-,Original Records,-,-,-
'3,CHAIMAE BENJELLOUN,PANDORABOX,2023-01-05 18:18:24,None,pointeuse_Door1_Entrance Card Reader1,-,Original Records,-,-,-
'3,CHAIMAE BENJELLOUN,PANDORABOX,2023-01-06 09:35:28,None,pointeuse_Door1_Entrance Card Reader1,-,Original Records,-,-,-
'3,CHAIMAE BENJELLOUN,PANDORABOX,2023-01-06 13:46:04,None,pointeuse_Door1_Entrance Card Reader1,-,Original Records,-,-,-
'3,CHAIMAE BENJELLOUN,PANDORABOX,2023-01-06 15:06:36,None,pointeuse_Door1_Entrance Card Reader1,-,Original Records,-,-,-
'3,CHAIMAE BENJELLOUN,PANDORABOX,2023-01-06 18:05:06,None,pointeuse_Door1_Entrance Card Reader1,-,Original Records,-,-,-
'3,CHAIMAE BENJELLOUN,PANDORABOX,2023-01-09 09:23:05,None,pointeuse_Door1_Entrance Card Reader1,-,Original Records,-,-,-
'3,CHAIMAE BENJELLOUN,PANDORABOX,2023-01-09 14:09:27,None,pointeuse_Door1_Entrance Card Reader1,-,Original Records,-,-,-
'3,CHAIMAE BENJELLOUN,PANDORABOX,2023-01-09 15:03:03,None,pointeuse_Door1_Entrance Card Reader1,-,Original Records,-,-,-
'3,CHAIMAE BENJELLOUN,PANDORABOX,2023-01-09 18:44:50,None,pointeuse_Door1_Entrance Card Reader1,-,Original Records,-,-,-
'3,CHAIMAE BENJELLOUN,PANDORABOX,2023-01-10 09:33:11,None,pointeuse_Door1_Entrance Card Reader1,-,Original Records,-,-,-
'3,CHAIMAE BENJELLOUN,PANDORABOX,2023-01-10 13:28:06,None,pointeuse_Door1_Entrance Card Reader1,-,Original Records,-,-,-
'3,CHAIMAE BENJELLOUN,PANDORABOX,2023-01-10 14:55:54,None,pointeuse_Door1_Entrance Card Reader1,-,Original Records,-,-,-
'3,CHAIMAE BENJELLOUN,PANDORABOX,2023-01-10 18:20:45,None,pointeuse_Door1_Entrance Card Reader1,-,Original Records,-,-,-
'3,CHAIMAE BENJELLOUN,PANDORABOX,2023-01-12 09:27:19,None,pointeuse_Door1_Entrance Card Reader1,-,Original Records,-,-,-
'3,CHAIMAE BENJELLOUN,PANDORABOX,2023-01-12 13:21:08,None,pointeuse_Door1_Entrance Card Reader1,-,Original Records,-,-,-
'3,CHAIMAE BENJELLOUN,PANDORABOX,2023-01-12 15:07:56,None,pointeuse_Door1_Entrance Card Reader1,-,Original Records,-,-,-
'3,CHAIMAE BENJELLOUN,PANDORABOX,2023-01-12 18:39:34,None,pointeuse_Door1_Entrance Card Reader1,-,Original Records,-,-,-
'3,CHAIMAE BENJELLOUN,PANDORABOX,2023-01-13 09:25:41,None,pointeuse_Door1_Entrance Card Reader1,-,Original Records,-,-,-
'3,CHAIMAE BENJELLOUN,PANDORABOX,2023-01-13 13:59:22,None,pointeuse_Door1_Entrance Card Reader1,-,Original Records,-,-,-
'3,CHAIMAE BENJELLOUN,PANDORABOX,2023-01-13 18:20:22,None,pointeuse_Door1_Entrance Card Reader1,-,Original Records,-,-,-
'3,CHAIMAE BENJELLOUN,PANDORABOX,2023-01-16 09:21:34,None,pointeuse_Door1_Entrance Card Reader1,-,Original Records,-,-,-
'3,CHAIMAE BENJELLOUN,PANDORABOX,2023-01-16 13:37:29,None,pointeuse_Door1_Entrance Card Reader1,-,Original Records,-,-,-
'3,CHAIMAE BENJELLOUN,PANDORABOX,2023-01-16 14:42:01,None,pointeuse_Door1_Entrance Card Reader1,-,Original Records,-,-,-
'3,CHAIMAE BENJELLOUN,PANDORABOX,2023-01-16 18:19:10,None,pointeuse_Door1_Entrance Card Reader1,-,Original Records,-,-,-
'3,CHAIMAE BENJELLOUN,PANDORABOX,2023-01-17 09:21:48,None,pointeuse_Door1_Entrance Card Reader1,-,Original Records,-,-,-
'3,CHAIMAE BENJELLOUN,PANDORABOX,2023-01-17 14:28:52,None,pointeuse_Door1_Entrance Card Reader1,-,Original Records,-,-,-
'3,CHAIMAE BENJELLOUN,PANDORABOX,2023-01-17 15:41:02,None,pointeuse_Door1_Entrance Card Reader1,-,Original Records,-,-,-
'3,CHAIMAE BENJELLOUN,PANDORABOX,2023-01-17 18:50:10,None,pointeuse_Door1_Entrance Card Reader1,-,Original Records,-,-,-
'3,CHAIMAE BENJELLOUN,PANDORABOX,2023-01-18 14:43:06,None,pointeuse_Door1_Entrance Card Reader1,-,Original Records,-,-,-
'3,CHAIMAE BENJELLOUN,PANDORABOX,2023-01-18 19:15:28,None,pointeuse_Door1_Entrance Card Reader1,-,Original Records,-,-,-
'3,CHAIMAE BENJELLOUN,PANDORABOX,2023-01-19 09:33:30,None,pointeuse_Door1_Entrance Card Reader1,-,Original Records,-,-,-
'3,CHAIMAE BENJELLOUN,PANDORABOX,2023-01-19 13:20:29,None,pointeuse_Door1_Entrance Card Reader1,-,Original Records,-,-,-
'3,CHAIMAE BENJELLOUN,PANDORABOX,2023-01-19 14:35:34,None,pointeuse_Door1_Entrance Card Reader1,-,Original Records,-,-,-
'3,CHAIMAE BENJELLOUN,PANDORABOX,2023-01-19 19:47:35,None,pointeuse_Door1_Entrance Card Reader1,-,Original Records,-,-,-
'3,CHAIMAE BENJELLOUN,PANDORABOX,2023-01-20 09:33:47,None,pointeuse_Door1_Entrance Card Reader1,-,Original Records,-,-,-
'3,CHAIMAE BENJELLOUN,PANDORABOX,2023-01-20 13:09:16,None,pointeuse_Door1_Entrance Card Reader1,-,Original Records,-,-,-
'3,CHAIMAE BENJELLOUN,PANDORABOX,2023-01-20 14:11:36,None,pointeuse_Door1_Entrance Card Reader1,-,Original Records,-,-,-
'3,CHAIMAE BENJELLOUN,PANDORABOX,2023-01-20 16:04:18,None,pointeuse_Door1_Entrance Card Reader1,-,Original Records,-,-,-
'3,CHAIMAE BENJELLOUN,PANDORABOX,2023-01-23 09:26:56,None,pointeuse_Door1_Entrance Card Reader1,-,Original Records,-,-,-
'3,CHAIMAE BENJELLOUN,PANDORABOX,2023-01-23 14:47:12,None,pointeuse_Door1_Entrance Card Reader1,-,Original Records,-,-,-
'3,CHAIMAE BENJELLOUN,PANDORABOX,2023-01-23 15:59:56,None,pointeuse_Door1_Entrance Card Reader1,-,Original Records,-,-,-
'3,CHAIMAE BENJELLOUN,PANDORABOX,2023-01-23 18:41:27,None,pointeuse_Door1_Entrance Card Reader1,-,Original Records,-,-,-
'4,Bounkoub Hamza,PANDORABOX,2022-12-24 17:53:49,None,pointeuse_Door1_Entrance Card Reader1,-,Original Records,-,-,-
'4,Bounkoub Hamza,PANDORABOX,2022-12-26 10:04:41,None,pointeuse_Door1_Entrance Card Reader1,-,Original Records,-,-,-
'4,Bounkoub Hamza,PANDORABOX,2022-12-26 13:25:15,None,pointeuse_Door1_Entrance Card Reader1,-,Original Records,-,-,-
'4,Bounkoub Hamza,PANDORABOX,2022-12-26 14:41:12,None,pointeuse_Door1_Entrance Card Reader1,-,Original Records,-,-,-
'4,Bounkoub Hamza,PANDORABOX,2022-12-26 19:23:29,None,pointeuse_Door1_Entrance Card Reader1,-,Original Records,-,-,-
'4,Bounkoub Hamza,PANDORABOX,2022-12-27 09:48:53,None,pointeuse_Door1_Entrance Card Reader1,-,Original Records,-,-,-
'4,Bounkoub Hamza,PANDORABOX,2022-12-27 13:29:36,None,pointeuse_Door1_Entrance Card Reader1,-,Original Records,-,-,-
'4,Bounkoub Hamza,PANDORABOX,2022-12-27 14:39:15,None,pointeuse_Door1_Entrance Card Reader1,-,Original Records,-,-,-
'4,Bounkoub Hamza,PANDORABOX,2022-12-27 19:46:22,None,pointeuse_Door1_Entrance Card Reader1,-,Original Records,-,-,-
'4,Bounkoub Hamza,PANDORABOX,2022-12-28 10:04:43,None,pointeuse_Door1_Entrance Card Reader1,-,Original Records,-,-,-
'4,Bounkoub Hamza,PANDORABOX,2022-12-28 13:47:32,None,pointeuse_Door1_Entrance Card Reader1,-,Original Records,-,-,-
'4,Bounkoub Hamza,PANDORABOX,2022-12-28 15:04:22,None,pointeuse_Door1_Entrance Card Reader1,-,Original Records,-,-,-
'4,Bounkoub Hamza,PANDORABOX,2022-12-28 19:57:41,None,pointeuse_Door1_Entrance Card Reader1,-,Original Records,-,-,-
'4,Bounkoub Hamza,PANDORABOX,2022-12-29 09:32:15,None,pointeuse_Door1_Entrance Card Reader1,-,Original Records,-,-,-
'4,Bounkoub Hamza,PANDORABOX,2022-12-29 13:43:44,None,pointeuse_Door1_Entrance Card Reader1,-,Original Records,-,-,-
'4,Bounkoub Hamza,PANDORABOX,2022-12-29 15:23:58,None,pointeuse_Door1_Entrance Card Reader1,-,Original Records,-,-,-
'4,Bounkoub Hamza,PANDORABOX,2022-12-29 19:03:34,None,pointeuse_Door1_Entrance Card Reader1,-,Original Records,-,-,-
'4,Bounkoub Hamza,PANDORABOX,2022-12-29 19:18:20,None,pointeuse_Door1_Entrance Card Reader1,-,Original Records,-,-,-
'4,Bounkoub Hamza,PANDORABOX,2022-12-30 09:45:09,None,pointeuse_Door1_Entrance Card Reader1,-,Original Records,-,-,-
'4,Bounkoub Hamza,PANDORABOX,2022-12-30 13:28:34,None,pointeuse_Door1_Entrance Card Reader1,-,Original Records,-,-,-
'4,Bounkoub Hamza,PANDORABOX,2022-12-30 15:28:15,None,pointeuse_Door1_Entrance Card Reader1,-,Original Records,-,-,-
'4,Bounkoub Hamza,PANDORABOX,2022-12-30 19:23:31,None,pointeuse_Door1_Entrance Card Reader1,-,Original Records,-,-,-
'4,Bounkoub Hamza,PANDORABOX,2022-12-31 12:20:56,None,pointeuse_Door1_Entrance Card Reader1,-,Original Records,-,-,-
'4,Bounkoub Hamza,PANDORABOX,2022-12-31 12:57:02,None,pointeuse_Door1_Entrance Card Reader1,-,Original Records,-,-,-
'4,Bounkoub Hamza,PANDORABOX,2022-12-31 14:44:08,None,pointeuse_Door1_Entrance Card Reader1,-,Original Records,-,-,-
'4,Bounkoub Hamza,PANDORABOX,2022-12-31 18:40:55,None,pointeuse_Door1_Entrance Card Reader1,-,Original Records,-,-,-
'4,Bounkoub Hamza,PANDORABOX,2022-12-31 21:19:11,None,pointeuse_Door1_Entrance Card Reader1,-,Original Records,-,-,-
'4,Bounkoub Hamza,PANDORABOX,2023-01-02 09:40:41,None,pointeuse_Door1_Entrance Card Reader1,-,Original Records,-,-,-
'4,Bounkoub Hamza,PANDORABOX,2023-01-02 13:03:17,None,pointeuse_Door1_Entrance Card Reader1,-,Original Records,-,-,-
'4,Bounkoub Hamza,PANDORABOX,2023-01-02 14:02:17,None,pointeuse_Door1_Entrance Card Reader1,-,Original Records,-,-,-
'4,Bounkoub Hamza,PANDORABOX,2023-01-02 18:56:46,None,pointeuse_Door1_Entrance Card Reader1,-,Original Records,-,-,-
'4,Bounkoub Hamza,PANDORABOX,2023-01-03 09:51:31,None,pointeuse_Door1_Entrance Card Reader1,-,Original Records,-,-,-
'4,Bounkoub Hamza,PANDORABOX,2023-01-03 13:15:00,None,pointeuse_Door1_Entrance Card Reader1,-,Original Records,-,-,-
'4,Bounkoub Hamza,PANDORABOX,2023-01-03 14:54:16,None,pointeuse_Door1_Entrance Card Reader1,-,Original Records,-,-,-
'4,Bounkoub Hamza,PANDORABOX,2023-01-03 18:14:03,None,pointeuse_Door1_Entrance Card Reader1,-,Original Records,-,-,-
'4,Bounkoub Hamza,PANDORABOX,2023-01-03 18:16:14,None,pointeuse_Door1_Entrance Card Reader1,-,Original Records,-,-,-
'4,Bounkoub Hamza,PANDORABOX,2023-01-04 09:33:35,None,pointeuse_Door1_Entrance Card Reader1,-,Original Records,-,-,-
'4,Bounkoub Hamza,PANDORABOX,2023-01-04 10:51:22,None,pointeuse_Door1_Entrance Card Reader1,-,Original Records,-,-,-
'4,Bounkoub Hamza,PANDORABOX,2023-01-04 10:58:36,None,pointeuse_Door1_Entrance Card Reader1,-,Original Records,-,-,-
'4,Bounkoub Hamza,PANDORABOX,2023-01-04 13:02:41,None,pointeuse_Door1_Entrance Card Reader1,-,Original Records,-,-,-
'4,Bounkoub Hamza,PANDORABOX,2023-01-04 14:24:09,None,pointeuse_Door1_Entrance Card Reader1,-,Original Records,-,-,-
'4,Bounkoub Hamza,PANDORABOX,2023-01-04 16:15:38,None,pointeuse_Door1_Entrance Card Reader1,-,Original Records,-,-,-
'4,Bounkoub Hamza,PANDORABOX,2023-01-04 16:23:18,None,pointeuse_Door1_Entrance Card Reader1,-,Original Records,-,-,-
'4,Bounkoub Hamza,PANDORABOX,2023-01-04 18:12:07,None,pointeuse_Door1_Entrance Card Reader1,-,Original Records,-,-,-
'4,Bounkoub Hamza,PANDORABOX,2023-01-05 09:04:12,None,pointeuse_Door1_Entrance Card Reader1,-,Original Records,-,-,-
'4,Bounkoub Hamza,PANDORABOX,2023-01-05 11:34:31,None,pointeuse_Door1_Entrance Card Reader1,-,Original Records,-,-,-
'4,Bounkoub Hamza,PANDORABOX,2023-01-05 11:37:53,None,pointeuse_Door1_Entrance Card Reader1,-,Original Records,-,-,-
'4,Bounkoub Hamza,PANDORABOX,2023-01-05 13:35:50,None,pointeuse_Door1_Entrance Card Reader1,-,Original Records,-,-,-
'4,Bounkoub Hamza,PANDORABOX,2023-01-05 14:48:42,None,pointeuse_Door1_Entrance Card Reader1,-,Original Records,-,-,-
'4,Bounkoub Hamza,PANDORABOX,2023-01-05 16:36:58,None,pointeuse_Door1_Entrance Card Reader1,-,Original Records,-,-,-
'4,Bounkoub Hamza,PANDORABOX,2023-01-05 16:47:01,None,pointeuse_Door1_Entrance Card Reader1,-,Original Records,-,-,-
'4,Bounkoub Hamza,PANDORABOX,2023-01-05 18:31:25,None,pointeuse_Door1_Entrance Card Reader1,-,Original Records,-,-,-
'4,Bounkoub Hamza,PANDORABOX,2023-01-06 09:07:19,None,pointeuse_Door1_Entrance Card Reader1,-,Original Records,-,-,-
'4,Bounkoub Hamza,PANDORABOX,2023-01-06 13:30:54,None,pointeuse_Door1_Entrance Card Reader1,-,Original Records,-,-,-
'4,Bounkoub Hamza,PANDORABOX,2023-01-06 15:06:50,None,pointeuse_Door1_Entrance Card Reader1,-,Original Records,-,-,-
'4,Bounkoub Hamza,PANDORABOX,2023-01-06 21:04:55,None,pointeuse_Door1_Entrance Card Reader1,-,Original Records,-,-,-
'4,Bounkoub Hamza,PANDORABOX,2023-01-07 16:35:38,None,pointeuse_Door1_Entrance Card Reader1,-,Original Records,-,-,-
'4,Bounkoub Hamza,PANDORABOX,2023-01-09 09:26:34,None,pointeuse_Door1_Entrance Card Reader1,-,Original Records,-,-,-
'4,Bounkoub Hamza,PANDORABOX,2023-01-09 13:38:27,None,pointeuse_Door1_Entrance Card Reader1,-,Original Records,-,-,-
'4,Bounkoub Hamza,PANDORABOX,2023-01-09 14:45:05,None,pointeuse_Door1_Entrance Card Reader1,-,Original Records,-,-,-
'4,Bounkoub Hamza,PANDORABOX,2023-01-09 18:30:43,None,pointeuse_Door1_Entrance Card Reader1,-,Original Records,-,-,-
'4,Bounkoub Hamza,PANDORABOX,2023-01-10 09:34:51,None,pointeuse_Door1_Entrance Card Reader1,-,Original Records,-,-,-
'4,Bounkoub Hamza,PANDORABOX,2023-01-10 13:28:09,None,pointeuse_Door1_Entrance Card Reader1,-,Original Records,-,-,-
'4,Bounkoub Hamza,PANDORABOX,2023-01-10 14:45:03,None,pointeuse_Door1_Entrance Card Reader1,-,Original Records,-,-,-
'4,Bounkoub Hamza,PANDORABOX,2023-01-10 18:34:23,None,pointeuse_Door1_Entrance Card Reader1,-,Original Records,-,-,-
'4,Bounkoub Hamza,PANDORABOX,2023-01-12 09:30:28,None,pointeuse_Door1_Entrance Card Reader1,-,Original Records,-,-,-
'4,Bounkoub Hamza,PANDORABOX,2023-01-12 13:20:35,None,pointeuse_Door1_Entrance Card Reader1,-,Original Records,-,-,-
'4,Bounkoub Hamza,PANDORABOX,2023-01-12 14:57:25,None,pointeuse_Door1_Entrance Card Reader1,-,Original Records,-,-,-
'4,Bounkoub Hamza,PANDORABOX,2023-01-12 15:44:14,None,pointeuse_Door1_Entrance Card Reader1,-,Original Records,-,-,-
'4,Bounkoub Hamza,PANDORABOX,2023-01-12 16:10:08,None,pointeuse_Door1_Entrance Card Reader1,-,Original Records,-,-,-
'4,Bounkoub Hamza,PANDORABOX,2023-01-12 18:19:52,None,pointeuse_Door1_Entrance Card Reader1,-,Original Records,-,-,-
'4,Bounkoub Hamza,PANDORABOX,2023-01-13 09:38:42,None,pointeuse_Door1_Entrance Card Reader1,-,Original Records,-,-,-
'4,Bounkoub Hamza,PANDORABOX,2023-01-13 13:31:49,None,pointeuse_Door1_Entrance Card Reader1,-,Original Records,-,-,-
'4,Bounkoub Hamza,PANDORABOX,2023-01-13 15:24:42,None,pointeuse_Door1_Entrance Card Reader1,-,Original Records,-,-,-
'4,Bounkoub Hamza,PANDORABOX,2023-01-13 18:47:17,None,pointeuse_Door1_Entrance Card Reader1,-,Original Records,-,-,-
'4,Bounkoub Hamza,PANDORABOX,2023-01-16 09:25:51,None,pointeuse_Door1_Entrance Card Reader1,-,Original Records,-,-,-
'4,Bounkoub Hamza,PANDORABOX,2023-01-16 13:03:34,None,pointeuse_Door1_Entrance Card Reader1,-,Original Records,-,-,-
'4,Bounkoub Hamza,PANDORABOX,2023-01-16 14:19:00,None,pointeuse_Door1_Entrance Card Reader1,-,Original Records,-,-,-
'4,Bounkoub Hamza,PANDORABOX,2023-01-16 19:00:41,None,pointeuse_Door1_Entrance Card Reader1,-,Original Records,-,-,-
'4,Bounkoub Hamza,PANDORABOX,2023-01-17 09:38:03,None,pointeuse_Door1_Entrance Card Reader1,-,Original Records,-,-,-
'4,Bounkoub Hamza,PANDORABOX,2023-01-17 13:43:47,None,pointeuse_Door1_Entrance Card Reader1,-,Original Records,-,-,-
'4,Bounkoub Hamza,PANDORABOX,2023-01-17 15:08:36,None,pointeuse_Door1_Entrance Card Reader1,-,Original Records,-,-,-
'4,Bounkoub Hamza,PANDORABOX,2023-01-17 20:10:35,None,pointeuse_Door1_Entrance Card Reader1,-,Original Records,-,-,-
'4,Bounkoub Hamza,PANDORABOX,2023-01-18 08:46:05,None,pointeuse_Door1_Entrance Card Reader1,-,Original Records,-,-,-
'4,Bounkoub Hamza,PANDORABOX,2023-01-18 12:04:49,None,pointeuse_Door1_Entrance Card Reader1,-,Original Records,-,-,-
'4,Bounkoub Hamza,PANDORABOX,2023-01-18 12:18:17,None,pointeuse_Door1_Entrance Card Reader1,-,Original Records,-,-,-
'4,Bounkoub Hamza,PANDORABOX,2023-01-18 12:26:08,None,pointeuse_Door1_Entrance Card Reader1,-,Original Records,-,-,-
'4,Bounkoub Hamza,PANDORABOX,2023-01-18 14:35:18,None,pointeuse_Door1_Entrance Card Reader1,-,Original Records,-,-,-
'4,Bounkoub Hamza,PANDORABOX,2023-01-18 18:50:45,None,pointeuse_Door1_Entrance Card Reader1,-,Original Records,-,-,-
'4,Bounkoub Hamza,PANDORABOX,2023-01-19 09:19:26,None,pointeuse_Door1_Entrance Card Reader1,-,Original Records,-,-,-
'4,Bounkoub Hamza,PANDORABOX,2023-01-19 13:48:32,None,pointeuse_Door1_Entrance Card Reader1,-,Original Records,-,-,-
'4,Bounkoub Hamza,PANDORABOX,2023-01-19 14:49:39,None,pointeuse_Door1_Entrance Card Reader1,-,Original Records,-,-,-
'4,Bounkoub Hamza,PANDORABOX,2023-01-19 19:46:24,None,pointeuse_Door1_Entrance Card Reader1,-,Original Records,-,-,-
'4,Bounkoub Hamza,PANDORABOX,2023-01-20 09:21:49,None,pointeuse_Door1_Entrance Card Reader1,-,Original Records,-,-,-
'4,Bounkoub Hamza,PANDORABOX,2023-01-20 13:40:34,None,pointeuse_Door1_Entrance Card Reader1,-,Original Records,-,-,-
'4,Bounkoub Hamza,PANDORABOX,2023-01-20 15:32:48,None,pointeuse_Door1_Entrance Card Reader1,-,Original Records,-,-,-
'4,Bounkoub Hamza,PANDORABOX,2023-01-20 20:08:04,None,pointeuse_Door1_Entrance Card Reader1,-,Original Records,-,-,-
'4,Bounkoub Hamza,PANDORABOX,2023-01-21 09:47:34,None,pointeuse_Door1_Entrance Card Reader1,-,Original Records,-,-,-
'4,Bounkoub Hamza,PANDORABOX,2023-01-21 13:34:42,None,pointeuse_Door1_Entrance Card Reader1,-,Original Records,-,-,-
'4,Bounkoub Hamza,PANDORABOX,2023-01-21 15:01:24,None,pointeuse_Door1_Entrance Card Reader1,-,Original Records,-,-,-
'4,Bounkoub Hamza,PANDORABOX,2023-01-21 17:23:45,None,pointeuse_Door1_Entrance Card Reader1,-,Original Records,-,-,-
'4,Bounkoub Hamza,PANDORABOX,2023-01-21 17:49:15,None,pointeuse_Door1_Entrance Card Reader1,-,Original Records,-,-,-
'4,Bounkoub Hamza,PANDORABOX,2023-01-21 18:38:55,None,pointeuse_Door1_Entrance Card Reader1,-,Original Records,-,-,-
'4,Bounkoub Hamza,PANDORABOX,2023-01-23 08:39:38,None,pointeuse_Door1_Entrance Card Reader1,-,Original Records,-,-,-
'4,Bounkoub Hamza,PANDORABOX,2023-01-23 09:35:14,None,pointeuse_Door1_Entrance Card Reader1,-,Original Records,-,-,-
'6,Loubna Benamer,PANDORABOX,2022-12-26 09:20:00,None,pointeuse_Door1_Entrance Card Reader1,-,Original Records,-,-,-
'6,Loubna Benamer,PANDORABOX,2022-12-26 13:29:10,None,pointeuse_Door1_Entrance Card Reader1,-,Original Records,-,-,-
'6,Loubna Benamer,PANDORABOX,2022-12-26 14:28:41,None,pointeuse_Door1_Entrance Card Reader1,-,Original Records,-,-,-
'6,Loubna Benamer,PANDORABOX,2022-12-26 18:38:02,None,pointeuse_Door1_Entrance Card Reader1,-,Original Records,-,-,-
'6,Loubna Benamer,PANDORABOX,2022-12-27 09:24:28,None,pointeuse_Door1_Entrance Card Reader1,-,Original Records,-,-,-
'6,Loubna Benamer,PANDORABOX,2022-12-27 13:41:56,None,pointeuse_Door1_Entrance Card Reader1,-,Original Records,-,-,-
'6,Loubna Benamer,PANDORABOX,2022-12-27 14:46:39,None,pointeuse_Door1_Entrance Card Reader1,-,Original Records,-,-,-
'6,Loubna Benamer,PANDORABOX,2022-12-27 18:35:05,None,pointeuse_Door1_Entrance Card Reader1,-,Original Records,-,-,-
'6,Loubna Benamer,PANDORABOX,2022-12-28 09:26:02,None,pointeuse_Door1_Entrance Card Reader1,-,Original Records,-,-,-
'6,Loubna Benamer,PANDORABOX,2022-12-28 13:45:54,None,pointeuse_Door1_Entrance Card Reader1,-,Original Records,-,-,-
'6,Loubna Benamer,PANDORABOX,2022-12-28 14:56:35,None,pointeuse_Door1_Entrance Card Reader1,-,Original Records,-,-,-
'6,Loubna Benamer,PANDORABOX,2022-12-28 18:51:52,None,pointeuse_Door1_Entrance Card Reader1,-,Original Records,-,-,-
'6,Loubna Benamer,PANDORABOX,2022-12-29 09:19:40,None,pointeuse_Door1_Entrance Card Reader1,-,Original Records,-,-,-
'6,Loubna Benamer,PANDORABOX,2022-12-29 13:35:21,None,pointeuse_Door1_Entrance Card Reader1,-,Original Records,-,-,-
'6,Loubna Benamer,PANDORABOX,2022-12-29 14:42:36,None,pointeuse_Door1_Entrance Card Reader1,-,Original Records,-,-,-
'6,Loubna Benamer,PANDORABOX,2022-12-29 18:28:04,None,pointeuse_Door1_Entrance Card Reader1,-,Original Records,-,-,-
'6,Loubna Benamer,PANDORABOX,2022-12-30 09:40:02,None,pointeuse_Door1_Entrance Card Reader1,-,Original Records,-,-,-
'6,Loubna Benamer,PANDORABOX,2022-12-30 13:47:49,None,pointeuse_Door1_Entrance Card Reader1,-,Original Records,-,-,-
'6,Loubna Benamer,PANDORABOX,2022-12-30 14:43:51,None,pointeuse_Door1_Entrance Card Reader1,-,Original Records,-,-,-
'6,Loubna Benamer,PANDORABOX,2022-12-30 18:11:54,None,pointeuse_Door1_Entrance Card Reader1,-,Original Records,-,-,-
'6,Loubna Benamer,PANDORABOX,2023-01-02 09:10:38,None,pointeuse_Door1_Entrance Card Reader1,-,Original Records,-,-,-
'6,Loubna Benamer,PANDORABOX,2023-01-02 13:08:08,None,pointeuse_Door1_Entrance Card Reader1,-,Original Records,-,-,-
'6,Loubna Benamer,PANDORABOX,2023-01-02 14:43:32,None,pointeuse_Door1_Entrance Card Reader1,-,Original Records,-,-,-
'6,Loubna Benamer,PANDORABOX,2023-01-02 18:31:43,None,pointeuse_Door1_Entrance Card Reader1,-,Original Records,-,-,-
'6,Loubna Benamer,PANDORABOX,2023-01-03 09:40:40,None,pointeuse_Door1_Entrance Card Reader1,-,Original Records,-,-,-
'6,Loubna Benamer,PANDORABOX,2023-01-03 13:40:20,None,pointeuse_Door1_Entrance Card Reader1,-,Original Records,-,-,-
'6,Loubna Benamer,PANDORABOX,2023-01-03 14:38:44,None,pointeuse_Door1_Entrance Card Reader1,-,Original Records,-,-,-
'6,Loubna Benamer,PANDORABOX,2023-01-03 18:33:44,None,pointeuse_Door1_Entrance Card Reader1,-,Original Records,-,-,-
'6,Loubna Benamer,PANDORABOX,2023-01-04 09:11:41,None,pointeuse_Door1_Entrance Card Reader1,-,Original Records,-,-,-
'6,Loubna Benamer,PANDORABOX,2023-01-04 13:14:36,None,pointeuse_Door1_Entrance Card Reader1,-,Original Records,-,-,-
'6,Loubna Benamer,PANDORABOX,2023-01-04 14:14:16,None,pointeuse_Door1_Entrance Card Reader1,-,Original Records,-,-,-
'6,Loubna Benamer,PANDORABOX,2023-01-04 18:01:31,None,pointeuse_Door1_Entrance Card Reader1,-,Original Records,-,-,-
'6,Loubna Benamer,PANDORABOX,2023-01-05 09:21:13,None,pointeuse_Door1_Entrance Card Reader1,-,Original Records,-,-,-
'6,Loubna Benamer,PANDORABOX,2023-01-05 13:22:27,None,pointeuse_Door1_Entrance Card Reader1,-,Original Records,-,-,-
'6,Loubna Benamer,PANDORABOX,2023-01-05 14:24:05,None,pointeuse_Door1_Entrance Card Reader1,-,Original Records,-,-,-
'6,Loubna Benamer,PANDORABOX,2023-01-05 18:11:32,None,pointeuse_Door1_Entrance Card Reader1,-,Original Records,-,-,-
'6,Loubna Benamer,PANDORABOX,2023-01-06 09:18:06,None,pointeuse_Door1_Entrance Card Reader1,-,Original Records,-,-,-
'6,Loubna Benamer,PANDORABOX,2023-01-06 13:53:26,None,pointeuse_Door1_Entrance Card Reader1,-,Original Records,-,-,-
'6,Loubna Benamer,PANDORABOX,2023-01-06 14:53:50,None,pointeuse_Door1_Entrance Card Reader1,-,Original Records,-,-,-
'6,Loubna Benamer,PANDORABOX,2023-01-06 18:24:58,None,pointeuse_Door1_Entrance Card Reader1,-,Original Records,-,-,-
'6,Loubna Benamer,PANDORABOX,2023-01-09 11:17:39,None,pointeuse_Door1_Entrance Card Reader1,-,Original Records,-,-,-
'6,Loubna Benamer,PANDORABOX,2023-01-09 13:38:49,None,pointeuse_Door1_Entrance Card Reader1,-,Original Records,-,-,-
'6,Loubna Benamer,PANDORABOX,2023-01-09 14:52:31,None,pointeuse_Door1_Entrance Card Reader1,-,Original Records,-,-,-
'6,Loubna Benamer,PANDORABOX,2023-01-09 18:44:00,None,pointeuse_Door1_Entrance Card Reader1,-,Original Records,-,-,-
'6,Loubna Benamer,PANDORABOX,2023-01-10 09:15:30,None,pointeuse_Door1_Entrance Card Reader1,-,Original Records,-,-,-
'6,Loubna Benamer,PANDORABOX,2023-01-10 13:33:16,None,pointeuse_Door1_Entrance Card Reader1,-,Original Records,-,-,-
'6,Loubna Benamer,PANDORABOX,2023-01-10 14:31:17,None,pointeuse_Door1_Entrance Card Reader1,-,Original Records,-,-,-
'6,Loubna Benamer,PANDORABOX,2023-01-10 18:20:42,None,pointeuse_Door1_Entrance Card Reader1,-,Original Records,-,-,-
'6,Loubna Benamer,PANDORABOX,2023-01-12 09:20:28,None,pointeuse_Door1_Entrance Card Reader1,-,Original Records,-,-,-
'6,Loubna Benamer,PANDORABOX,2023-01-12 13:21:13,None,pointeuse_Door1_Entrance Card Reader1,-,Original Records,-,-,-
'6,Loubna Benamer,PANDORABOX,2023-01-12 15:12:25,None,pointeuse_Door1_Entrance Card Reader1,-,Original Records,-,-,-
'6,Loubna Benamer,PANDORABOX,2023-01-12 18:21:44,None,pointeuse_Door1_Entrance Card Reader1,-,Original Records,-,-,-
'6,Loubna Benamer,PANDORABOX,2023-01-13 09:51:12,None,pointeuse_Door1_Entrance Card Reader1,-,Original Records,-,-,-
'6,Loubna Benamer,PANDORABOX,2023-01-13 18:10:50,None,pointeuse_Door1_Entrance Card Reader1,-,Original Records,-,-,-
'6,Loubna Benamer,PANDORABOX,2023-01-16 09:23:51,None,pointeuse_Door1_Entrance Card Reader1,-,Original Records,-,-,-
'6,Loubna Benamer,PANDORABOX,2023-01-16 13:04:11,None,pointeuse_Door1_Entrance Card Reader1,-,Original Records,-,-,-
'6,Loubna Benamer,PANDORABOX,2023-01-16 14:02:14,None,pointeuse_Door1_Entrance Card Reader1,-,Original Records,-,-,-
'6,Loubna Benamer,PANDORABOX,2023-01-16 16:06:26,None,pointeuse_Door1_Entrance Card Reader1,-,Original Records,-,-,-
'6,Loubna Benamer,PANDORABOX,2023-01-16 16:06:29,None,pointeuse_Door1_Entrance Card Reader1,-,Original Records,-,-,-
'6,Loubna Benamer,PANDORABOX,2023-01-16 18:22:56,None,pointeuse_Door1_Entrance Card Reader1,-,Original Records,-,-,-
'6,Loubna Benamer,PANDORABOX,2023-01-17 09:26:07,None,pointeuse_Door1_Entrance Card Reader1,-,Original Records,-,-,-
'6,Loubna Benamer,PANDORABOX,2023-01-17 13:22:09,None,pointeuse_Door1_Entrance Card Reader1,-,Original Records,-,-,-
'6,Loubna Benamer,PANDORABOX,2023-01-17 14:22:26,None,pointeuse_Door1_Entrance Card Reader1,-,Original Records,-,-,-
'6,Loubna Benamer,PANDORABOX,2023-01-17 18:16:46,None,pointeuse_Door1_Entrance Card Reader1,-,Original Records,-,-,-
'6,Loubna Benamer,PANDORABOX,2023-01-18 09:28:54,None,pointeuse_Door1_Entrance Card Reader1,-,Original Records,-,-,-
'6,Loubna Benamer,PANDORABOX,2023-01-18 12:42:50,None,pointeuse_Door1_Entrance Card Reader1,-,Original Records,-,-,-
'6,Loubna Benamer,PANDORABOX,2023-01-18 13:42:38,None,pointeuse_Door1_Entrance Card Reader1,-,Original Records,-,-,-
'6,Loubna Benamer,PANDORABOX,2023-01-18 18:22:48,None,pointeuse_Door1_Entrance Card Reader1,-,Original Records,-,-,-
'6,Loubna Benamer,PANDORABOX,2023-01-19 09:34:57,None,pointeuse_Door1_Entrance Card Reader1,-,Original Records,-,-,-
'6,Loubna Benamer,PANDORABOX,2023-01-19 13:46:04,None,pointeuse_Door1_Entrance Card Reader1,-,Original Records,-,-,-
'6,Loubna Benamer,PANDORABOX,2023-01-19 14:31:24,None,pointeuse_Door1_Entrance Card Reader1,-,Original Records,-,-,-
'6,Loubna Benamer,PANDORABOX,2023-01-19 19:18:33,None,pointeuse_Door1_Entrance Card Reader1,-,Original Records,-,-,-
'6,Loubna Benamer,PANDORABOX,2023-01-20 09:20:29,None,pointeuse_Door1_Entrance Card Reader1,-,Original Records,-,-,-
'6,Loubna Benamer,PANDORABOX,2023-01-20 13:33:08,None,pointeuse_Door1_Entrance Card Reader1,-,Original Records,-,-,-
'6,Loubna Benamer,PANDORABOX,2023-01-20 14:28:35,None,pointeuse_Door1_Entrance Card Reader1,-,Original Records,-,-,-
'6,Loubna Benamer,PANDORABOX,2023-01-20 19:24:12,None,pointeuse_Door1_Entrance Card Reader1,-,Original Records,-,-,-
'6,Loubna Benamer,PANDORABOX,2023-01-23 09:34:33,None,pointeuse_Door1_Entrance Card Reader1,-,Original Records,-,-,-
'6,Loubna Benamer,PANDORABOX,2023-01-23 13:59:25,None,pointeuse_Door1_Entrance Card Reader1,-,Original Records,-,-,-
'6,Loubna Benamer,PANDORABOX,2023-01-23 15:02:21,None,pointeuse_Door1_Entrance Card Reader1,-,Original Records,-,-,-
'6,Loubna Benamer,PANDORABOX,2023-01-23 18:32:11,None,pointeuse_Door1_Entrance Card Reader1,-,Original Records,-,-,-
'7,Frih Ilyas,PANDORABOX,2022-12-26 09:57:47,None,pointeuse_Door1_Entrance Card Reader1,-,Original Records,-,-,-
'7,Frih Ilyas,PANDORABOX,2022-12-26 13:03:24,None,pointeuse_Door1_Entrance Card Reader1,-,Original Records,-,-,-
'7,Frih Ilyas,PANDORABOX,2022-12-26 14:19:57,None,pointeuse_Door1_Entrance Card Reader1,-,Original Records,-,-,-
'7,Frih Ilyas,PANDORABOX,2022-12-26 18:31:31,None,pointeuse_Door1_Entrance Card Reader1,-,Original Records,-,-,-
'7,Frih Ilyas,PANDORABOX,2022-12-27 10:06:46,None,pointeuse_Door1_Entrance Card Reader1,-,Original Records,-,-,-
'7,Frih Ilyas,PANDORABOX,2022-12-27 14:39:05,None,pointeuse_Door1_Entrance Card Reader1,-,Original Records,-,-,-
'7,Frih Ilyas,PANDORABOX,2022-12-27 18:42:29,None,pointeuse_Door1_Entrance Card Reader1,-,Original Records,-,-,-
'7,Frih Ilyas,PANDORABOX,2022-12-28 10:14:22,None,pointeuse_Door1_Entrance Card Reader1,-,Original Records,-,-,-
'7,Frih Ilyas,PANDORABOX,2022-12-28 13:45:58,None,pointeuse_Door1_Entrance Card Reader1,-,Original Records,-,-,-
'7,Frih Ilyas,PANDORABOX,2022-12-28 15:04:20,None,pointeuse_Door1_Entrance Card Reader1,-,Original Records,-,-,-
'7,Frih Ilyas,PANDORABOX,2022-12-28 19:02:05,None,pointeuse_Door1_Entrance Card Reader1,-,Original Records,-,-,-
'7,Frih Ilyas,PANDORABOX,2022-12-29 13:32:48,None,pointeuse_Door1_Entrance Card Reader1,-,Original Records,-,-,-
'7,Frih Ilyas,PANDORABOX,2022-12-29 16:22:58,None,pointeuse_Door1_Entrance Card Reader1,-,Original Records,-,-,-
'7,Frih Ilyas,PANDORABOX,2022-12-29 18:29:24,None,pointeuse_Door1_Entrance Card Reader1,-,Original Records,-,-,-
'7,Frih Ilyas,PANDORABOX,2022-12-30 09:28:58,None,pointeuse_Door1_Entrance Card Reader1,-,Original Records,-,-,-
'7,Frih Ilyas,PANDORABOX,2022-12-30 14:10:41,None,pointeuse_Door1_Entrance Card Reader1,-,Original Records,-,-,-
'7,Frih Ilyas,PANDORABOX,2022-12-30 15:28:14,None,pointeuse_Door1_Entrance Card Reader1,-,Original Records,-,-,-
'7,Frih Ilyas,PANDORABOX,2022-12-30 19:23:45,None,pointeuse_Door1_Entrance Card Reader1,-,Original Records,-,-,-
'7,Frih Ilyas,PANDORABOX,2022-12-31 11:38:48,None,pointeuse_Door1_Entrance Card Reader1,-,Original Records,-,-,-
'7,Frih Ilyas,PANDORABOX,2022-12-31 14:46:25,None,pointeuse_Door1_Entrance Card Reader1,-,Original Records,-,-,-
'7,Frih Ilyas,PANDORABOX,2023-01-01 12:07:04,None,pointeuse_Door1_Entrance Card Reader1,-,Original Records,-,-,-
'7,Frih Ilyas,PANDORABOX,2023-01-02 09:48:12,None,pointeuse_Door1_Entrance Card Reader1,-,Original Records,-,-,-
'7,Frih Ilyas,PANDORABOX,2023-01-02 14:32:33,None,pointeuse_Door1_Entrance Card Reader1,-,Original Records,-,-,-
'7,Frih Ilyas,PANDORABOX,2023-01-02 17:51:47,None,pointeuse_Door1_Entrance Card Reader1,-,Original Records,-,-,-
'7,Frih Ilyas,PANDORABOX,2023-01-03 09:34:16,None,pointeuse_Door1_Entrance Card Reader1,-,Original Records,-,-,-
'7,Frih Ilyas,PANDORABOX,2023-01-03 13:24:26,None,pointeuse_Door1_Entrance Card Reader1,-,Original Records,-,-,-
'7,Frih Ilyas,PANDORABOX,2023-01-03 15:18:04,None,pointeuse_Door1_Entrance Card Reader1,-,Original Records,-,-,-
'7,Frih Ilyas,PANDORABOX,2023-01-03 17:52:55,None,pointeuse_Door1_Entrance Card Reader1,-,Original Records,-,-,-
'7,Frih Ilyas,PANDORABOX,2023-01-04 09:45:15,None,pointeuse_Door1_Entrance Card Reader1,-,Original Records,-,-,-
'7,Frih Ilyas,PANDORABOX,2023-01-04 14:25:33,None,pointeuse_Door1_Entrance Card Reader1,-,Original Records,-,-,-
'7,Frih Ilyas,PANDORABOX,2023-01-04 17:57:53,None,pointeuse_Door1_Entrance Card Reader1,-,Original Records,-,-,-
'7,Frih Ilyas,PANDORABOX,2023-01-05 09:54:48,None,pointeuse_Door1_Entrance Card Reader1,-,Original Records,-,-,-
'7,Frih Ilyas,PANDORABOX,2023-01-05 14:23:32,None,pointeuse_Door1_Entrance Card Reader1,-,Original Records,-,-,-
'7,Frih Ilyas,PANDORABOX,2023-01-05 17:53:16,None,pointeuse_Door1_Entrance Card Reader1,-,Original Records,-,-,-
'7,Frih Ilyas,PANDORABOX,2023-01-06 09:38:45,None,pointeuse_Door1_Entrance Card Reader1,-,Original Records,-,-,-
'7,Frih Ilyas,PANDORABOX,2023-01-06 14:02:55,None,pointeuse_Door1_Entrance Card Reader1,-,Original Records,-,-,-
'7,Frih Ilyas,PANDORABOX,2023-01-06 15:09:02,None,pointeuse_Door1_Entrance Card Reader1,-,Original Records,-,-,-
'7,Frih Ilyas,PANDORABOX,2023-01-06 19:17:53,None,pointeuse_Door1_Entrance Card Reader1,-,Original Records,-,-,-
'7,Frih Ilyas,PANDORABOX,2023-01-09 09:13:23,None,pointeuse_Door1_Entrance Card Reader1,-,Original Records,-,-,-
'7,Frih Ilyas,PANDORABOX,2023-01-09 14:38:32,None,pointeuse_Door1_Entrance Card Reader1,-,Original Records,-,-,-
'7,Frih Ilyas,PANDORABOX,2023-01-09 17:24:27,None,pointeuse_Door1_Entrance Card Reader1,-,Original Records,-,-,-
'7,Frih Ilyas,PANDORABOX,2023-01-09 18:19:51,None,pointeuse_Door1_Entrance Card Reader1,-,Original Records,-,-,-
'7,Frih Ilyas,PANDORABOX,2023-01-10 09:45:42,None,pointeuse_Door1_Entrance Card Reader1,-,Original Records,-,-,-
'7,Frih Ilyas,PANDORABOX,2023-01-10 13:28:08,None,pointeuse_Door1_Entrance Card Reader1,-,Original Records,-,-,-
'7,Frih Ilyas,PANDORABOX,2023-01-10 14:45:01,None,pointeuse_Door1_Entrance Card Reader1,-,Original Records,-,-,-
'7,Frih Ilyas,PANDORABOX,2023-01-10 17:34:59,None,pointeuse_Door1_Entrance Card Reader1,-,Original Records,-,-,-
'7,Frih Ilyas,PANDORABOX,2023-01-12 09:14:36,None,pointeuse_Door1_Entrance Card Reader1,-,Original Records,-,-,-
'7,Frih Ilyas,PANDORABOX,2023-01-12 13:17:35,None,pointeuse_Door1_Entrance Card Reader1,-,Original Records,-,-,-
'7,Frih Ilyas,PANDORABOX,2023-01-12 15:10:57,None,pointeuse_Door1_Entrance Card Reader1,-,Original Records,-,-,-
'7,Frih Ilyas,PANDORABOX,2023-01-12 19:30:45,None,pointeuse_Door1_Entrance Card Reader1,-,Original Records,-,-,-
'7,Frih Ilyas,PANDORABOX,2023-01-13 09:30:54,None,pointeuse_Door1_Entrance Card Reader1,-,Original Records,-,-,-
'7,Frih Ilyas,PANDORABOX,2023-01-13 14:58:38,None,pointeuse_Door1_Entrance Card Reader1,-,Original Records,-,-,-
'7,Frih Ilyas,PANDORABOX,2023-01-13 19:10:51,None,pointeuse_Door1_Entrance Card Reader1,-,Original Records,-,-,-
'7,Frih Ilyas,PANDORABOX,2023-01-16 09:14:24,None,pointeuse_Door1_Entrance Card Reader1,-,Original Records,-,-,-
'7,Frih Ilyas,PANDORABOX,2023-01-16 12:45:18,None,pointeuse_Door1_Entrance Card Reader1,-,Original Records,-,-,-
'7,Frih Ilyas,PANDORABOX,2023-01-16 14:22:09,None,pointeuse_Door1_Entrance Card Reader1,-,Original Records,-,-,-
'7,Frih Ilyas,PANDORABOX,2023-01-16 19:04:19,None,pointeuse_Door1_Entrance Card Reader1,-,Original Records,-,-,-
'7,Frih Ilyas,PANDORABOX,2023-01-17 09:50:27,None,pointeuse_Door1_Entrance Card Reader1,-,Original Records,-,-,-
'7,Frih Ilyas,PANDORABOX,2023-01-17 14:27:54,None,pointeuse_Door1_Entrance Card Reader1,-,Original Records,-,-,-
'7,Frih Ilyas,PANDORABOX,2023-01-17 15:10:24,None,pointeuse_Door1_Entrance Card Reader1,-,Original Records,-,-,-
'7,Frih Ilyas,PANDORABOX,2023-01-17 18:06:11,None,pointeuse_Door1_Entrance Card Reader1,-,Original Records,-,-,-
'7,Frih Ilyas,PANDORABOX,2023-01-18 09:44:44,None,pointeuse_Door1_Entrance Card Reader1,-,Original Records,-,-,-
'7,Frih Ilyas,PANDORABOX,2023-01-18 12:51:18,None,pointeuse_Door1_Entrance Card Reader1,-,Original Records,-,-,-
'7,Frih Ilyas,PANDORABOX,2023-01-18 14:13:23,None,pointeuse_Door1_Entrance Card Reader1,-,Original Records,-,-,-
'7,Frih Ilyas,PANDORABOX,2023-01-18 18:40:21,None,pointeuse_Door1_Entrance Card Reader1,-,Original Records,-,-,-
'7,Frih Ilyas,PANDORABOX,2023-01-19 09:44:59,None,pointeuse_Door1_Entrance Card Reader1,-,Original Records,-,-,-
'7,Frih Ilyas,PANDORABOX,2023-01-19 14:53:10,None,pointeuse_Door1_Entrance Card Reader1,-,Original Records,-,-,-
'7,Frih Ilyas,PANDORABOX,2023-01-19 16:38:04,None,pointeuse_Door1_Entrance Card Reader1,-,Original Records,-,-,-
'7,Frih Ilyas,PANDORABOX,2023-01-19 20:54:05,None,pointeuse_Door1_Entrance Card Reader1,-,Original Records,-,-,-
'7,Frih Ilyas,PANDORABOX,2023-01-20 09:58:31,None,pointeuse_Door1_Entrance Card Reader1,-,Original Records,-,-,-
'7,Frih Ilyas,PANDORABOX,2023-01-20 13:40:28,None,pointeuse_Door1_Entrance Card Reader1,-,Original Records,-,-,-
'7,Frih Ilyas,PANDORABOX,2023-01-20 15:32:44,None,pointeuse_Door1_Entrance Card Reader1,-,Original Records,-,-,-
'7,Frih Ilyas,PANDORABOX,2023-01-20 20:08:09,None,pointeuse_Door1_Entrance Card Reader1,-,Original Records,-,-,-
'7,Frih Ilyas,PANDORABOX,2023-01-21 09:55:24,None,pointeuse_Door1_Entrance Card Reader1,-,Original Records,-,-,-
'7,Frih Ilyas,PANDORABOX,2023-01-21 13:36:16,None,pointeuse_Door1_Entrance Card Reader1,-,Original Records,-,-,-
'7,Frih Ilyas,PANDORABOX,2023-01-21 15:01:18,None,pointeuse_Door1_Entrance Card Reader1,-,Original Records,-,-,-
'7,Frih Ilyas,PANDORABOX,2023-01-21 18:39:21,None,pointeuse_Door1_Entrance Card Reader1,-,Original Records,-,-,-
'7,Frih Ilyas,PANDORABOX,2023-01-23 09:37:48,None,pointeuse_Door1_Entrance Card Reader1,-,Original Records,-,-,-
'7,Frih Ilyas,PANDORABOX,2023-01-23 13:42:21,None,pointeuse_Door1_Entrance Card Reader1,-,Original Records,-,-,-
'7,Frih Ilyas,PANDORABOX,2023-01-23 15:25:14,None,pointeuse_Door1_Entrance Card Reader1,-,Original Records,-,-,-
'7,Frih Ilyas,PANDORABOX,2023-01-23 18:58:57,None,pointeuse_Door1_Entrance Card Reader1,-,Original Records,-,-,-
'11,AYOUB  ZIANI,PANDORABOX,2022-12-26 09:08:50,None,pointeuse_Door1_Entrance Card Reader1,-,Original Records,-,-,-
'11,AYOUB  ZIANI,PANDORABOX,2022-12-26 13:25:21,None,pointeuse_Door1_Entrance Card Reader1,-,Original Records,-,-,-
'11,AYOUB  ZIANI,PANDORABOX,2022-12-26 14:09:14,None,pointeuse_Door1_Entrance Card Reader1,-,Original Records,-,-,-
'11,AYOUB  ZIANI,PANDORABOX,2022-12-26 18:41:13,None,pointeuse_Door1_Entrance Card Reader1,-,Original Records,-,-,-
'11,AYOUB  ZIANI,PANDORABOX,2022-12-27 09:14:49,None,pointeuse_Door1_Entrance Card Reader1,-,Original Records,-,-,-
'11,AYOUB  ZIANI,PANDORABOX,2022-12-27 13:35:36,None,pointeuse_Door1_Entrance Card Reader1,-,Original Records,-,-,-
'11,AYOUB  ZIANI,PANDORABOX,2022-12-27 15:07:26,None,pointeuse_Door1_Entrance Card Reader1,-,Original Records,-,-,-
'11,AYOUB  ZIANI,PANDORABOX,2022-12-27 18:58:54,None,pointeuse_Door1_Entrance Card Reader1,-,Original Records,-,-,-
'11,AYOUB  ZIANI,PANDORABOX,2022-12-28 09:27:58,None,pointeuse_Door1_Entrance Card Reader1,-,Original Records,-,-,-
'11,AYOUB  ZIANI,PANDORABOX,2022-12-28 13:29:31,None,pointeuse_Door1_Entrance Card Reader1,-,Original Records,-,-,-
'11,AYOUB  ZIANI,PANDORABOX,2022-12-28 15:06:04,None,pointeuse_Door1_Entrance Card Reader1,-,Original Records,-,-,-
'11,AYOUB  ZIANI,PANDORABOX,2022-12-28 18:37:49,None,pointeuse_Door1_Entrance Card Reader1,-,Original Records,-,-,-
'11,AYOUB  ZIANI,PANDORABOX,2022-12-29 09:13:56,None,pointeuse_Door1_Entrance Card Reader1,-,Original Records,-,-,-
'11,AYOUB  ZIANI,PANDORABOX,2022-12-29 13:37:19,None,pointeuse_Door1_Entrance Card Reader1,-,Original Records,-,-,-
'11,AYOUB  ZIANI,PANDORABOX,2022-12-29 14:39:41,None,pointeuse_Door1_Entrance Card Reader1,-,Original Records,-,-,-
'11,AYOUB  ZIANI,PANDORABOX,2022-12-29 18:32:52,None,pointeuse_Door1_Entrance Card Reader1,-,Original Records,-,-,-
'11,AYOUB  ZIANI,PANDORABOX,2022-12-30 09:34:59,None,pointeuse_Door1_Entrance Card Reader1,-,Original Records,-,-,-
'11,AYOUB  ZIANI,PANDORABOX,2022-12-30 13:28:51,None,pointeuse_Door1_Entrance Card Reader1,-,Original Records,-,-,-
'11,AYOUB  ZIANI,PANDORABOX,2022-12-30 15:00:34,None,pointeuse_Door1_Entrance Card Reader1,-,Original Records,-,-,-
'11,AYOUB  ZIANI,PANDORABOX,2022-12-30 19:23:41,None,pointeuse_Door1_Entrance Card Reader1,-,Original Records,-,-,-
'11,AYOUB  ZIANI,PANDORABOX,2023-01-02 09:19:20,None,pointeuse_Door1_Entrance Card Reader1,-,Original Records,-,-,-
'11,AYOUB  ZIANI,PANDORABOX,2023-01-02 13:25:55,None,pointeuse_Door1_Entrance Card Reader1,-,Original Records,-,-,-
'11,AYOUB  ZIANI,PANDORABOX,2023-01-02 14:02:08,None,pointeuse_Door1_Entrance Card Reader1,-,Original Records,-,-,-
'11,AYOUB  ZIANI,PANDORABOX,2023-01-02 14:16:45,None,pointeuse_Door1_Entrance Card Reader1,-,Original Records,-,-,-
'11,AYOUB  ZIANI,PANDORABOX,2023-01-02 16:44:46,None,pointeuse_Door1_Entrance Card Reader1,-,Original Records,-,-,-
'11,AYOUB  ZIANI,PANDORABOX,2023-01-03 09:28:22,None,pointeuse_Door1_Entrance Card Reader1,-,Original Records,-,-,-
'11,AYOUB  ZIANI,PANDORABOX,2023-01-03 13:39:55,None,pointeuse_Door1_Entrance Card Reader1,-,Original Records,-,-,-
'11,AYOUB  ZIANI,PANDORABOX,2023-01-03 14:44:25,None,pointeuse_Door1_Entrance Card Reader1,-,Original Records,-,-,-
'11,AYOUB  ZIANI,PANDORABOX,2023-01-03 18:13:54,None,pointeuse_Door1_Entrance Card Reader1,-,Original Records,-,-,-
'11,AYOUB  ZIANI,PANDORABOX,2023-01-04 09:13:35,None,pointeuse_Door1_Entrance Card Reader1,-,Original Records,-,-,-
'11,AYOUB  ZIANI,PANDORABOX,2023-01-04 13:02:38,None,pointeuse_Door1_Entrance Card Reader1,-,Original Records,-,-,-
'11,AYOUB  ZIANI,PANDORABOX,2023-01-04 14:24:07,None,pointeuse_Door1_Entrance Card Reader1,-,Original Records,-,-,-
'11,AYOUB  ZIANI,PANDORABOX,2023-01-04 18:11:38,None,pointeuse_Door1_Entrance Card Reader1,-,Original Records,-,-,-
'11,AYOUB  ZIANI,PANDORABOX,2023-01-05 09:11:39,None,pointeuse_Door1_Entrance Card Reader1,-,Original Records,-,-,-
'11,AYOUB  ZIANI,PANDORABOX,2023-01-05 13:34:00,None,pointeuse_Door1_Entrance Card Reader1,-,Original Records,-,-,-
'11,AYOUB  ZIANI,PANDORABOX,2023-01-05 13:36:23,None,pointeuse_Door1_Entrance Card Reader1,-,Original Records,-,-,-
'11,AYOUB  ZIANI,PANDORABOX,2023-01-05 14:48:46,None,pointeuse_Door1_Entrance Card Reader1,-,Original Records,-,-,-
'11,AYOUB  ZIANI,PANDORABOX,2023-01-05 18:49:30,None,pointeuse_Door1_Entrance Card Reader1,-,Original Records,-,-,-
'11,AYOUB  ZIANI,PANDORABOX,2023-01-06 09:16:39,None,pointeuse_Door1_Entrance Card Reader1,-,Original Records,-,-,-
'11,AYOUB  ZIANI,PANDORABOX,2023-01-06 13:16:22,None,pointeuse_Door1_Entrance Card Reader1,-,Original Records,-,-,-
'11,AYOUB  ZIANI,PANDORABOX,2023-01-06 15:20:26,None,pointeuse_Door1_Entrance Card Reader1,-,Original Records,-,-,-
'11,AYOUB  ZIANI,PANDORABOX,2023-01-06 18:38:58,None,pointeuse_Door1_Entrance Card Reader1,-,Original Records,-,-,-
'11,AYOUB  ZIANI,PANDORABOX,2023-01-09 09:08:19,None,pointeuse_Door1_Entrance Card Reader1,-,Original Records,-,-,-
'11,AYOUB  ZIANI,PANDORABOX,2023-01-09 13:31:17,None,pointeuse_Door1_Entrance Card Reader1,-,Original Records,-,-,-
'11,AYOUB  ZIANI,PANDORABOX,2023-01-09 14:56:37,None,pointeuse_Door1_Entrance Card Reader1,-,Original Records,-,-,-
'11,AYOUB  ZIANI,PANDORABOX,2023-01-09 18:41:59,None,pointeuse_Door1_Entrance Card Reader1,-,Original Records,-,-,-
'11,AYOUB  ZIANI,PANDORABOX,2023-01-10 09:27:16,None,pointeuse_Door1_Entrance Card Reader1,-,Original Records,-,-,-
'11,AYOUB  ZIANI,PANDORABOX,2023-01-10 13:45:02,None,pointeuse_Door1_Entrance Card Reader1,-,Original Records,-,-,-
'11,AYOUB  ZIANI,PANDORABOX,2023-01-10 15:03:19,None,pointeuse_Door1_Entrance Card Reader1,-,Original Records,-,-,-
'11,AYOUB  ZIANI,PANDORABOX,2023-01-10 18:20:25,None,pointeuse_Door1_Entrance Card Reader1,-,Original Records,-,-,-
'11,AYOUB  ZIANI,PANDORABOX,2023-01-12 09:04:13,None,pointeuse_Door1_Entrance Card Reader1,-,Original Records,-,-,-
'11,AYOUB  ZIANI,PANDORABOX,2023-01-12 13:21:05,None,pointeuse_Door1_Entrance Card Reader1,-,Original Records,-,-,-
'11,AYOUB  ZIANI,PANDORABOX,2023-01-12 15:11:01,None,pointeuse_Door1_Entrance Card Reader1,-,Original Records,-,-,-
'11,AYOUB  ZIANI,PANDORABOX,2023-01-12 18:16:04,None,pointeuse_Door1_Entrance Card Reader1,-,Original Records,-,-,-
'11,AYOUB  ZIANI,PANDORABOX,2023-01-13 09:16:39,None,pointeuse_Door1_Entrance Card Reader1,-,Original Records,-,-,-
'11,AYOUB  ZIANI,PANDORABOX,2023-01-13 13:34:49,None,pointeuse_Door1_Entrance Card Reader1,-,Original Records,-,-,-
'11,AYOUB  ZIANI,PANDORABOX,2023-01-13 14:06:15,None,pointeuse_Door1_Entrance Card Reader1,-,Original Records,-,-,-
'11,AYOUB  ZIANI,PANDORABOX,2023-01-13 18:47:03,None,pointeuse_Door1_Entrance Card Reader1,-,Original Records,-,-,-
'11,AYOUB  ZIANI,PANDORABOX,2023-01-16 09:17:56,None,pointeuse_Door1_Entrance Card Reader1,-,Original Records,-,-,-
'11,AYOUB  ZIANI,PANDORABOX,2023-01-16 13:03:32,None,pointeuse_Door1_Entrance Card Reader1,-,Original Records,-,-,-
'11,AYOUB  ZIANI,PANDORABOX,2023-01-16 14:22:14,None,pointeuse_Door1_Entrance Card Reader1,-,Original Records,-,-,-
'11,AYOUB  ZIANI,PANDORABOX,2023-01-16 19:03:24,None,pointeuse_Door1_Entrance Card Reader1,-,Original Records,-,-,-
'11,AYOUB  ZIANI,PANDORABOX,2023-01-17 09:52:26,None,pointeuse_Door1_Entrance Card Reader1,-,Original Records,-,-,-
'11,AYOUB  ZIANI,PANDORABOX,2023-01-17 14:33:00,None,pointeuse_Door1_Entrance Card Reader1,-,Original Records,-,-,-
'11,AYOUB  ZIANI,PANDORABOX,2023-01-17 16:01:57,None,pointeuse_Door1_Entrance Card Reader1,-,Original Records,-,-,-
'11,AYOUB  ZIANI,PANDORABOX,2023-01-17 18:13:17,None,pointeuse_Door1_Entrance Card Reader1,-,Original Records,-,-,-
'11,AYOUB  ZIANI,PANDORABOX,2023-01-18 09:40:59,None,pointeuse_Door1_Entrance Card Reader1,-,Original Records,-,-,-
'11,AYOUB  ZIANI,PANDORABOX,2023-01-18 12:25:58,None,pointeuse_Door1_Entrance Card Reader1,-,Original Records,-,-,-
'11,AYOUB  ZIANI,PANDORABOX,2023-01-18 14:04:43,None,pointeuse_Door1_Entrance Card Reader1,-,Original Records,-,-,-
'11,AYOUB  ZIANI,PANDORABOX,2023-01-18 18:42:11,None,pointeuse_Door1_Entrance Card Reader1,-,Original Records,-,-,-
'11,AYOUB  ZIANI,PANDORABOX,2023-01-19 09:29:03,None,pointeuse_Door1_Entrance Card Reader1,-,Original Records,-,-,-
'11,AYOUB  ZIANI,PANDORABOX,2023-01-19 13:20:46,None,pointeuse_Door1_Entrance Card Reader1,-,Original Records,-,-,-
'11,AYOUB  ZIANI,PANDORABOX,2023-01-19 14:17:23,None,pointeuse_Door1_Entrance Card Reader1,-,Original Records,-,-,-
'11,AYOUB  ZIANI,PANDORABOX,2023-01-19 18:29:05,None,pointeuse_Door1_Entrance Card Reader1,-,Original Records,-,-,-
'11,AYOUB  ZIANI,PANDORABOX,2023-01-20 09:27:04,None,pointeuse_Door1_Entrance Card Reader1,-,Original Records,-,-,-
'11,AYOUB  ZIANI,PANDORABOX,2023-01-20 13:29:30,None,pointeuse_Door1_Entrance Card Reader1,-,Original Records,-,-,-
'11,AYOUB  ZIANI,PANDORABOX,2023-01-20 15:13:52,None,pointeuse_Door1_Entrance Card Reader1,-,Original Records,-,-,-
'11,AYOUB  ZIANI,PANDORABOX,2023-01-20 19:22:42,None,pointeuse_Door1_Entrance Card Reader1,-,Original Records,-,-,-
'11,AYOUB  ZIANI,PANDORABOX,2023-01-21 10:51:55,None,pointeuse_Door1_Entrance Card Reader1,-,Original Records,-,-,-
'11,AYOUB  ZIANI,PANDORABOX,2023-01-21 13:35:40,None,pointeuse_Door1_Entrance Card Reader1,-,Original Records,-,-,-
'11,AYOUB  ZIANI,PANDORABOX,2023-01-21 14:59:51,None,pointeuse_Door1_Entrance Card Reader1,-,Original Records,-,-,-
'11,AYOUB  ZIANI,PANDORABOX,2023-01-21 18:40:05,None,pointeuse_Door1_Entrance Card Reader1,-,Original Records,-,-,-
'11,AYOUB  ZIANI,PANDORABOX,2023-01-23 09:06:15,None,pointeuse_Door1_Entrance Card Reader1,-,Original Records,-,-,-
'11,AYOUB  ZIANI,PANDORABOX,2023-01-23 13:40:38,None,pointeuse_Door1_Entrance Card Reader1,-,Original Records,-,-,-
'11,AYOUB  ZIANI,PANDORABOX,2023-01-23 14:48:00,None,pointeuse_Door1_Entrance Card Reader1,-,Original Records,-,-,-
'11,AYOUB  ZIANI,PANDORABOX,2023-01-23 18:50:44,None,pointeuse_Door1_Entrance Card Reader1,-,Original Records,-,-,-
'12,MOUAD HAKIMI,PANDORABOX,2023-01-12 09:30:31,None,pointeuse_Door1_Entrance Card Reader1,-,Original Records,-,-,-
'12,MOUAD HAKIMI,PANDORABOX,2023-01-12 15:09:27,None,pointeuse_Door1_Entrance Card Reader1,-,Original Records,-,-,-
'12,MOUAD HAKIMI,PANDORABOX,2023-01-13 09:37:15,None,pointeuse_Door1_Entrance Card Reader1,-,Original Records,-,-,-
'12,MOUAD HAKIMI,PANDORABOX,2023-01-13 10:06:35,None,pointeuse_Door1_Entrance Card Reader1,-,Original Records,-,-,-
'12,MOUAD HAKIMI,PANDORABOX,2023-01-13 15:43:01,None,pointeuse_Door1_Entrance Card Reader1,-,Original Records,-,-,-
'12,MOUAD HAKIMI,PANDORABOX,2023-01-16 09:30:18,None,pointeuse_Door1_Entrance Card Reader1,-,Original Records,-,-,-
'12,MOUAD HAKIMI,PANDORABOX,2023-01-16 14:22:06,None,pointeuse_Door1_Entrance Card Reader1,-,Original Records,-,-,-
'12,MOUAD HAKIMI,PANDORABOX,2023-01-16 16:31:09,None,pointeuse_Door1_Entrance Card Reader1,-,Original Records,-,-,-
'13,ILIASS ZKARA,PANDORABOX,2023-01-13 09:35:18,None,pointeuse_Door1_Entrance Card Reader1,-,Original Records,-,-,-
'13,ILIASS ZKARA,PANDORABOX,2023-01-16 08:06:06,None,pointeuse_Door1_Entrance Card Reader1,-,Original Records,-,-,-
'14,ASMAE BENAMAR,PANDORABOX,2022-12-24 13:09:04,None,pointeuse_Door1_Entrance Card Reader1,-,Original Records,-,-,-
'14,ASMAE BENAMAR,PANDORABOX,2022-12-27 18:02:35,None,pointeuse_Door1_Entrance Card Reader1,-,Original Records,-,-,-
'14,ASMAE BENAMAR,PANDORABOX,2022-12-29 18:02:06,None,pointeuse_Door1_Entrance Card Reader1,-,Original Records,-,-,-
'14,ASMAE BENAMAR,PANDORABOX,2022-12-31 14:57:29,None,pointeuse_Door1_Entrance Card Reader1,-,Original Records,-,-,-
'14,ASMAE BENAMAR,PANDORABOX,2023-01-03 17:52:41,None,pointeuse_Door1_Entrance Card Reader1,-,Original Records,-,-,-
'14,ASMAE BENAMAR,PANDORABOX,2023-01-07 16:53:41,None,pointeuse_Door1_Entrance Card Reader1,-,Original Records,-,-,-
'14,ASMAE BENAMAR,PANDORABOX,2023-01-07 16:53:43,None,pointeuse_Door1_Entrance Card Reader1,-,Original Records,-,-,-
'14,ASMAE BENAMAR,PANDORABOX,2023-01-07 16:53:47,None,pointeuse_Door1_Entrance Card Reader1,-,Original Records,-,-,-
'14,ASMAE BENAMAR,PANDORABOX,2023-01-07 16:53:54,None,pointeuse_Door1_Entrance Card Reader1,-,Original Records,-,-,-
'14,ASMAE BENAMAR,PANDORABOX,2023-01-07 16:53:55,None,pointeuse_Door1_Entrance Card Reader1,-,Original Records,-,-,-
'14,ASMAE BENAMAR,PANDORABOX,2023-01-07 16:54:04,None,pointeuse_Door1_Entrance Card Reader1,-,Original Records,-,-,-
'14,ASMAE BENAMAR,PANDORABOX,2023-01-10 17:53:58,None,pointeuse_Door1_Entrance Card Reader1,-,Original Records,-,-,-
'14,ASMAE BENAMAR,PANDORABOX,2023-01-12 18:08:59,None,pointeuse_Door1_Entrance Card Reader1,-,Original Records,-,-,-
'14,ASMAE BENAMAR,PANDORABOX,2023-01-15 16:03:01,None,pointeuse_Door1_Entrance Card Reader1,-,Original Records,-,-,-
'14,ASMAE BENAMAR,PANDORABOX,2023-01-17 17:36:08,None,pointeuse_Door1_Entrance Card Reader1,-,Original Records,-,-,-
'14,ASMAE BENAMAR,PANDORABOX,2023-01-20 17:29:05,None,pointeuse_Door1_Entrance Card Reader1,-,Original Records,-,-,-
'15,SOUFIAN TAIEBOUNE,PANDORABOX,2023-01-02 09:23:38,None,pointeuse_Door1_Entrance Card Reader1,-,Original Records,-,-,-
'15,SOUFIAN TAIEBOUNE,PANDORABOX,2023-01-02 14:30:41,None,pointeuse_Door1_Entrance Card Reader1,-,Original Records,-,-,-
'15,SOUFIAN TAIEBOUNE,PANDORABOX,2023-01-03 10:49:41,None,pointeuse_Door1_Entrance Card Reader1,-,Original Records,-,-,-
'15,SOUFIAN TAIEBOUNE,PANDORABOX,2023-01-03 15:09:09,None,pointeuse_Door1_Entrance Card Reader1,-,Original Records,-,-,-
'15,SOUFIAN TAIEBOUNE,PANDORABOX,2023-01-04 11:10:19,None,pointeuse_Door1_Entrance Card Reader1,-,Original Records,-,-,-
'15,SOUFIAN TAIEBOUNE,PANDORABOX,2023-01-04 21:56:41,None,pointeuse_Door1_Entrance Card Reader1,-,Original Records,-,-,-
'15,SOUFIAN TAIEBOUNE,PANDORABOX,2023-01-12 10:45:49,None,pointeuse_Door1_Entrance Card Reader1,-,Original Records,-,-,-
'15,SOUFIAN TAIEBOUNE,PANDORABOX,2023-01-12 17:04:06,None,pointeuse_Door1_Entrance Card Reader1,-,Original Records,-,-,-
'15,SOUFIAN TAIEBOUNE,PANDORABOX,2023-01-13 09:41:42,None,pointeuse_Door1_Entrance Card Reader1,-,Original Records,-,-,-
'15,SOUFIAN TAIEBOUNE,PANDORABOX,2023-01-13 16:39:31,None,pointeuse_Door1_Entrance Card Reader1,-,Original Records,-,-,-
'15,SOUFIAN TAIEBOUNE,PANDORABOX,2023-01-16 10:52:28,None,pointeuse_Door1_Entrance Card Reader1,-,Original Records,-,-,-
'15,SOUFIAN TAIEBOUNE,PANDORABOX,2023-01-16 15:38:51,None,pointeuse_Door1_Entrance Card Reader1,-,Original Records,-,-,-
'15,SOUFIAN TAIEBOUNE,PANDORABOX,2023-01-16 21:03:38,None,pointeuse_Door1_Entrance Card Reader1,-,Original Records,-,-,-
'15,SOUFIAN TAIEBOUNE,PANDORABOX,2023-01-19 14:10:50,None,pointeuse_Door1_Entrance Card Reader1,-,Original Records,-,-,-
'15,SOUFIAN TAIEBOUNE,PANDORABOX,2023-01-20 12:55:13,None,pointeuse_Door1_Entrance Card Reader1,-,Original Records,-,-,-
'15,SOUFIAN TAIEBOUNE,PANDORABOX,2023-01-23 10:45:31,None,pointeuse_Door1_Entrance Card Reader1,-,Original Records,-,-,-
'22,FIRDAOUSS HARMOUCH,PANDORABOX,2022-12-26 09:20:01,None,pointeuse_Door1_Entrance Card Reader1,-,Original Records,-,-,-
'22,FIRDAOUSS HARMOUCH,PANDORABOX,2022-12-26 13:36:13,None,pointeuse_Door1_Entrance Card Reader1,-,Original Records,-,-,-
'22,FIRDAOUSS HARMOUCH,PANDORABOX,2022-12-26 14:39:36,None,pointeuse_Door1_Entrance Card Reader1,-,Original Records,-,-,-
'22,FIRDAOUSS HARMOUCH,PANDORABOX,2022-12-26 18:37:58,None,pointeuse_Door1_Entrance Card Reader1,-,Original Records,-,-,-
'22,FIRDAOUSS HARMOUCH,PANDORABOX,2022-12-27 09:24:30,None,pointeuse_Door1_Entrance Card Reader1,-,Original Records,-,-,-
'22,FIRDAOUSS HARMOUCH,PANDORABOX,2022-12-27 13:41:54,None,pointeuse_Door1_Entrance Card Reader1,-,Original Records,-,-,-
'22,FIRDAOUSS HARMOUCH,PANDORABOX,2022-12-27 14:49:36,None,pointeuse_Door1_Entrance Card Reader1,-,Original Records,-,-,-
'22,FIRDAOUSS HARMOUCH,PANDORABOX,2022-12-27 18:34:55,None,pointeuse_Door1_Entrance Card Reader1,-,Original Records,-,-,-
'22,FIRDAOUSS HARMOUCH,PANDORABOX,2022-12-28 09:26:05,None,pointeuse_Door1_Entrance Card Reader1,-,Original Records,-,-,-
'22,FIRDAOUSS HARMOUCH,PANDORABOX,2022-12-28 13:45:16,None,pointeuse_Door1_Entrance Card Reader1,-,Original Records,-,-,-
'22,FIRDAOUSS HARMOUCH,PANDORABOX,2022-12-28 14:57:58,None,pointeuse_Door1_Entrance Card Reader1,-,Original Records,-,-,-
'22,FIRDAOUSS HARMOUCH,PANDORABOX,2022-12-28 18:50:45,None,pointeuse_Door1_Entrance Card Reader1,-,Original Records,-,-,-
'22,FIRDAOUSS HARMOUCH,PANDORABOX,2022-12-29 09:19:41,None,pointeuse_Door1_Entrance Card Reader1,-,Original Records,-,-,-
'22,FIRDAOUSS HARMOUCH,PANDORABOX,2022-12-29 13:35:35,None,pointeuse_Door1_Entrance Card Reader1,-,Original Records,-,-,-
'22,FIRDAOUSS HARMOUCH,PANDORABOX,2022-12-29 14:41:59,None,pointeuse_Door1_Entrance Card Reader1,-,Original Records,-,-,-
'22,FIRDAOUSS HARMOUCH,PANDORABOX,2022-12-29 18:28:00,None,pointeuse_Door1_Entrance Card Reader1,-,Original Records,-,-,-
'22,FIRDAOUSS HARMOUCH,PANDORABOX,2022-12-30 09:20:30,None,pointeuse_Door1_Entrance Card Reader1,-,Original Records,-,-,-
'22,FIRDAOUSS HARMOUCH,PANDORABOX,2022-12-30 13:45:42,None,pointeuse_Door1_Entrance Card Reader1,-,Original Records,-,-,-
'22,FIRDAOUSS HARMOUCH,PANDORABOX,2022-12-30 14:59:08,None,pointeuse_Door1_Entrance Card Reader1,-,Original Records,-,-,-
'22,FIRDAOUSS HARMOUCH,PANDORABOX,2022-12-30 18:11:49,None,pointeuse_Door1_Entrance Card Reader1,-,Original Records,-,-,-
'22,FIRDAOUSS HARMOUCH,PANDORABOX,2023-01-02 09:15:54,None,pointeuse_Door1_Entrance Card Reader1,-,Original Records,-,-,-
'22,FIRDAOUSS HARMOUCH,PANDORABOX,2023-01-02 13:08:12,None,pointeuse_Door1_Entrance Card Reader1,-,Original Records,-,-,-
'22,FIRDAOUSS HARMOUCH,PANDORABOX,2023-01-02 14:43:29,None,pointeuse_Door1_Entrance Card Reader1,-,Original Records,-,-,-
'22,FIRDAOUSS HARMOUCH,PANDORABOX,2023-01-02 18:31:31,None,pointeuse_Door1_Entrance Card Reader1,-,Original Records,-,-,-
'22,FIRDAOUSS HARMOUCH,PANDORABOX,2023-01-03 09:11:40,None,pointeuse_Door1_Entrance Card Reader1,-,Original Records,-,-,-
'22,FIRDAOUSS HARMOUCH,PANDORABOX,2023-01-03 13:51:29,None,pointeuse_Door1_Entrance Card Reader1,-,Original Records,-,-,-
'22,FIRDAOUSS HARMOUCH,PANDORABOX,2023-01-03 14:44:50,None,pointeuse_Door1_Entrance Card Reader1,-,Original Records,-,-,-
'22,FIRDAOUSS HARMOUCH,PANDORABOX,2023-01-03 18:03:27,None,pointeuse_Door1_Entrance Card Reader1,-,Original Records,-,-,-
'22,FIRDAOUSS HARMOUCH,PANDORABOX,2023-01-04 09:11:42,None,pointeuse_Door1_Entrance Card Reader1,-,Original Records,-,-,-
'22,FIRDAOUSS HARMOUCH,PANDORABOX,2023-01-04 13:14:51,None,pointeuse_Door1_Entrance Card Reader1,-,Original Records,-,-,-
'22,FIRDAOUSS HARMOUCH,PANDORABOX,2023-01-04 14:14:09,None,pointeuse_Door1_Entrance Card Reader1,-,Original Records,-,-,-
'22,FIRDAOUSS HARMOUCH,PANDORABOX,2023-01-04 18:00:33,None,pointeuse_Door1_Entrance Card Reader1,-,Original Records,-,-,-
'22,FIRDAOUSS HARMOUCH,PANDORABOX,2023-01-05 09:21:17,None,pointeuse_Door1_Entrance Card Reader1,-,Original Records,-,-,-
'22,FIRDAOUSS HARMOUCH,PANDORABOX,2023-01-05 13:49:40,None,pointeuse_Door1_Entrance Card Reader1,-,Original Records,-,-,-
'22,FIRDAOUSS HARMOUCH,PANDORABOX,2023-01-05 14:25:45,None,pointeuse_Door1_Entrance Card Reader1,-,Original Records,-,-,-
'22,FIRDAOUSS HARMOUCH,PANDORABOX,2023-01-05 18:11:22,None,pointeuse_Door1_Entrance Card Reader1,-,Original Records,-,-,-
'22,FIRDAOUSS HARMOUCH,PANDORABOX,2023-01-06 09:18:08,None,pointeuse_Door1_Entrance Card Reader1,-,Original Records,-,-,-
'22,FIRDAOUSS HARMOUCH,PANDORABOX,2023-01-06 13:53:31,None,pointeuse_Door1_Entrance Card Reader1,-,Original Records,-,-,-
'22,FIRDAOUSS HARMOUCH,PANDORABOX,2023-01-06 14:53:57,None,pointeuse_Door1_Entrance Card Reader1,-,Original Records,-,-,-
'22,FIRDAOUSS HARMOUCH,PANDORABOX,2023-01-06 18:25:01,None,pointeuse_Door1_Entrance Card Reader1,-,Original Records,-,-,-
'22,FIRDAOUSS HARMOUCH,PANDORABOX,2023-01-09 09:26:31,None,pointeuse_Door1_Entrance Card Reader1,-,Original Records,-,-,-
'22,FIRDAOUSS HARMOUCH,PANDORABOX,2023-01-09 14:52:33,None,pointeuse_Door1_Entrance Card Reader1,-,Original Records,-,-,-
'22,FIRDAOUSS HARMOUCH,PANDORABOX,2023-01-09 18:44:07,None,pointeuse_Door1_Entrance Card Reader1,-,Original Records,-,-,-
'22,FIRDAOUSS HARMOUCH,PANDORABOX,2023-01-10 09:15:28,None,pointeuse_Door1_Entrance Card Reader1,-,Original Records,-,-,-
'22,FIRDAOUSS HARMOUCH,PANDORABOX,2023-01-10 13:39:17,None,pointeuse_Door1_Entrance Card Reader1,-,Original Records,-,-,-
'22,FIRDAOUSS HARMOUCH,PANDORABOX,2023-01-10 14:46:07,None,pointeuse_Door1_Entrance Card Reader1,-,Original Records,-,-,-
'22,FIRDAOUSS HARMOUCH,PANDORABOX,2023-01-10 18:29:54,None,pointeuse_Door1_Entrance Card Reader1,-,Original Records,-,-,-
'22,FIRDAOUSS HARMOUCH,PANDORABOX,2023-01-12 09:20:25,None,pointeuse_Door1_Entrance Card Reader1,-,Original Records,-,-,-
'22,FIRDAOUSS HARMOUCH,PANDORABOX,2023-01-12 13:20:49,None,pointeuse_Door1_Entrance Card Reader1,-,Original Records,-,-,-
'22,FIRDAOUSS HARMOUCH,PANDORABOX,2023-01-12 15:12:27,None,pointeuse_Door1_Entrance Card Reader1,-,Original Records,-,-,-
'22,FIRDAOUSS HARMOUCH,PANDORABOX,2023-01-12 18:23:21,None,pointeuse_Door1_Entrance Card Reader1,-,Original Records,-,-,-
'22,FIRDAOUSS HARMOUCH,PANDORABOX,2023-01-13 09:38:44,None,pointeuse_Door1_Entrance Card Reader1,-,Original Records,-,-,-
'22,FIRDAOUSS HARMOUCH,PANDORABOX,2023-01-13 18:10:45,None,pointeuse_Door1_Entrance Card Reader1,-,Original Records,-,-,-
'22,FIRDAOUSS HARMOUCH,PANDORABOX,2023-01-16 09:02:25,None,pointeuse_Door1_Entrance Card Reader1,-,Original Records,-,-,-
'22,FIRDAOUSS HARMOUCH,PANDORABOX,2023-01-16 13:36:32,None,pointeuse_Door1_Entrance Card Reader1,-,Original Records,-,-,-
'22,FIRDAOUSS HARMOUCH,PANDORABOX,2023-01-16 14:26:56,None,pointeuse_Door1_Entrance Card Reader1,-,Original Records,-,-,-
'22,FIRDAOUSS HARMOUCH,PANDORABOX,2023-01-16 18:19:27,None,pointeuse_Door1_Entrance Card Reader1,-,Original Records,-,-,-
'22,FIRDAOUSS HARMOUCH,PANDORABOX,2023-01-17 09:26:09,None,pointeuse_Door1_Entrance Card Reader1,-,Original Records,-,-,-
'22,FIRDAOUSS HARMOUCH,PANDORABOX,2023-01-17 13:23:50,None,pointeuse_Door1_Entrance Card Reader1,-,Original Records,-,-,-
'22,FIRDAOUSS HARMOUCH,PANDORABOX,2023-01-17 14:35:18,None,pointeuse_Door1_Entrance Card Reader1,-,Original Records,-,-,-
'22,FIRDAOUSS HARMOUCH,PANDORABOX,2023-01-17 18:17:06,None,pointeuse_Door1_Entrance Card Reader1,-,Original Records,-,-,-
'22,FIRDAOUSS HARMOUCH,PANDORABOX,2023-01-18 09:28:56,None,pointeuse_Door1_Entrance Card Reader1,-,Original Records,-,-,-
'22,FIRDAOUSS HARMOUCH,PANDORABOX,2023-01-18 12:42:45,None,pointeuse_Door1_Entrance Card Reader1,-,Original Records,-,-,-
'22,FIRDAOUSS HARMOUCH,PANDORABOX,2023-01-18 13:42:48,None,pointeuse_Door1_Entrance Card Reader1,-,Original Records,-,-,-
'22,FIRDAOUSS HARMOUCH,PANDORABOX,2023-01-18 18:22:56,None,pointeuse_Door1_Entrance Card Reader1,-,Original Records,-,-,-
'22,FIRDAOUSS HARMOUCH,PANDORABOX,2023-01-19 09:34:59,None,pointeuse_Door1_Entrance Card Reader1,-,Original Records,-,-,-
'22,FIRDAOUSS HARMOUCH,PANDORABOX,2023-01-19 13:35:53,None,pointeuse_Door1_Entrance Card Reader1,-,Original Records,-,-,-
'22,FIRDAOUSS HARMOUCH,PANDORABOX,2023-01-19 14:35:55,None,pointeuse_Door1_Entrance Card Reader1,-,Original Records,-,-,-
'22,FIRDAOUSS HARMOUCH,PANDORABOX,2023-01-19 18:18:40,None,pointeuse_Door1_Entrance Card Reader1,-,Original Records,-,-,-
'22,FIRDAOUSS HARMOUCH,PANDORABOX,2023-01-20 09:20:25,None,pointeuse_Door1_Entrance Card Reader1,-,Original Records,-,-,-
'22,FIRDAOUSS HARMOUCH,PANDORABOX,2023-01-20 13:39:58,None,pointeuse_Door1_Entrance Card Reader1,-,Original Records,-,-,-
'22,FIRDAOUSS HARMOUCH,PANDORABOX,2023-01-20 14:30:46,None,pointeuse_Door1_Entrance Card Reader1,-,Original Records,-,-,-
'22,FIRDAOUSS HARMOUCH,PANDORABOX,2023-01-20 19:00:36,None,pointeuse_Door1_Entrance Card Reader1,-,Original Records,-,-,-
'22,FIRDAOUSS HARMOUCH,PANDORABOX,2023-01-21 09:49:01,None,pointeuse_Door1_Entrance Card Reader1,-,Original Records,-,-,-
'22,FIRDAOUSS HARMOUCH,PANDORABOX,2023-01-21 13:35:30,None,pointeuse_Door1_Entrance Card Reader1,-,Original Records,-,-,-
'22,FIRDAOUSS HARMOUCH,PANDORABOX,2023-01-21 14:59:46,None,pointeuse_Door1_Entrance Card Reader1,-,Original Records,-,-,-
'22,FIRDAOUSS HARMOUCH,PANDORABOX,2023-01-21 17:01:52,None,pointeuse_Door1_Entrance Card Reader1,-,Original Records,-,-,-
'22,FIRDAOUSS HARMOUCH,PANDORABOX,2023-01-23 09:34:35,None,pointeuse_Door1_Entrance Card Reader1,-,Original Records,-,-,-
'22,FIRDAOUSS HARMOUCH,PANDORABOX,2023-01-23 13:59:30,None,pointeuse_Door1_Entrance Card Reader1,-,Original Records,-,-,-
'22,FIRDAOUSS HARMOUCH,PANDORABOX,2023-01-23 15:02:18,None,pointeuse_Door1_Entrance Card Reader1,-,Original Records,-,-,-
'22,FIRDAOUSS HARMOUCH,PANDORABOX,2023-01-23 18:48:22,None,pointeuse_Door1_Entrance Card Reader1,-,Original Records,-,-,-
