Person ID,Name,Department,Time,Attendance Status,Attendance Check Point,Custom Name,Data Source,Handling Type,Temperature,Abnormal
'1,AHMED MACHT,PANDORABOX,2023-01-25 10:45:44,None,pointeuse_Door1_Entrance Card Reader1,-,Original Records,-,-,-
'1,AHMED MACHT,PANDORABOX,2023-01-25 13:37:48,None,pointeuse_Door1_Entrance Card Reader1,-,Original Records,-,-,-
'1,AHMED MACHT,PANDORABOX,2023-01-25 14:38:08,None,pointeuse_Door1_Entrance Card Reader1,-,Original Records,-,-,-
'1,AHMED MACHT,PANDORABOX,2023-01-25 18:20:14,None,pointeuse_Door1_Entrance Card Reader1,-,Original Records,-,-,-
'1,AHMED MACHT,PANDORABOX,2023-01-25 18:20:32,None,pointeuse_Door1_Entrance Card Reader1,-,Original Records,-,-,-
'1,AHMED MACHT,PANDORABOX,2023-01-25 21:28:19,None,pointeuse_Door1_Entrance Card Reader1,-,Original Records,-,-,-
'1,AHMED MACHT,PANDORABOX,2023-01-26 10:35:22,None,pointeuse_Door1_Entrance Card Reader1,-,Original Records,-,-,-
'1,AHMED MACHT,PANDORABOX,2023-01-26 13:18:58,None,pointeuse_Door1_Entrance Card Reader1,-,Original Records,-,-,-
'1,AHMED MACHT,PANDORABOX,2023-01-26 14:34:48,None,pointeuse_Door1_Entrance Card Reader1,-,Original Records,-,-,-
'1,AHMED MACHT,PANDORABOX,2023-01-26 18:38:22,None,pointeuse_Door1_Entrance Card Reader1,-,Original Records,-,-,-
'1,AHMED MACHT,PANDORABOX,2023-01-27 09:37:46,None,pointeuse_Door1_Entrance Card Reader1,-,Original Records,-,-,-
'1,AHMED MACHT,PANDORABOX,2023-01-27 14:15:07,None,pointeuse_Door1_Entrance Card Reader1,-,Original Records,-,-,-
'1,AHMED MACHT,PANDORABOX,2023-01-27 15:23:15,None,pointeuse_Door1_Entrance Card Reader1,-,Original Records,-,-,-
'1,AHMED MACHT,PANDORABOX,2023-01-28 09:56:06,None,pointeuse_Door1_Entrance Card Reader1,-,Original Records,-,-,-
'1,AHMED MACHT,PANDORABOX,2023-01-28 14:22:42,None,pointeuse_Door1_Entrance Card Reader1,-,Original Records,-,-,-
'1,AHMED MACHT,PANDORABOX,2023-01-30 09:35:10,None,pointeuse_Door1_Entrance Card Reader1,-,Original Records,-,-,-
'1,AHMED MACHT,PANDORABOX,2023-01-30 13:16:38,None,pointeuse_Door1_Entrance Card Reader1,-,Original Records,-,-,-
'1,AHMED MACHT,PANDORABOX,2023-01-30 14:33:29,None,pointeuse_Door1_Entrance Card Reader1,-,Original Records,-,-,-
'1,AHMED MACHT,PANDORABOX,2023-01-30 18:45:13,None,pointeuse_Door1_Entrance Card Reader1,-,Original Records,-,-,-
'1,AHMED MACHT,PANDORABOX,2023-01-31 09:46:12,None,pointeuse_Door1_Entrance Card Reader1,-,Original Records,-,-,-
'1,AHMED MACHT,PANDORABOX,2023-01-31 13:27:51,None,pointeuse_Door1_Entrance Card Reader1,-,Original Records,-,-,-
'1,AHMED MACHT,PANDORABOX,2023-01-31 14:29:20,None,pointeuse_Door1_Entrance Card Reader1,-,Original Records,-,-,-
'1,AHMED MACHT,PANDORABOX,2023-01-31 18:50:04,None,pointeuse_Door1_Entrance Card Reader1,-,Original Records,-,-,-
'1,AHMED MACHT,PANDORABOX,2023-02-01 09:45:10,None,pointeuse_Door1_Entrance Card Reader1,-,Original Records,-,-,-
'1,AHMED MACHT,PANDORABOX,2023-02-01 13:19:14,None,pointeuse_Door1_Entrance Card Reader1,-,Original Records,-,-,-
'1,AHMED MACHT,PANDORABOX,2023-02-01 14:19:46,None,pointeuse_Door1_Entrance Card Reader1,-,Original Records,-,-,-
'1,AHMED MACHT,PANDORABOX,2023-02-01 18:30:35,None,pointeuse_Door1_Entrance Card Reader1,-,Original Records,-,-,-
'1,AHMED MACHT,PANDORABOX,2023-02-02 09:44:14,None,pointeuse_Door1_Entrance Card Reader1,-,Original Records,-,-,-
'1,AHMED MACHT,PANDORABOX,2023-02-02 13:18:28,None,pointeuse_Door1_Entrance Card Reader1,-,Original Records,-,-,-
'1,AHMED MACHT,PANDORABOX,2023-02-02 13:20:54,None,pointeuse_Door1_Entrance Card Reader1,-,Original Records,-,-,-
'1,AHMED MACHT,PANDORABOX,2023-02-02 13:21:07,None,pointeuse_Door1_Entrance Card Reader1,-,Original Records,-,-,-
'1,AHMED MACHT,PANDORABOX,2023-02-02 14:35:06,None,pointeuse_Door1_Entrance Card Reader1,-,Original Records,-,-,-
'1,AHMED MACHT,PANDORABOX,2023-02-02 18:39:17,None,pointeuse_Door1_Entrance Card Reader1,-,Original Records,-,-,-
'1,AHMED MACHT,PANDORABOX,2023-02-03 09:23:27,None,pointeuse_Door1_Entrance Card Reader1,-,Original Records,-,-,-
'1,AHMED MACHT,PANDORABOX,2023-02-03 14:00:32,None,pointeuse_Door1_Entrance Card Reader1,-,Original Records,-,-,-
'1,AHMED MACHT,PANDORABOX,2023-02-03 15:04:03,None,pointeuse_Door1_Entrance Card Reader1,-,Original Records,-,-,-
'1,AHMED MACHT,PANDORABOX,2023-02-03 21:47:36,None,pointeuse_Door1_Entrance Card Reader1,-,Original Records,-,-,-
'1,AHMED MACHT,PANDORABOX,2023-02-04 10:54:00,None,pointeuse_Door1_Entrance Card Reader1,-,Original Records,-,-,-
'1,AHMED MACHT,PANDORABOX,2023-02-04 14:59:45,None,pointeuse_Door1_Entrance Card Reader1,-,Original Records,-,-,-
'1,AHMED MACHT,PANDORABOX,2023-02-06 09:41:43,None,pointeuse_Door1_Entrance Card Reader1,-,Original Records,-,-,-
'1,AHMED MACHT,PANDORABOX,2023-02-06 13:17:13,None,pointeuse_Door1_Entrance Card Reader1,-,Original Records,-,-,-
'1,AHMED MACHT,PANDORABOX,2023-02-06 14:14:35,None,pointeuse_Door1_Entrance Card Reader1,-,Original Records,-,-,-
'1,AHMED MACHT,PANDORABOX,2023-02-06 18:33:37,None,pointeuse_Door1_Entrance Card Reader1,-,Original Records,-,-,-
'1,AHMED MACHT,PANDORABOX,2023-02-07 10:17:32,None,pointeuse_Door1_Entrance Card Reader1,-,Original Records,-,-,-
'1,AHMED MACHT,PANDORABOX,2023-02-07 13:57:23,None,pointeuse_Door1_Entrance Card Reader1,-,Original Records,-,-,-
'1,AHMED MACHT,PANDORABOX,2023-02-07 15:08:33,None,pointeuse_Door1_Entrance Card Reader1,-,Original Records,-,-,-
'1,AHMED MACHT,PANDORABOX,2023-02-07 19:00:41,None,pointeuse_Door1_Entrance Card Reader1,-,Original Records,-,-,-
'1,AHMED MACHT,PANDORABOX,2023-02-10 10:04:48,None,pointeuse_Door1_Entrance Card Reader1,-,Original Records,-,-,-
'1,AHMED MACHT,PANDORABOX,2023-02-10 13:50:35,None,pointeuse_Door1_Entrance Card Reader1,-,Original Records,-,-,-
'1,AHMED MACHT,PANDORABOX,2023-02-10 15:03:24,None,pointeuse_Door1_Entrance Card Reader1,-,Original Records,-,-,-
'1,AHMED MACHT,PANDORABOX,2023-02-10 19:42:24,None,pointeuse_Door1_Entrance Card Reader1,-,Original Records,-,-,-
'1,AHMED MACHT,PANDORABOX,2023-02-11 10:38:26,None,pointeuse_Door1_Entrance Card Reader1,-,Original Records,-,-,-
'1,AHMED MACHT,PANDORABOX,2023-02-11 13:58:44,None,pointeuse_Door1_Entrance Card Reader1,-,Original Records,-,-,-
'1,AHMED MACHT,PANDORABOX,2023-02-11 15:16:48,None,pointeuse_Door1_Entrance Card Reader1,-,Original Records,-,-,-
'1,AHMED MACHT,PANDORABOX,2023-02-11 18:40:38,None,pointeuse_Door1_Entrance Card Reader1,-,Original Records,-,-,-
'1,AHMED MACHT,PANDORABOX,2023-02-12 09:49:59,None,pointeuse_Door1_Entrance Card Reader1,-,Original Records,-,-,-
'1,AHMED MACHT,PANDORABOX,2023-02-12 10:46:08,None,pointeuse_Door1_Entrance Card Reader1,-,Original Records,-,-,-
'1,AHMED MACHT,PANDORABOX,2023-02-12 11:03:53,None,pointeuse_Door1_Entrance Card Reader1,-,Original Records,-,-,-
'1,AHMED MACHT,PANDORABOX,2023-02-12 14:07:42,None,pointeuse_Door1_Entrance Card Reader1,-,Original Records,-,-,-
'1,AHMED MACHT,PANDORABOX,2023-02-12 15:05:09,None,pointeuse_Door1_Entrance Card Reader1,-,Original Records,-,-,-
'1,AHMED MACHT,PANDORABOX,2023-02-12 18:36:14,None,pointeuse_Door1_Entrance Card Reader1,-,Original Records,-,-,-
'1,AHMED MACHT,PANDORABOX,2023-02-13 09:36:55,None,pointeuse_Door1_Entrance Card Reader1,-,Original Records,-,-,-
'1,AHMED MACHT,PANDORABOX,2023-02-13 13:28:12,None,pointeuse_Door1_Entrance Card Reader1,-,Original Records,-,-,-
'1,AHMED MACHT,PANDORABOX,2023-02-13 14:27:46,None,pointeuse_Door1_Entrance Card Reader1,-,Original Records,-,-,-
'1,AHMED MACHT,PANDORABOX,2023-02-13 18:48:02,None,pointeuse_Door1_Entrance Card Reader1,-,Original Records,-,-,-
'1,AHMED MACHT,PANDORABOX,2023-02-14 09:57:07,None,pointeuse_Door1_Entrance Card Reader1,-,Original Records,-,-,-
'1,AHMED MACHT,PANDORABOX,2023-02-14 13:27:08,None,pointeuse_Door1_Entrance Card Reader1,-,Original Records,-,-,-
'1,AHMED MACHT,PANDORABOX,2023-02-14 14:36:44,None,pointeuse_Door1_Entrance Card Reader1,-,Original Records,-,-,-
'1,AHMED MACHT,PANDORABOX,2023-02-14 18:36:29,None,pointeuse_Door1_Entrance Card Reader1,-,Original Records,-,-,-
'1,AHMED MACHT,PANDORABOX,2023-02-15 09:37:56,None,pointeuse_Door1_Entrance Card Reader1,-,Original Records,-,-,-
'1,AHMED MACHT,PANDORABOX,2023-02-15 13:20:56,None,pointeuse_Door1_Entrance Card Reader1,-,Original Records,-,-,-
'1,AHMED MACHT,PANDORABOX,2023-02-15 14:28:20,None,pointeuse_Door1_Entrance Card Reader1,-,Original Records,-,-,-
'1,AHMED MACHT,PANDORABOX,2023-02-15 18:26:15,None,pointeuse_Door1_Entrance Card Reader1,-,Original Records,-,-,-
'1,AHMED MACHT,PANDORABOX,2023-02-15 18:26:51,None,pointeuse_Door1_Entrance Card Reader1,-,Original Records,-,-,-
'1,AHMED MACHT,PANDORABOX,2023-02-15 18:27:06,None,pointeuse_Door1_Entrance Card Reader1,-,Original Records,-,-,-
'1,AHMED MACHT,PANDORABOX,2023-02-17 09:41:11,None,pointeuse_Door1_Entrance Card Reader1,-,Original Records,-,-,-
'1,AHMED MACHT,PANDORABOX,2023-02-17 10:09:00,None,pointeuse_Door1_Entrance Card Reader1,-,Original Records,-,-,-
'1,AHMED MACHT,PANDORABOX,2023-02-17 10:23:45,None,pointeuse_Door1_Entrance Card Reader1,-,Original Records,-,-,-
'1,AHMED MACHT,PANDORABOX,2023-02-17 14:13:26,None,pointeuse_Door1_Entrance Card Reader1,-,Original Records,-,-,-
'1,AHMED MACHT,PANDORABOX,2023-02-17 15:21:17,None,pointeuse_Door1_Entrance Card Reader1,-,Original Records,-,-,-
'1,AHMED MACHT,PANDORABOX,2023-02-17 18:44:05,None,pointeuse_Door1_Entrance Card Reader1,-,Original Records,-,-,-
'1,AHMED MACHT,PANDORABOX,2023-02-18 10:03:39,None,pointeuse_Door1_Entrance Card Reader1,-,Original Records,-,-,-
'1,AHMED MACHT,PANDORABOX,2023-02-18 11:08:54,None,pointeuse_Door1_Entrance Card Reader1,-,Original Records,-,-,-
'1,AHMED MACHT,PANDORABOX,2023-02-18 11:18:16,None,pointeuse_Door1_Entrance Card Reader1,-,Original Records,-,-,-
'1,AHMED MACHT,PANDORABOX,2023-02-18 14:57:45,None,pointeuse_Door1_Entrance Card Reader1,-,Original Records,-,-,-
'1,AHMED MACHT,PANDORABOX,2023-02-18 15:34:02,None,pointeuse_Door1_Entrance Card Reader1,-,Original Records,-,-,-
'1,AHMED MACHT,PANDORABOX,2023-02-18 18:40:26,None,pointeuse_Door1_Entrance Card Reader1,-,Original Records,-,-,-
'1,AHMED MACHT,PANDORABOX,2023-02-22 09:06:10,None,pointeuse_Door1_Entrance Card Reader1,-,Original Records,-,-,-
'1,AHMED MACHT,PANDORABOX,2023-02-22 10:19:44,None,pointeuse_Door1_Entrance Card Reader1,-,Original Records,-,-,-
'1,AHMED MACHT,PANDORABOX,2023-02-22 10:30:03,None,pointeuse_Door1_Entrance Card Reader1,-,Original Records,-,-,-
'1,AHMED MACHT,PANDORABOX,2023-02-22 14:14:31,None,pointeuse_Door1_Entrance Card Reader1,-,Original Records,-,-,-
'1,AHMED MACHT,PANDORABOX,2023-02-22 15:22:15,None,pointeuse_Door1_Entrance Card Reader1,-,Original Records,-,-,-
'1,AHMED MACHT,PANDORABOX,2023-02-22 18:06:53,None,pointeuse_Door1_Entrance Card Reader1,-,Original Records,-,-,-
'3,CHAIMAE BENJELLOUN,PANDORABOX,2023-01-24 09:38:16,None,pointeuse_Door1_Entrance Card Reader1,-,Original Records,-,-,-
'3,CHAIMAE BENJELLOUN,PANDORABOX,2023-01-24 12:08:25,None,pointeuse_Door1_Entrance Card Reader1,-,Original Records,-,-,-
'3,CHAIMAE BENJELLOUN,PANDORABOX,2023-01-24 19:05:10,None,pointeuse_Door1_Entrance Card Reader1,-,Original Records,-,-,-
'3,CHAIMAE BENJELLOUN,PANDORABOX,2023-01-25 09:34:47,None,pointeuse_Door1_Entrance Card Reader1,-,Original Records,-,-,-
'3,CHAIMAE BENJELLOUN,PANDORABOX,2023-01-25 15:23:30,None,pointeuse_Door1_Entrance Card Reader1,-,Original Records,-,-,-
'3,CHAIMAE BENJELLOUN,PANDORABOX,2023-01-25 18:05:48,None,pointeuse_Door1_Entrance Card Reader1,-,Original Records,-,-,-
'3,CHAIMAE BENJELLOUN,PANDORABOX,2023-01-25 19:28:09,None,pointeuse_Door1_Entrance Card Reader1,-,Original Records,-,-,-
'3,CHAIMAE BENJELLOUN,PANDORABOX,2023-01-26 09:38:05,None,pointeuse_Door1_Entrance Card Reader1,-,Original Records,-,-,-
'3,CHAIMAE BENJELLOUN,PANDORABOX,2023-01-26 13:21:26,None,pointeuse_Door1_Entrance Card Reader1,-,Original Records,-,-,-
'3,CHAIMAE BENJELLOUN,PANDORABOX,2023-01-26 14:34:55,None,pointeuse_Door1_Entrance Card Reader1,-,Original Records,-,-,-
'3,CHAIMAE BENJELLOUN,PANDORABOX,2023-01-26 18:39:39,None,pointeuse_Door1_Entrance Card Reader1,-,Original Records,-,-,-
'3,CHAIMAE BENJELLOUN,PANDORABOX,2023-01-27 09:32:22,None,pointeuse_Door1_Entrance Card Reader1,-,Original Records,-,-,-
'3,CHAIMAE BENJELLOUN,PANDORABOX,2023-01-27 13:52:31,None,pointeuse_Door1_Entrance Card Reader1,-,Original Records,-,-,-
'3,CHAIMAE BENJELLOUN,PANDORABOX,2023-01-27 15:23:11,None,pointeuse_Door1_Entrance Card Reader1,-,Original Records,-,-,-
'3,CHAIMAE BENJELLOUN,PANDORABOX,2023-01-27 18:19:59,None,pointeuse_Door1_Entrance Card Reader1,-,Original Records,-,-,-
'3,CHAIMAE BENJELLOUN,PANDORABOX,2023-01-30 09:28:38,None,pointeuse_Door1_Entrance Card Reader1,-,Original Records,-,-,-
'3,CHAIMAE BENJELLOUN,PANDORABOX,2023-01-30 13:30:37,None,pointeuse_Door1_Entrance Card Reader1,-,Original Records,-,-,-
'3,CHAIMAE BENJELLOUN,PANDORABOX,2023-01-30 14:38:43,None,pointeuse_Door1_Entrance Card Reader1,-,Original Records,-,-,-
'3,CHAIMAE BENJELLOUN,PANDORABOX,2023-01-30 18:46:15,None,pointeuse_Door1_Entrance Card Reader1,-,Original Records,-,-,-
'3,CHAIMAE BENJELLOUN,PANDORABOX,2023-01-31 09:34:25,None,pointeuse_Door1_Entrance Card Reader1,-,Original Records,-,-,-
'3,CHAIMAE BENJELLOUN,PANDORABOX,2023-01-31 13:47:39,None,pointeuse_Door1_Entrance Card Reader1,-,Original Records,-,-,-
'3,CHAIMAE BENJELLOUN,PANDORABOX,2023-01-31 14:56:22,None,pointeuse_Door1_Entrance Card Reader1,-,Original Records,-,-,-
'3,CHAIMAE BENJELLOUN,PANDORABOX,2023-01-31 19:55:08,None,pointeuse_Door1_Entrance Card Reader1,-,Original Records,-,-,-
'3,CHAIMAE BENJELLOUN,PANDORABOX,2023-02-01 09:37:20,None,pointeuse_Door1_Entrance Card Reader1,-,Original Records,-,-,-
'3,CHAIMAE BENJELLOUN,PANDORABOX,2023-02-01 13:25:35,None,pointeuse_Door1_Entrance Card Reader1,-,Original Records,-,-,-
'3,CHAIMAE BENJELLOUN,PANDORABOX,2023-02-01 14:39:35,None,pointeuse_Door1_Entrance Card Reader1,-,Original Records,-,-,-
'3,CHAIMAE BENJELLOUN,PANDORABOX,2023-02-01 14:39:36,None,pointeuse_Door1_Entrance Card Reader1,-,Original Records,-,-,-
'3,CHAIMAE BENJELLOUN,PANDORABOX,2023-02-01 18:17:45,None,pointeuse_Door1_Entrance Card Reader1,-,Original Records,-,-,-
'3,CHAIMAE BENJELLOUN,PANDORABOX,2023-02-02 09:37:53,None,pointeuse_Door1_Entrance Card Reader1,-,Original Records,-,-,-
'3,CHAIMAE BENJELLOUN,PANDORABOX,2023-02-02 13:47:05,None,pointeuse_Door1_Entrance Card Reader1,-,Original Records,-,-,-
'3,CHAIMAE BENJELLOUN,PANDORABOX,2023-02-02 15:11:11,None,pointeuse_Door1_Entrance Card Reader1,-,Original Records,-,-,-
'3,CHAIMAE BENJELLOUN,PANDORABOX,2023-02-02 18:15:59,None,pointeuse_Door1_Entrance Card Reader1,-,Original Records,-,-,-
'3,CHAIMAE BENJELLOUN,PANDORABOX,2023-02-06 09:33:20,None,pointeuse_Door1_Entrance Card Reader1,-,Original Records,-,-,-
'3,CHAIMAE BENJELLOUN,PANDORABOX,2023-02-06 13:46:17,None,pointeuse_Door1_Entrance Card Reader1,-,Original Records,-,-,-
'3,CHAIMAE BENJELLOUN,PANDORABOX,2023-02-06 15:05:37,None,pointeuse_Door1_Entrance Card Reader1,-,Original Records,-,-,-
'3,CHAIMAE BENJELLOUN,PANDORABOX,2023-02-06 19:27:59,None,pointeuse_Door1_Entrance Card Reader1,-,Original Records,-,-,-
'3,CHAIMAE BENJELLOUN,PANDORABOX,2023-02-07 09:48:14,None,pointeuse_Door1_Entrance Card Reader1,-,Original Records,-,-,-
'3,CHAIMAE BENJELLOUN,PANDORABOX,2023-02-07 13:53:30,None,pointeuse_Door1_Entrance Card Reader1,-,Original Records,-,-,-
'3,CHAIMAE BENJELLOUN,PANDORABOX,2023-02-07 15:05:03,None,pointeuse_Door1_Entrance Card Reader1,-,Original Records,-,-,-
'3,CHAIMAE BENJELLOUN,PANDORABOX,2023-02-07 18:47:08,None,pointeuse_Door1_Entrance Card Reader1,-,Original Records,-,-,-
'3,CHAIMAE BENJELLOUN,PANDORABOX,2023-02-08 09:31:42,None,pointeuse_Door1_Entrance Card Reader1,-,Original Records,-,-,-
'3,CHAIMAE BENJELLOUN,PANDORABOX,2023-02-08 13:50:27,None,pointeuse_Door1_Entrance Card Reader1,-,Original Records,-,-,-
'3,CHAIMAE BENJELLOUN,PANDORABOX,2023-02-08 15:04:40,None,pointeuse_Door1_Entrance Card Reader1,-,Original Records,-,-,-
'3,CHAIMAE BENJELLOUN,PANDORABOX,2023-02-08 18:58:47,None,pointeuse_Door1_Entrance Card Reader1,-,Original Records,-,-,-
'3,CHAIMAE BENJELLOUN,PANDORABOX,2023-02-09 09:36:34,None,pointeuse_Door1_Entrance Card Reader1,-,Original Records,-,-,-
'3,CHAIMAE BENJELLOUN,PANDORABOX,2023-02-09 13:21:29,None,pointeuse_Door1_Entrance Card Reader1,-,Original Records,-,-,-
'3,CHAIMAE BENJELLOUN,PANDORABOX,2023-02-09 14:34:59,None,pointeuse_Door1_Entrance Card Reader1,-,Original Records,-,-,-
'3,CHAIMAE BENJELLOUN,PANDORABOX,2023-02-09 18:48:02,None,pointeuse_Door1_Entrance Card Reader1,-,Original Records,-,-,-
'3,CHAIMAE BENJELLOUN,PANDORABOX,2023-02-10 09:42:08,None,pointeuse_Door1_Entrance Card Reader1,-,Original Records,-,-,-
'3,CHAIMAE BENJELLOUN,PANDORABOX,2023-02-10 13:50:41,None,pointeuse_Door1_Entrance Card Reader1,-,Original Records,-,-,-
'3,CHAIMAE BENJELLOUN,PANDORABOX,2023-02-10 15:03:28,None,pointeuse_Door1_Entrance Card Reader1,-,Original Records,-,-,-
'3,CHAIMAE BENJELLOUN,PANDORABOX,2023-02-10 18:33:17,None,pointeuse_Door1_Entrance Card Reader1,-,Original Records,-,-,-
'3,CHAIMAE BENJELLOUN,PANDORABOX,2023-02-13 09:39:27,None,pointeuse_Door1_Entrance Card Reader1,-,Original Records,-,-,-
'3,CHAIMAE BENJELLOUN,PANDORABOX,2023-02-13 13:36:34,None,pointeuse_Door1_Entrance Card Reader1,-,Original Records,-,-,-
'3,CHAIMAE BENJELLOUN,PANDORABOX,2023-02-13 15:02:10,None,pointeuse_Door1_Entrance Card Reader1,-,Original Records,-,-,-
'3,CHAIMAE BENJELLOUN,PANDORABOX,2023-02-13 19:03:52,None,pointeuse_Door1_Entrance Card Reader1,-,Original Records,-,-,-
'3,CHAIMAE BENJELLOUN,PANDORABOX,2023-02-14 10:10:28,None,pointeuse_Door1_Entrance Card Reader1,-,Original Records,-,-,-
'3,CHAIMAE BENJELLOUN,PANDORABOX,2023-02-14 13:32:17,None,pointeuse_Door1_Entrance Card Reader1,-,Original Records,-,-,-
'3,CHAIMAE BENJELLOUN,PANDORABOX,2023-02-14 14:49:11,None,pointeuse_Door1_Entrance Card Reader1,-,Original Records,-,-,-
'3,CHAIMAE BENJELLOUN,PANDORABOX,2023-02-14 19:13:42,None,pointeuse_Door1_Entrance Card Reader1,-,Original Records,-,-,-
'3,CHAIMAE BENJELLOUN,PANDORABOX,2023-02-15 09:34:42,None,pointeuse_Door1_Entrance Card Reader1,-,Original Records,-,-,-
'3,CHAIMAE BENJELLOUN,PANDORABOX,2023-02-15 13:43:40,None,pointeuse_Door1_Entrance Card Reader1,-,Original Records,-,-,-
'3,CHAIMAE BENJELLOUN,PANDORABOX,2023-02-15 14:58:25,None,pointeuse_Door1_Entrance Card Reader1,-,Original Records,-,-,-
'3,CHAIMAE BENJELLOUN,PANDORABOX,2023-02-15 18:22:58,None,pointeuse_Door1_Entrance Card Reader1,-,Original Records,-,-,-
'3,CHAIMAE BENJELLOUN,PANDORABOX,2023-02-16 09:29:16,None,pointeuse_Door1_Entrance Card Reader1,-,Original Records,-,-,-
'3,CHAIMAE BENJELLOUN,PANDORABOX,2023-02-16 14:02:19,None,pointeuse_Door1_Entrance Card Reader1,-,Original Records,-,-,-
'3,CHAIMAE BENJELLOUN,PANDORABOX,2023-02-16 15:07:12,None,pointeuse_Door1_Entrance Card Reader1,-,Original Records,-,-,-
'3,CHAIMAE BENJELLOUN,PANDORABOX,2023-02-16 18:42:32,None,pointeuse_Door1_Entrance Card Reader1,-,Original Records,-,-,-
'3,CHAIMAE BENJELLOUN,PANDORABOX,2023-02-17 09:17:36,None,pointeuse_Door1_Entrance Card Reader1,-,Original Records,-,-,-
'3,CHAIMAE BENJELLOUN,PANDORABOX,2023-02-17 13:33:33,None,pointeuse_Door1_Entrance Card Reader1,-,Original Records,-,-,-
'3,CHAIMAE BENJELLOUN,PANDORABOX,2023-02-17 14:52:21,None,pointeuse_Door1_Entrance Card Reader1,-,Original Records,-,-,-
'3,CHAIMAE BENJELLOUN,PANDORABOX,2023-02-17 19:19:25,None,pointeuse_Door1_Entrance Card Reader1,-,Original Records,-,-,-
'3,CHAIMAE BENJELLOUN,PANDORABOX,2023-02-20 09:28:43,None,pointeuse_Door1_Entrance Card Reader1,-,Original Records,-,-,-
'3,CHAIMAE BENJELLOUN,PANDORABOX,2023-02-20 14:06:06,None,pointeuse_Door1_Entrance Card Reader1,-,Original Records,-,-,-
'3,CHAIMAE BENJELLOUN,PANDORABOX,2023-02-20 15:16:09,None,pointeuse_Door1_Entrance Card Reader1,-,Original Records,-,-,-
'3,CHAIMAE BENJELLOUN,PANDORABOX,2023-02-20 18:50:37,None,pointeuse_Door1_Entrance Card Reader1,-,Original Records,-,-,-
'3,CHAIMAE BENJELLOUN,PANDORABOX,2023-02-20 19:02:49,None,pointeuse_Door1_Entrance Card Reader1,-,Original Records,-,-,-
'3,CHAIMAE BENJELLOUN,PANDORABOX,2023-02-21 09:29:43,None,pointeuse_Door1_Entrance Card Reader1,-,Original Records,-,-,-
'3,CHAIMAE BENJELLOUN,PANDORABOX,2023-02-21 13:49:44,None,pointeuse_Door1_Entrance Card Reader1,-,Original Records,-,-,-
'3,CHAIMAE BENJELLOUN,PANDORABOX,2023-02-21 14:59:51,None,pointeuse_Door1_Entrance Card Reader1,-,Original Records,-,-,-
'3,CHAIMAE BENJELLOUN,PANDORABOX,2023-02-21 18:45:21,None,pointeuse_Door1_Entrance Card Reader1,-,Original Records,-,-,-
'3,CHAIMAE BENJELLOUN,PANDORABOX,2023-02-22 09:30:03,None,pointeuse_Door1_Entrance Card Reader1,-,Original Records,-,-,-
'3,CHAIMAE BENJELLOUN,PANDORABOX,2023-02-22 13:53:11,None,pointeuse_Door1_Entrance Card Reader1,-,Original Records,-,-,-
'3,CHAIMAE BENJELLOUN,PANDORABOX,2023-02-22 15:13:48,None,pointeuse_Door1_Entrance Card Reader1,-,Original Records,-,-,-
'3,CHAIMAE BENJELLOUN,PANDORABOX,2023-02-22 18:58:52,None,pointeuse_Door1_Entrance Card Reader1,-,Original Records,-,-,-
'3,CHAIMAE BENJELLOUN,PANDORABOX,2023-02-23 09:26:20,None,pointeuse_Door1_Entrance Card Reader1,-,Original Records,-,-,-
'3,CHAIMAE BENJELLOUN,PANDORABOX,2023-02-23 14:10:34,None,pointeuse_Door1_Entrance Card Reader1,-,Original Records,-,-,-
'3,CHAIMAE BENJELLOUN,PANDORABOX,2023-02-23 14:13:53,None,pointeuse_Door1_Entrance Card Reader1,-,Original Records,-,-,-
'3,CHAIMAE BENJELLOUN,PANDORABOX,2023-02-23 15:22:01,None,pointeuse_Door1_Entrance Card Reader1,-,Original Records,-,-,-
'3,CHAIMAE BENJELLOUN,PANDORABOX,2023-02-23 18:42:16,None,pointeuse_Door1_Entrance Card Reader1,-,Original Records,-,-,-
'3,CHAIMAE BENJELLOUN,PANDORABOX,2023-02-23 18:43:20,None,pointeuse_Door1_Entrance Card Reader1,-,Original Records,-,-,-
'4,Bounkoub Hamza,PANDORABOX,2023-01-26 09:21:11,None,pointeuse_Door1_Entrance Card Reader1,-,Original Records,-,-,-
'4,Bounkoub Hamza,PANDORABOX,2023-01-26 13:14:04,None,pointeuse_Door1_Entrance Card Reader1,-,Original Records,-,-,-
'4,Bounkoub Hamza,PANDORABOX,2023-01-26 14:31:18,None,pointeuse_Door1_Entrance Card Reader1,-,Original Records,-,-,-
'4,Bounkoub Hamza,PANDORABOX,2023-01-26 15:05:10,None,pointeuse_Door1_Entrance Card Reader1,-,Original Records,-,-,-
'4,Bounkoub Hamza,PANDORABOX,2023-01-26 15:08:05,None,pointeuse_Door1_Entrance Card Reader1,-,Original Records,-,-,-
'4,Bounkoub Hamza,PANDORABOX,2023-01-26 18:30:08,None,pointeuse_Door1_Entrance Card Reader1,-,Original Records,-,-,-
'4,Bounkoub Hamza,PANDORABOX,2023-01-27 10:03:24,None,pointeuse_Door1_Entrance Card Reader1,-,Original Records,-,-,-
'4,Bounkoub Hamza,PANDORABOX,2023-01-27 13:34:03,None,pointeuse_Door1_Entrance Card Reader1,-,Original Records,-,-,-
'4,Bounkoub Hamza,PANDORABOX,2023-01-27 15:24:57,None,pointeuse_Door1_Entrance Card Reader1,-,Original Records,-,-,-
'4,Bounkoub Hamza,PANDORABOX,2023-01-27 18:02:34,None,pointeuse_Door1_Entrance Card Reader1,-,Original Records,-,-,-
'4,Bounkoub Hamza,PANDORABOX,2023-01-30 09:37:54,None,pointeuse_Door1_Entrance Card Reader1,-,Original Records,-,-,-
'4,Bounkoub Hamza,PANDORABOX,2023-01-30 11:58:08,None,pointeuse_Door1_Entrance Card Reader1,-,Original Records,-,-,-
'4,Bounkoub Hamza,PANDORABOX,2023-01-30 12:36:49,None,pointeuse_Door1_Entrance Card Reader1,-,Original Records,-,-,-
'4,Bounkoub Hamza,PANDORABOX,2023-01-30 13:16:25,None,pointeuse_Door1_Entrance Card Reader1,-,Original Records,-,-,-
'4,Bounkoub Hamza,PANDORABOX,2023-01-30 14:33:37,None,pointeuse_Door1_Entrance Card Reader1,-,Original Records,-,-,-
'4,Bounkoub Hamza,PANDORABOX,2023-01-30 15:54:41,None,pointeuse_Door1_Entrance Card Reader1,-,Original Records,-,-,-
'4,Bounkoub Hamza,PANDORABOX,2023-01-30 19:48:33,None,pointeuse_Door1_Entrance Card Reader1,-,Original Records,-,-,-
'4,Bounkoub Hamza,PANDORABOX,2023-01-31 09:28:50,None,pointeuse_Door1_Entrance Card Reader1,-,Original Records,-,-,-
'4,Bounkoub Hamza,PANDORABOX,2023-01-31 13:57:01,None,pointeuse_Door1_Entrance Card Reader1,-,Original Records,-,-,-
'4,Bounkoub Hamza,PANDORABOX,2023-01-31 15:30:58,None,pointeuse_Door1_Entrance Card Reader1,-,Original Records,-,-,-
'4,Bounkoub Hamza,PANDORABOX,2023-01-31 21:37:01,None,pointeuse_Door1_Entrance Card Reader1,-,Original Records,-,-,-
'4,Bounkoub Hamza,PANDORABOX,2023-02-01 09:50:59,None,pointeuse_Door1_Entrance Card Reader1,-,Original Records,-,-,-
'4,Bounkoub Hamza,PANDORABOX,2023-02-01 13:19:01,None,pointeuse_Door1_Entrance Card Reader1,-,Original Records,-,-,-
'4,Bounkoub Hamza,PANDORABOX,2023-02-01 14:19:48,None,pointeuse_Door1_Entrance Card Reader1,-,Original Records,-,-,-
'4,Bounkoub Hamza,PANDORABOX,2023-02-01 15:32:54,None,pointeuse_Door1_Entrance Card Reader1,-,Original Records,-,-,-
'4,Bounkoub Hamza,PANDORABOX,2023-02-01 18:47:07,None,pointeuse_Door1_Entrance Card Reader1,-,Original Records,-,-,-
'4,Bounkoub Hamza,PANDORABOX,2023-02-02 09:34:13,None,pointeuse_Door1_Entrance Card Reader1,-,Original Records,-,-,-
'4,Bounkoub Hamza,PANDORABOX,2023-02-02 11:30:48,None,pointeuse_Door1_Entrance Card Reader1,-,Original Records,-,-,-
'4,Bounkoub Hamza,PANDORABOX,2023-02-02 12:46:55,None,pointeuse_Door1_Entrance Card Reader1,-,Original Records,-,-,-
'4,Bounkoub Hamza,PANDORABOX,2023-02-02 15:09:38,None,pointeuse_Door1_Entrance Card Reader1,-,Original Records,-,-,-
'4,Bounkoub Hamza,PANDORABOX,2023-02-02 18:47:15,None,pointeuse_Door1_Entrance Card Reader1,-,Original Records,-,-,-
'4,Bounkoub Hamza,PANDORABOX,2023-02-03 09:45:09,None,pointeuse_Door1_Entrance Card Reader1,-,Original Records,-,-,-
'4,Bounkoub Hamza,PANDORABOX,2023-02-03 13:13:33,None,pointeuse_Door1_Entrance Card Reader1,-,Original Records,-,-,-
'4,Bounkoub Hamza,PANDORABOX,2023-02-03 13:40:44,None,pointeuse_Door1_Entrance Card Reader1,-,Original Records,-,-,-
'4,Bounkoub Hamza,PANDORABOX,2023-02-03 13:46:39,None,pointeuse_Door1_Entrance Card Reader1,-,Original Records,-,-,-
'4,Bounkoub Hamza,PANDORABOX,2023-02-03 15:04:07,None,pointeuse_Door1_Entrance Card Reader1,-,Original Records,-,-,-
'4,Bounkoub Hamza,PANDORABOX,2023-02-03 21:42:04,None,pointeuse_Door1_Entrance Card Reader1,-,Original Records,-,-,-
'4,Bounkoub Hamza,PANDORABOX,2023-02-03 21:48:08,None,pointeuse_Door1_Entrance Card Reader1,-,Original Records,-,-,-
'4,Bounkoub Hamza,PANDORABOX,2023-02-06 09:34:43,None,pointeuse_Door1_Entrance Card Reader1,-,Original Records,-,-,-
'4,Bounkoub Hamza,PANDORABOX,2023-02-06 12:13:15,None,pointeuse_Door1_Entrance Card Reader1,-,Original Records,-,-,-
'4,Bounkoub Hamza,PANDORABOX,2023-02-06 13:35:01,None,pointeuse_Door1_Entrance Card Reader1,-,Original Records,-,-,-
'4,Bounkoub Hamza,PANDORABOX,2023-02-06 18:26:49,None,pointeuse_Door1_Entrance Card Reader1,-,Original Records,-,-,-
'4,Bounkoub Hamza,PANDORABOX,2023-02-07 09:51:38,None,pointeuse_Door1_Entrance Card Reader1,-,Original Records,-,-,-
'4,Bounkoub Hamza,PANDORABOX,2023-02-07 13:57:50,None,pointeuse_Door1_Entrance Card Reader1,-,Original Records,-,-,-
'4,Bounkoub Hamza,PANDORABOX,2023-02-07 15:07:00,None,pointeuse_Door1_Entrance Card Reader1,-,Original Records,-,-,-
'4,Bounkoub Hamza,PANDORABOX,2023-02-07 18:59:21,None,pointeuse_Door1_Entrance Card Reader1,-,Original Records,-,-,-
'4,Bounkoub Hamza,PANDORABOX,2023-02-08 10:17:11,None,pointeuse_Door1_Entrance Card Reader1,-,Original Records,-,-,-
'4,Bounkoub Hamza,PANDORABOX,2023-02-08 13:14:00,None,pointeuse_Door1_Entrance Card Reader1,-,Original Records,-,-,-
'4,Bounkoub Hamza,PANDORABOX,2023-02-08 14:27:28,None,pointeuse_Door1_Entrance Card Reader1,-,Original Records,-,-,-
'4,Bounkoub Hamza,PANDORABOX,2023-02-08 18:58:55,None,pointeuse_Door1_Entrance Card Reader1,-,Original Records,-,-,-
'4,Bounkoub Hamza,PANDORABOX,2023-02-09 09:50:09,None,pointeuse_Door1_Entrance Card Reader1,-,Original Records,-,-,-
'4,Bounkoub Hamza,PANDORABOX,2023-02-09 13:14:23,None,pointeuse_Door1_Entrance Card Reader1,-,Original Records,-,-,-
'4,Bounkoub Hamza,PANDORABOX,2023-02-09 14:21:33,None,pointeuse_Door1_Entrance Card Reader1,-,Original Records,-,-,-
'4,Bounkoub Hamza,PANDORABOX,2023-02-09 18:47:21,None,pointeuse_Door1_Entrance Card Reader1,-,Original Records,-,-,-
'4,Bounkoub Hamza,PANDORABOX,2023-02-10 09:48:54,None,pointeuse_Door1_Entrance Card Reader1,-,Original Records,-,-,-
'4,Bounkoub Hamza,PANDORABOX,2023-02-10 13:30:31,None,pointeuse_Door1_Entrance Card Reader1,-,Original Records,-,-,-
'4,Bounkoub Hamza,PANDORABOX,2023-02-10 15:00:56,None,pointeuse_Door1_Entrance Card Reader1,-,Original Records,-,-,-
'4,Bounkoub Hamza,PANDORABOX,2023-02-10 18:19:51,None,pointeuse_Door1_Entrance Card Reader1,-,Original Records,-,-,-
'4,Bounkoub Hamza,PANDORABOX,2023-02-13 09:18:29,None,pointeuse_Door1_Entrance Card Reader1,-,Original Records,-,-,-
'4,Bounkoub Hamza,PANDORABOX,2023-02-13 09:22:18,None,pointeuse_Door1_Entrance Card Reader1,-,Original Records,-,-,-
'4,Bounkoub Hamza,PANDORABOX,2023-02-13 13:28:24,None,pointeuse_Door1_Entrance Card Reader1,-,Original Records,-,-,-
'4,Bounkoub Hamza,PANDORABOX,2023-02-13 14:24:34,None,pointeuse_Door1_Entrance Card Reader1,-,Original Records,-,-,-
'4,Bounkoub Hamza,PANDORABOX,2023-02-13 18:46:30,None,pointeuse_Door1_Entrance Card Reader1,-,Original Records,-,-,-
'4,Bounkoub Hamza,PANDORABOX,2023-02-14 08:35:20,None,pointeuse_Door1_Entrance Card Reader1,-,Original Records,-,-,-
'4,Bounkoub Hamza,PANDORABOX,2023-02-14 13:22:54,None,pointeuse_Door1_Entrance Card Reader1,-,Original Records,-,-,-
'4,Bounkoub Hamza,PANDORABOX,2023-02-14 14:12:36,None,pointeuse_Door1_Entrance Card Reader1,-,Original Records,-,-,-
'4,Bounkoub Hamza,PANDORABOX,2023-02-14 18:18:15,None,pointeuse_Door1_Entrance Card Reader1,-,Original Records,-,-,-
'4,Bounkoub Hamza,PANDORABOX,2023-02-15 09:37:02,None,pointeuse_Door1_Entrance Card Reader1,-,Original Records,-,-,-
'4,Bounkoub Hamza,PANDORABOX,2023-02-15 12:50:27,None,pointeuse_Door1_Entrance Card Reader1,-,Original Records,-,-,-
'4,Bounkoub Hamza,PANDORABOX,2023-02-15 13:39:30,None,pointeuse_Door1_Entrance Card Reader1,-,Original Records,-,-,-
'4,Bounkoub Hamza,PANDORABOX,2023-02-15 18:23:08,None,pointeuse_Door1_Entrance Card Reader1,-,Original Records,-,-,-
'4,Bounkoub Hamza,PANDORABOX,2023-02-16 09:22:07,None,pointeuse_Door1_Entrance Card Reader1,-,Original Records,-,-,-
'4,Bounkoub Hamza,PANDORABOX,2023-02-16 14:23:16,None,pointeuse_Door1_Entrance Card Reader1,-,Original Records,-,-,-
'4,Bounkoub Hamza,PANDORABOX,2023-02-16 15:21:53,None,pointeuse_Door1_Entrance Card Reader1,-,Original Records,-,-,-
'4,Bounkoub Hamza,PANDORABOX,2023-02-16 19:04:58,None,pointeuse_Door1_Entrance Card Reader1,-,Original Records,-,-,-
'4,Bounkoub Hamza,PANDORABOX,2023-02-17 09:58:52,None,pointeuse_Door1_Entrance Card Reader1,-,Original Records,-,-,-
'4,Bounkoub Hamza,PANDORABOX,2023-02-17 14:16:17,None,pointeuse_Door1_Entrance Card Reader1,-,Original Records,-,-,-
'4,Bounkoub Hamza,PANDORABOX,2023-02-17 15:38:40,None,pointeuse_Door1_Entrance Card Reader1,-,Original Records,-,-,-
'4,Bounkoub Hamza,PANDORABOX,2023-02-17 19:03:11,None,pointeuse_Door1_Entrance Card Reader1,-,Original Records,-,-,-
'4,Bounkoub Hamza,PANDORABOX,2023-02-20 09:17:39,None,pointeuse_Door1_Entrance Card Reader1,-,Original Records,-,-,-
'4,Bounkoub Hamza,PANDORABOX,2023-02-20 13:22:26,None,pointeuse_Door1_Entrance Card Reader1,-,Original Records,-,-,-
'4,Bounkoub Hamza,PANDORABOX,2023-02-20 14:14:44,None,pointeuse_Door1_Entrance Card Reader1,-,Original Records,-,-,-
'4,Bounkoub Hamza,PANDORABOX,2023-02-20 18:19:29,None,pointeuse_Door1_Entrance Card Reader1,-,Original Records,-,-,-
'4,Bounkoub Hamza,PANDORABOX,2023-02-21 09:25:02,None,pointeuse_Door1_Entrance Card Reader1,-,Original Records,-,-,-
'4,Bounkoub Hamza,PANDORABOX,2023-02-21 13:43:36,None,pointeuse_Door1_Entrance Card Reader1,-,Original Records,-,-,-
'4,Bounkoub Hamza,PANDORABOX,2023-02-21 14:42:38,None,pointeuse_Door1_Entrance Card Reader1,-,Original Records,-,-,-
'4,Bounkoub Hamza,PANDORABOX,2023-02-21 18:37:45,None,pointeuse_Door1_Entrance Card Reader1,-,Original Records,-,-,-
'4,Bounkoub Hamza,PANDORABOX,2023-02-22 09:26:01,None,pointeuse_Door1_Entrance Card Reader1,-,Original Records,-,-,-
'4,Bounkoub Hamza,PANDORABOX,2023-02-22 12:26:26,None,pointeuse_Door1_Entrance Card Reader1,-,Original Records,-,-,-
'4,Bounkoub Hamza,PANDORABOX,2023-02-22 13:28:04,None,pointeuse_Door1_Entrance Card Reader1,-,Original Records,-,-,-
'4,Bounkoub Hamza,PANDORABOX,2023-02-22 18:15:56,None,pointeuse_Door1_Entrance Card Reader1,-,Original Records,-,-,-
'4,Bounkoub Hamza,PANDORABOX,2023-02-23 09:40:37,None,pointeuse_Door1_Entrance Card Reader1,-,Original Records,-,-,-
'4,Bounkoub Hamza,PANDORABOX,2023-02-23 13:31:20,None,pointeuse_Door1_Entrance Card Reader1,-,Original Records,-,-,-
'4,Bounkoub Hamza,PANDORABOX,2023-02-23 14:47:03,None,pointeuse_Door1_Entrance Card Reader1,-,Original Records,-,-,-
'4,Bounkoub Hamza,PANDORABOX,2023-02-23 18:16:28,None,pointeuse_Door1_Entrance Card Reader1,-,Original Records,-,-,-
'6,Loubna Benamer,PANDORABOX,2023-01-24 09:40:19,None,pointeuse_Door1_Entrance Card Reader1,-,Original Records,-,-,-
'6,Loubna Benamer,PANDORABOX,2023-01-24 13:14:03,None,pointeuse_Door1_Entrance Card Reader1,-,Original Records,-,-,-
'6,Loubna Benamer,PANDORABOX,2023-01-24 14:30:04,None,pointeuse_Door1_Entrance Card Reader1,-,Original Records,-,-,-
'6,Loubna Benamer,PANDORABOX,2023-01-24 18:43:29,None,pointeuse_Door1_Entrance Card Reader1,-,Original Records,-,-,-
'6,Loubna Benamer,PANDORABOX,2023-01-25 10:06:03,None,pointeuse_Door1_Entrance Card Reader1,-,Original Records,-,-,-
'6,Loubna Benamer,PANDORABOX,2023-01-25 13:38:32,None,pointeuse_Door1_Entrance Card Reader1,-,Original Records,-,-,-
'6,Loubna Benamer,PANDORABOX,2023-01-25 14:31:15,None,pointeuse_Door1_Entrance Card Reader1,-,Original Records,-,-,-
'6,Loubna Benamer,PANDORABOX,2023-01-25 18:18:49,None,pointeuse_Door1_Entrance Card Reader1,-,Original Records,-,-,-
'6,Loubna Benamer,PANDORABOX,2023-01-26 09:31:05,None,pointeuse_Door1_Entrance Card Reader1,-,Original Records,-,-,-
'6,Loubna Benamer,PANDORABOX,2023-01-26 13:26:44,None,pointeuse_Door1_Entrance Card Reader1,-,Original Records,-,-,-
'6,Loubna Benamer,PANDORABOX,2023-01-26 14:28:35,None,pointeuse_Door1_Entrance Card Reader1,-,Original Records,-,-,-
'6,Loubna Benamer,PANDORABOX,2023-01-26 18:48:21,None,pointeuse_Door1_Entrance Card Reader1,-,Original Records,-,-,-
'6,Loubna Benamer,PANDORABOX,2023-01-27 09:45:04,None,pointeuse_Door1_Entrance Card Reader1,-,Original Records,-,-,-
'6,Loubna Benamer,PANDORABOX,2023-01-27 13:24:22,None,pointeuse_Door1_Entrance Card Reader1,-,Original Records,-,-,-
'6,Loubna Benamer,PANDORABOX,2023-01-27 14:29:00,None,pointeuse_Door1_Entrance Card Reader1,-,Original Records,-,-,-
'6,Loubna Benamer,PANDORABOX,2023-01-27 20:32:02,None,pointeuse_Door1_Entrance Card Reader1,-,Original Records,-,-,-
'6,Loubna Benamer,PANDORABOX,2023-01-30 09:25:30,None,pointeuse_Door1_Entrance Card Reader1,-,Original Records,-,-,-
'6,Loubna Benamer,PANDORABOX,2023-01-30 13:28:38,None,pointeuse_Door1_Entrance Card Reader1,-,Original Records,-,-,-
'6,Loubna Benamer,PANDORABOX,2023-01-30 14:31:57,None,pointeuse_Door1_Entrance Card Reader1,-,Original Records,-,-,-
'6,Loubna Benamer,PANDORABOX,2023-01-30 18:45:02,None,pointeuse_Door1_Entrance Card Reader1,-,Original Records,-,-,-
'6,Loubna Benamer,PANDORABOX,2023-01-31 09:22:19,None,pointeuse_Door1_Entrance Card Reader1,-,Original Records,-,-,-
'6,Loubna Benamer,PANDORABOX,2023-01-31 13:27:59,None,pointeuse_Door1_Entrance Card Reader1,-,Original Records,-,-,-
'6,Loubna Benamer,PANDORABOX,2023-01-31 14:28:42,None,pointeuse_Door1_Entrance Card Reader1,-,Original Records,-,-,-
'6,Loubna Benamer,PANDORABOX,2023-01-31 18:22:24,None,pointeuse_Door1_Entrance Card Reader1,-,Original Records,-,-,-
'6,Loubna Benamer,PANDORABOX,2023-02-01 09:24:51,None,pointeuse_Door1_Entrance Card Reader1,-,Original Records,-,-,-
'6,Loubna Benamer,PANDORABOX,2023-02-01 13:18:09,None,pointeuse_Door1_Entrance Card Reader1,-,Original Records,-,-,-
'6,Loubna Benamer,PANDORABOX,2023-02-01 14:30:33,None,pointeuse_Door1_Entrance Card Reader1,-,Original Records,-,-,-
'6,Loubna Benamer,PANDORABOX,2023-02-01 18:12:45,None,pointeuse_Door1_Entrance Card Reader1,-,Original Records,-,-,-
'6,Loubna Benamer,PANDORABOX,2023-02-02 09:30:08,None,pointeuse_Door1_Entrance Card Reader1,-,Original Records,-,-,-
'6,Loubna Benamer,PANDORABOX,2023-02-02 13:33:57,None,pointeuse_Door1_Entrance Card Reader1,-,Original Records,-,-,-
'6,Loubna Benamer,PANDORABOX,2023-02-02 14:30:42,None,pointeuse_Door1_Entrance Card Reader1,-,Original Records,-,-,-
'6,Loubna Benamer,PANDORABOX,2023-02-02 18:14:06,None,pointeuse_Door1_Entrance Card Reader1,-,Original Records,-,-,-
'6,Loubna Benamer,PANDORABOX,2023-02-03 10:36:47,None,pointeuse_Door1_Entrance Card Reader1,-,Original Records,-,-,-
'6,Loubna Benamer,PANDORABOX,2023-02-03 18:11:19,None,pointeuse_Door1_Entrance Card Reader1,-,Original Records,-,-,-
'6,Loubna Benamer,PANDORABOX,2023-02-06 09:14:21,None,pointeuse_Door1_Entrance Card Reader1,-,Original Records,-,-,-
'6,Loubna Benamer,PANDORABOX,2023-02-06 13:11:18,None,pointeuse_Door1_Entrance Card Reader1,-,Original Records,-,-,-
'6,Loubna Benamer,PANDORABOX,2023-02-06 14:34:41,None,pointeuse_Door1_Entrance Card Reader1,-,Original Records,-,-,-
'6,Loubna Benamer,PANDORABOX,2023-02-06 18:33:29,None,pointeuse_Door1_Entrance Card Reader1,-,Original Records,-,-,-
'6,Loubna Benamer,PANDORABOX,2023-02-07 09:42:51,None,pointeuse_Door1_Entrance Card Reader1,-,Original Records,-,-,-
'6,Loubna Benamer,PANDORABOX,2023-02-07 13:48:56,None,pointeuse_Door1_Entrance Card Reader1,-,Original Records,-,-,-
'6,Loubna Benamer,PANDORABOX,2023-02-07 14:45:30,None,pointeuse_Door1_Entrance Card Reader1,-,Original Records,-,-,-
'6,Loubna Benamer,PANDORABOX,2023-02-07 18:33:15,None,pointeuse_Door1_Entrance Card Reader1,-,Original Records,-,-,-
'6,Loubna Benamer,PANDORABOX,2023-02-08 09:22:43,None,pointeuse_Door1_Entrance Card Reader1,-,Original Records,-,-,-
'6,Loubna Benamer,PANDORABOX,2023-02-08 13:36:47,None,pointeuse_Door1_Entrance Card Reader1,-,Original Records,-,-,-
'6,Loubna Benamer,PANDORABOX,2023-02-08 14:30:39,None,pointeuse_Door1_Entrance Card Reader1,-,Original Records,-,-,-
'6,Loubna Benamer,PANDORABOX,2023-02-08 18:33:40,None,pointeuse_Door1_Entrance Card Reader1,-,Original Records,-,-,-
'6,Loubna Benamer,PANDORABOX,2023-02-09 09:24:27,None,pointeuse_Door1_Entrance Card Reader1,-,Original Records,-,-,-
'6,Loubna Benamer,PANDORABOX,2023-02-09 13:12:31,None,pointeuse_Door1_Entrance Card Reader1,-,Original Records,-,-,-
'6,Loubna Benamer,PANDORABOX,2023-02-09 14:12:59,None,pointeuse_Door1_Entrance Card Reader1,-,Original Records,-,-,-
'6,Loubna Benamer,PANDORABOX,2023-02-09 19:31:47,None,pointeuse_Door1_Entrance Card Reader1,-,Original Records,-,-,-
'6,Loubna Benamer,PANDORABOX,2023-02-10 09:25:56,None,pointeuse_Door1_Entrance Card Reader1,-,Original Records,-,-,-
'6,Loubna Benamer,PANDORABOX,2023-02-10 13:46:06,None,pointeuse_Door1_Entrance Card Reader1,-,Original Records,-,-,-
'6,Loubna Benamer,PANDORABOX,2023-02-10 14:46:26,None,pointeuse_Door1_Entrance Card Reader1,-,Original Records,-,-,-
'6,Loubna Benamer,PANDORABOX,2023-02-10 18:19:55,None,pointeuse_Door1_Entrance Card Reader1,-,Original Records,-,-,-
'6,Loubna Benamer,PANDORABOX,2023-02-13 09:09:18,None,pointeuse_Door1_Entrance Card Reader1,-,Original Records,-,-,-
'6,Loubna Benamer,PANDORABOX,2023-02-13 13:47:17,None,pointeuse_Door1_Entrance Card Reader1,-,Original Records,-,-,-
'6,Loubna Benamer,PANDORABOX,2023-02-13 14:38:01,None,pointeuse_Door1_Entrance Card Reader1,-,Original Records,-,-,-
'6,Loubna Benamer,PANDORABOX,2023-02-13 18:32:38,None,pointeuse_Door1_Entrance Card Reader1,-,Original Records,-,-,-
'6,Loubna Benamer,PANDORABOX,2023-02-14 09:12:36,None,pointeuse_Door1_Entrance Card Reader1,-,Original Records,-,-,-
'6,Loubna Benamer,PANDORABOX,2023-02-14 13:29:54,None,pointeuse_Door1_Entrance Card Reader1,-,Original Records,-,-,-
'6,Loubna Benamer,PANDORABOX,2023-02-14 14:36:34,None,pointeuse_Door1_Entrance Card Reader1,-,Original Records,-,-,-
'6,Loubna Benamer,PANDORABOX,2023-02-14 18:12:58,None,pointeuse_Door1_Entrance Card Reader1,-,Original Records,-,-,-
'6,Loubna Benamer,PANDORABOX,2023-02-15 09:19:24,None,pointeuse_Door1_Entrance Card Reader1,-,Original Records,-,-,-
'6,Loubna Benamer,PANDORABOX,2023-02-15 13:08:49,None,pointeuse_Door1_Entrance Card Reader1,-,Original Records,-,-,-
'6,Loubna Benamer,PANDORABOX,2023-02-15 14:08:00,None,pointeuse_Door1_Entrance Card Reader1,-,Original Records,-,-,-
'6,Loubna Benamer,PANDORABOX,2023-02-15 18:17:08,None,pointeuse_Door1_Entrance Card Reader1,-,Original Records,-,-,-
'6,Loubna Benamer,PANDORABOX,2023-02-16 09:42:21,None,pointeuse_Door1_Entrance Card Reader1,-,Original Records,-,-,-
'6,Loubna Benamer,PANDORABOX,2023-02-16 13:15:17,None,pointeuse_Door1_Entrance Card Reader1,-,Original Records,-,-,-
'6,Loubna Benamer,PANDORABOX,2023-02-16 14:15:44,None,pointeuse_Door1_Entrance Card Reader1,-,Original Records,-,-,-
'6,Loubna Benamer,PANDORABOX,2023-02-16 18:35:49,None,pointeuse_Door1_Entrance Card Reader1,-,Original Records,-,-,-
'6,Loubna Benamer,PANDORABOX,2023-02-17 09:23:41,None,pointeuse_Door1_Entrance Card Reader1,-,Original Records,-,-,-
'6,Loubna Benamer,PANDORABOX,2023-02-17 13:36:54,None,pointeuse_Door1_Entrance Card Reader1,-,Original Records,-,-,-
'6,Loubna Benamer,PANDORABOX,2023-02-17 14:36:25,None,pointeuse_Door1_Entrance Card Reader1,-,Original Records,-,-,-
'6,Loubna Benamer,PANDORABOX,2023-02-17 18:31:53,None,pointeuse_Door1_Entrance Card Reader1,-,Original Records,-,-,-
'6,Loubna Benamer,PANDORABOX,2023-02-20 09:26:31,None,pointeuse_Door1_Entrance Card Reader1,-,Original Records,-,-,-
'6,Loubna Benamer,PANDORABOX,2023-02-20 13:26:08,None,pointeuse_Door1_Entrance Card Reader1,-,Original Records,-,-,-
'6,Loubna Benamer,PANDORABOX,2023-02-20 14:07:31,None,pointeuse_Door1_Entrance Card Reader1,-,Original Records,-,-,-
'6,Loubna Benamer,PANDORABOX,2023-02-20 18:48:47,None,pointeuse_Door1_Entrance Card Reader1,-,Original Records,-,-,-
'6,Loubna Benamer,PANDORABOX,2023-02-21 08:51:01,None,pointeuse_Door1_Entrance Card Reader1,-,Original Records,-,-,-
'6,Loubna Benamer,PANDORABOX,2023-02-21 13:15:56,None,pointeuse_Door1_Entrance Card Reader1,-,Original Records,-,-,-
'6,Loubna Benamer,PANDORABOX,2023-02-21 14:19:04,None,pointeuse_Door1_Entrance Card Reader1,-,Original Records,-,-,-
'6,Loubna Benamer,PANDORABOX,2023-02-21 18:17:48,None,pointeuse_Door1_Entrance Card Reader1,-,Original Records,-,-,-
'6,Loubna Benamer,PANDORABOX,2023-02-22 09:50:54,None,pointeuse_Door1_Entrance Card Reader1,-,Original Records,-,-,-
'6,Loubna Benamer,PANDORABOX,2023-02-22 12:59:02,None,pointeuse_Door1_Entrance Card Reader1,-,Original Records,-,-,-
'6,Loubna Benamer,PANDORABOX,2023-02-22 14:04:53,None,pointeuse_Door1_Entrance Card Reader1,-,Original Records,-,-,-
'6,Loubna Benamer,PANDORABOX,2023-02-22 18:08:14,None,pointeuse_Door1_Entrance Card Reader1,-,Original Records,-,-,-
'6,Loubna Benamer,PANDORABOX,2023-02-23 09:18:35,None,pointeuse_Door1_Entrance Card Reader1,-,Original Records,-,-,-
'6,Loubna Benamer,PANDORABOX,2023-02-23 13:26:45,None,pointeuse_Door1_Entrance Card Reader1,-,Original Records,-,-,-
'6,Loubna Benamer,PANDORABOX,2023-02-23 14:29:30,None,pointeuse_Door1_Entrance Card Reader1,-,Original Records,-,-,-
'6,Loubna Benamer,PANDORABOX,2023-02-23 18:48:59,None,pointeuse_Door1_Entrance Card Reader1,-,Original Records,-,-,-
'7,Frih Ilyas,PANDORABOX,2023-01-24 09:46:41,None,pointeuse_Door1_Entrance Card Reader1,-,Original Records,-,-,-
'7,Frih Ilyas,PANDORABOX,2023-01-24 12:55:41,None,pointeuse_Door1_Entrance Card Reader1,-,Original Records,-,-,-
'7,Frih Ilyas,PANDORABOX,2023-01-24 14:19:03,None,pointeuse_Door1_Entrance Card Reader1,-,Original Records,-,-,-
'7,Frih Ilyas,PANDORABOX,2023-01-24 16:19:41,None,pointeuse_Door1_Entrance Card Reader1,-,Original Records,-,-,-
'7,Frih Ilyas,PANDORABOX,2023-01-24 18:03:54,None,pointeuse_Door1_Entrance Card Reader1,-,Original Records,-,-,-
'7,Frih Ilyas,PANDORABOX,2023-01-24 19:47:58,None,pointeuse_Door1_Entrance Card Reader1,-,Original Records,-,-,-
'7,Frih Ilyas,PANDORABOX,2023-01-25 09:59:13,None,pointeuse_Door1_Entrance Card Reader1,-,Original Records,-,-,-
'7,Frih Ilyas,PANDORABOX,2023-01-25 13:37:44,None,pointeuse_Door1_Entrance Card Reader1,-,Original Records,-,-,-
'7,Frih Ilyas,PANDORABOX,2023-01-25 14:38:04,None,pointeuse_Door1_Entrance Card Reader1,-,Original Records,-,-,-
'7,Frih Ilyas,PANDORABOX,2023-01-25 18:31:42,None,pointeuse_Door1_Entrance Card Reader1,-,Original Records,-,-,-
'7,Frih Ilyas,PANDORABOX,2023-01-26 11:36:18,None,pointeuse_Door1_Entrance Card Reader1,-,Original Records,-,-,-
'7,Frih Ilyas,PANDORABOX,2023-01-26 13:18:34,None,pointeuse_Door1_Entrance Card Reader1,-,Original Records,-,-,-
'7,Frih Ilyas,PANDORABOX,2023-01-26 14:30:23,None,pointeuse_Door1_Entrance Card Reader1,-,Original Records,-,-,-
'7,Frih Ilyas,PANDORABOX,2023-01-26 18:53:57,None,pointeuse_Door1_Entrance Card Reader1,-,Original Records,-,-,-
'7,Frih Ilyas,PANDORABOX,2023-01-26 18:54:22,None,pointeuse_Door1_Entrance Card Reader1,-,Original Records,-,-,-
'7,Frih Ilyas,PANDORABOX,2023-01-27 09:55:27,None,pointeuse_Door1_Entrance Card Reader1,-,Original Records,-,-,-
'7,Frih Ilyas,PANDORABOX,2023-01-27 13:34:04,None,pointeuse_Door1_Entrance Card Reader1,-,Original Records,-,-,-
'7,Frih Ilyas,PANDORABOX,2023-01-27 15:24:59,None,pointeuse_Door1_Entrance Card Reader1,-,Original Records,-,-,-
'7,Frih Ilyas,PANDORABOX,2023-01-27 19:45:25,None,pointeuse_Door1_Entrance Card Reader1,-,Original Records,-,-,-
'7,Frih Ilyas,PANDORABOX,2023-02-07 09:23:01,None,pointeuse_Door1_Entrance Card Reader1,-,Original Records,-,-,-
'7,Frih Ilyas,PANDORABOX,2023-02-07 11:04:16,None,pointeuse_Door1_Entrance Card Reader1,-,Original Records,-,-,-
'7,Frih Ilyas,PANDORABOX,2023-02-07 13:56:32,None,pointeuse_Door1_Entrance Card Reader1,-,Original Records,-,-,-
'7,Frih Ilyas,PANDORABOX,2023-02-07 18:13:48,None,pointeuse_Door1_Entrance Card Reader1,-,Original Records,-,-,-
'7,Frih Ilyas,PANDORABOX,2023-02-08 09:38:42,None,pointeuse_Door1_Entrance Card Reader1,-,Original Records,-,-,-
'7,Frih Ilyas,PANDORABOX,2023-02-08 12:49:48,None,pointeuse_Door1_Entrance Card Reader1,-,Original Records,-,-,-
'7,Frih Ilyas,PANDORABOX,2023-02-08 14:37:11,None,pointeuse_Door1_Entrance Card Reader1,-,Original Records,-,-,-
'7,Frih Ilyas,PANDORABOX,2023-02-08 18:10:19,None,pointeuse_Door1_Entrance Card Reader1,-,Original Records,-,-,-
'7,Frih Ilyas,PANDORABOX,2023-02-09 09:45:36,None,pointeuse_Door1_Entrance Card Reader1,-,Original Records,-,-,-
'7,Frih Ilyas,PANDORABOX,2023-02-09 12:54:44,None,pointeuse_Door1_Entrance Card Reader1,-,Original Records,-,-,-
'7,Frih Ilyas,PANDORABOX,2023-02-09 14:37:57,None,pointeuse_Door1_Entrance Card Reader1,-,Original Records,-,-,-
'7,Frih Ilyas,PANDORABOX,2023-02-09 18:15:55,None,pointeuse_Door1_Entrance Card Reader1,-,Original Records,-,-,-
'7,Frih Ilyas,PANDORABOX,2023-02-10 09:40:37,None,pointeuse_Door1_Entrance Card Reader1,-,Original Records,-,-,-
'7,Frih Ilyas,PANDORABOX,2023-02-10 18:43:46,None,pointeuse_Door1_Entrance Card Reader1,-,Original Records,-,-,-
'7,Frih Ilyas,PANDORABOX,2023-02-13 09:31:26,None,pointeuse_Door1_Entrance Card Reader1,-,Original Records,-,-,-
'7,Frih Ilyas,PANDORABOX,2023-02-13 18:48:42,None,pointeuse_Door1_Entrance Card Reader1,-,Original Records,-,-,-
'7,Frih Ilyas,PANDORABOX,2023-02-14 09:36:42,None,pointeuse_Door1_Entrance Card Reader1,-,Original Records,-,-,-
'7,Frih Ilyas,PANDORABOX,2023-02-14 13:02:24,None,pointeuse_Door1_Entrance Card Reader1,-,Original Records,-,-,-
'7,Frih Ilyas,PANDORABOX,2023-02-14 14:01:09,None,pointeuse_Door1_Entrance Card Reader1,-,Original Records,-,-,-
'7,Frih Ilyas,PANDORABOX,2023-02-14 18:43:13,None,pointeuse_Door1_Entrance Card Reader1,-,Original Records,-,-,-
'7,Frih Ilyas,PANDORABOX,2023-02-15 09:47:37,None,pointeuse_Door1_Entrance Card Reader1,-,Original Records,-,-,-
'7,Frih Ilyas,PANDORABOX,2023-02-15 13:00:00,None,pointeuse_Door1_Entrance Card Reader1,-,Original Records,-,-,-
'7,Frih Ilyas,PANDORABOX,2023-02-15 14:29:56,None,pointeuse_Door1_Entrance Card Reader1,-,Original Records,-,-,-
'7,Frih Ilyas,PANDORABOX,2023-02-15 19:05:01,None,pointeuse_Door1_Entrance Card Reader1,-,Original Records,-,-,-
'7,Frih Ilyas,PANDORABOX,2023-02-16 10:31:54,None,pointeuse_Door1_Entrance Card Reader1,-,Original Records,-,-,-
'7,Frih Ilyas,PANDORABOX,2023-02-16 14:24:19,None,pointeuse_Door1_Entrance Card Reader1,-,Original Records,-,-,-
'7,Frih Ilyas,PANDORABOX,2023-02-16 15:14:13,None,pointeuse_Door1_Entrance Card Reader1,-,Original Records,-,-,-
'7,Frih Ilyas,PANDORABOX,2023-02-16 19:02:25,None,pointeuse_Door1_Entrance Card Reader1,-,Original Records,-,-,-
'7,Frih Ilyas,PANDORABOX,2023-02-17 09:54:26,None,pointeuse_Door1_Entrance Card Reader1,-,Original Records,-,-,-
'7,Frih Ilyas,PANDORABOX,2023-02-17 18:50:16,None,pointeuse_Door1_Entrance Card Reader1,-,Original Records,-,-,-
'7,Frih Ilyas,PANDORABOX,2023-02-20 09:26:43,None,pointeuse_Door1_Entrance Card Reader1,-,Original Records,-,-,-
'7,Frih Ilyas,PANDORABOX,2023-02-20 11:38:46,None,pointeuse_Door1_Entrance Card Reader1,-,Original Records,-,-,-
'7,Frih Ilyas,PANDORABOX,2023-02-20 13:20:02,None,pointeuse_Door1_Entrance Card Reader1,-,Original Records,-,-,-
'7,Frih Ilyas,PANDORABOX,2023-02-20 14:32:26,None,pointeuse_Door1_Entrance Card Reader1,-,Original Records,-,-,-
'7,Frih Ilyas,PANDORABOX,2023-02-20 19:02:38,None,pointeuse_Door1_Entrance Card Reader1,-,Original Records,-,-,-
'7,Frih Ilyas,PANDORABOX,2023-02-21 09:48:44,None,pointeuse_Door1_Entrance Card Reader1,-,Original Records,-,-,-
'7,Frih Ilyas,PANDORABOX,2023-02-21 18:41:15,None,pointeuse_Door1_Entrance Card Reader1,-,Original Records,-,-,-
'7,Frih Ilyas,PANDORABOX,2023-02-22 10:20:15,None,pointeuse_Door1_Entrance Card Reader1,-,Original Records,-,-,-
'7,Frih Ilyas,PANDORABOX,2023-02-22 18:15:43,None,pointeuse_Door1_Entrance Card Reader1,-,Original Records,-,-,-
'7,Frih Ilyas,PANDORABOX,2023-02-23 09:50:44,None,pointeuse_Door1_Entrance Card Reader1,-,Original Records,-,-,-
'7,Frih Ilyas,PANDORABOX,2023-02-23 16:29:14,None,pointeuse_Door1_Entrance Card Reader1,-,Original Records,-,-,-
'7,Frih Ilyas,PANDORABOX,2023-02-23 18:29:22,None,pointeuse_Door1_Entrance Card Reader1,-,Original Records,-,-,-
'8,AYOUB SAHRI,PANDORABOX,2023-01-26 14:35:45,None,pointeuse_Door1_Entrance Card Reader1,-,Original Records,-,-,-
'8,AYOUB SAHRI,PANDORABOX,2023-01-26 18:16:11,None,pointeuse_Door1_Entrance Card Reader1,-,Original Records,-,-,-
'8,AYOUB SAHRI,PANDORABOX,2023-01-27 08:50:42,None,pointeuse_Door1_Entrance Card Reader1,-,Original Records,-,-,-
'8,AYOUB SAHRI,PANDORABOX,2023-01-27 13:40:25,None,pointeuse_Door1_Entrance Card Reader1,-,Original Records,-,-,-
'8,AYOUB SAHRI,PANDORABOX,2023-01-27 17:59:49,None,pointeuse_Door1_Entrance Card Reader1,-,Original Records,-,-,-
'8,AYOUB SAHRI,PANDORABOX,2023-01-27 18:03:03,None,pointeuse_Door1_Entrance Card Reader1,-,Original Records,-,-,-
'8,AYOUB SAHRI,PANDORABOX,2023-01-30 09:01:48,None,pointeuse_Door1_Entrance Card Reader1,-,Original Records,-,-,-
'8,AYOUB SAHRI,PANDORABOX,2023-01-30 18:01:11,None,pointeuse_Door1_Entrance Card Reader1,-,Original Records,-,-,-
'8,AYOUB SAHRI,PANDORABOX,2023-01-31 09:03:07,None,pointeuse_Door1_Entrance Card Reader1,-,Original Records,-,-,-
'8,AYOUB SAHRI,PANDORABOX,2023-01-31 13:27:48,None,pointeuse_Door1_Entrance Card Reader1,-,Original Records,-,-,-
'8,AYOUB SAHRI,PANDORABOX,2023-01-31 14:33:19,None,pointeuse_Door1_Entrance Card Reader1,-,Original Records,-,-,-
'8,AYOUB SAHRI,PANDORABOX,2023-01-31 18:03:00,None,pointeuse_Door1_Entrance Card Reader1,-,Original Records,-,-,-
'8,AYOUB SAHRI,PANDORABOX,2023-02-01 09:03:04,None,pointeuse_Door1_Entrance Card Reader1,-,Original Records,-,-,-
'8,AYOUB SAHRI,PANDORABOX,2023-02-01 13:30:02,None,pointeuse_Door1_Entrance Card Reader1,-,Original Records,-,-,-
'8,AYOUB SAHRI,PANDORABOX,2023-02-01 14:26:47,None,pointeuse_Door1_Entrance Card Reader1,-,Original Records,-,-,-
'8,AYOUB SAHRI,PANDORABOX,2023-02-02 09:06:08,None,pointeuse_Door1_Entrance Card Reader1,-,Original Records,-,-,-
'8,AYOUB SAHRI,PANDORABOX,2023-02-02 13:33:52,None,pointeuse_Door1_Entrance Card Reader1,-,Original Records,-,-,-
'8,AYOUB SAHRI,PANDORABOX,2023-02-02 14:30:51,None,pointeuse_Door1_Entrance Card Reader1,-,Original Records,-,-,-
'8,AYOUB SAHRI,PANDORABOX,2023-02-02 18:10:57,None,pointeuse_Door1_Entrance Card Reader1,-,Original Records,-,-,-
'8,AYOUB SAHRI,PANDORABOX,2023-02-03 09:04:24,None,pointeuse_Door1_Entrance Card Reader1,-,Original Records,-,-,-
'8,AYOUB SAHRI,PANDORABOX,2023-02-03 13:24:03,None,pointeuse_Door1_Entrance Card Reader1,-,Original Records,-,-,-
'8,AYOUB SAHRI,PANDORABOX,2023-02-03 15:04:00,None,pointeuse_Door1_Entrance Card Reader1,-,Original Records,-,-,-
'8,AYOUB SAHRI,PANDORABOX,2023-02-03 19:32:08,None,pointeuse_Door1_Entrance Card Reader1,-,Original Records,-,-,-
'8,AYOUB SAHRI,PANDORABOX,2023-02-06 09:03:54,None,pointeuse_Door1_Entrance Card Reader1,-,Original Records,-,-,-
'8,AYOUB SAHRI,PANDORABOX,2023-02-06 13:21:32,None,pointeuse_Door1_Entrance Card Reader1,-,Original Records,-,-,-
'8,AYOUB SAHRI,PANDORABOX,2023-02-06 14:22:59,None,pointeuse_Door1_Entrance Card Reader1,-,Original Records,-,-,-
'8,AYOUB SAHRI,PANDORABOX,2023-02-06 18:27:04,None,pointeuse_Door1_Entrance Card Reader1,-,Original Records,-,-,-
'8,AYOUB SAHRI,PANDORABOX,2023-02-07 09:11:08,None,pointeuse_Door1_Entrance Card Reader1,-,Original Records,-,-,-
'8,AYOUB SAHRI,PANDORABOX,2023-02-07 13:49:06,None,pointeuse_Door1_Entrance Card Reader1,-,Original Records,-,-,-
'8,AYOUB SAHRI,PANDORABOX,2023-02-07 14:41:48,None,pointeuse_Door1_Entrance Card Reader1,-,Original Records,-,-,-
'8,AYOUB SAHRI,PANDORABOX,2023-02-07 18:29:43,None,pointeuse_Door1_Entrance Card Reader1,-,Original Records,-,-,-
'8,AYOUB SAHRI,PANDORABOX,2023-02-08 09:20:08,None,pointeuse_Door1_Entrance Card Reader1,-,Original Records,-,-,-
'8,AYOUB SAHRI,PANDORABOX,2023-02-08 13:26:36,None,pointeuse_Door1_Entrance Card Reader1,-,Original Records,-,-,-
'8,AYOUB SAHRI,PANDORABOX,2023-02-08 14:26:28,None,pointeuse_Door1_Entrance Card Reader1,-,Original Records,-,-,-
'8,AYOUB SAHRI,PANDORABOX,2023-02-08 18:03:41,None,pointeuse_Door1_Entrance Card Reader1,-,Original Records,-,-,-
'8,AYOUB SAHRI,PANDORABOX,2023-02-09 09:23:03,None,pointeuse_Door1_Entrance Card Reader1,-,Original Records,-,-,-
'8,AYOUB SAHRI,PANDORABOX,2023-02-09 10:16:32,None,pointeuse_Door1_Entrance Card Reader1,-,Original Records,-,-,-
'8,AYOUB SAHRI,PANDORABOX,2023-02-09 11:14:01,None,pointeuse_Door1_Entrance Card Reader1,-,Original Records,-,-,-
'8,AYOUB SAHRI,PANDORABOX,2023-02-09 18:12:57,None,pointeuse_Door1_Entrance Card Reader1,-,Original Records,-,-,-
'8,AYOUB SAHRI,PANDORABOX,2023-02-10 09:16:19,None,pointeuse_Door1_Entrance Card Reader1,-,Original Records,-,-,-
'8,AYOUB SAHRI,PANDORABOX,2023-02-10 13:54:29,None,pointeuse_Door1_Entrance Card Reader1,-,Original Records,-,-,-
'8,AYOUB SAHRI,PANDORABOX,2023-02-10 15:00:41,None,pointeuse_Door1_Entrance Card Reader1,-,Original Records,-,-,-
'8,AYOUB SAHRI,PANDORABOX,2023-02-10 18:18:42,None,pointeuse_Door1_Entrance Card Reader1,-,Original Records,-,-,-
'8,AYOUB SAHRI,PANDORABOX,2023-02-13 09:16:37,None,pointeuse_Door1_Entrance Card Reader1,-,Original Records,-,-,-
'8,AYOUB SAHRI,PANDORABOX,2023-02-13 13:45:58,None,pointeuse_Door1_Entrance Card Reader1,-,Original Records,-,-,-
'8,AYOUB SAHRI,PANDORABOX,2023-02-13 14:45:48,None,pointeuse_Door1_Entrance Card Reader1,-,Original Records,-,-,-
'8,AYOUB SAHRI,PANDORABOX,2023-02-13 18:48:11,None,pointeuse_Door1_Entrance Card Reader1,-,Original Records,-,-,-
'8,AYOUB SAHRI,PANDORABOX,2023-02-14 09:12:44,None,pointeuse_Door1_Entrance Card Reader1,-,Original Records,-,-,-
'8,AYOUB SAHRI,PANDORABOX,2023-02-14 13:34:21,None,pointeuse_Door1_Entrance Card Reader1,-,Original Records,-,-,-
'8,AYOUB SAHRI,PANDORABOX,2023-02-14 14:43:00,None,pointeuse_Door1_Entrance Card Reader1,-,Original Records,-,-,-
'8,AYOUB SAHRI,PANDORABOX,2023-02-14 19:08:17,None,pointeuse_Door1_Entrance Card Reader1,-,Original Records,-,-,-
'8,AYOUB SAHRI,PANDORABOX,2023-02-15 09:10:38,None,pointeuse_Door1_Entrance Card Reader1,-,Original Records,-,-,-
'8,AYOUB SAHRI,PANDORABOX,2023-02-15 13:10:58,None,pointeuse_Door1_Entrance Card Reader1,-,Original Records,-,-,-
'8,AYOUB SAHRI,PANDORABOX,2023-02-15 14:08:31,None,pointeuse_Door1_Entrance Card Reader1,-,Original Records,-,-,-
'8,AYOUB SAHRI,PANDORABOX,2023-02-15 18:29:05,None,pointeuse_Door1_Entrance Card Reader1,-,Original Records,-,-,-
'8,AYOUB SAHRI,PANDORABOX,2023-02-16 09:10:02,None,pointeuse_Door1_Entrance Card Reader1,-,Original Records,-,-,-
'8,AYOUB SAHRI,PANDORABOX,2023-02-16 13:29:04,None,pointeuse_Door1_Entrance Card Reader1,-,Original Records,-,-,-
'8,AYOUB SAHRI,PANDORABOX,2023-02-16 14:19:37,None,pointeuse_Door1_Entrance Card Reader1,-,Original Records,-,-,-
'8,AYOUB SAHRI,PANDORABOX,2023-02-17 09:10:42,None,pointeuse_Door1_Entrance Card Reader1,-,Original Records,-,-,-
'8,AYOUB SAHRI,PANDORABOX,2023-02-17 13:33:43,None,pointeuse_Door1_Entrance Card Reader1,-,Original Records,-,-,-
'8,AYOUB SAHRI,PANDORABOX,2023-02-17 14:27:20,None,pointeuse_Door1_Entrance Card Reader1,-,Original Records,-,-,-
'8,AYOUB SAHRI,PANDORABOX,2023-02-17 18:45:15,None,pointeuse_Door1_Entrance Card Reader1,-,Original Records,-,-,-
'8,AYOUB SAHRI,PANDORABOX,2023-02-20 09:06:17,None,pointeuse_Door1_Entrance Card Reader1,-,Original Records,-,-,-
'8,AYOUB SAHRI,PANDORABOX,2023-02-20 13:53:30,None,pointeuse_Door1_Entrance Card Reader1,-,Original Records,-,-,-
'8,AYOUB SAHRI,PANDORABOX,2023-02-20 14:57:18,None,pointeuse_Door1_Entrance Card Reader1,-,Original Records,-,-,-
'8,AYOUB SAHRI,PANDORABOX,2023-02-20 19:15:32,None,pointeuse_Door1_Entrance Card Reader1,-,Original Records,-,-,-
'8,AYOUB SAHRI,PANDORABOX,2023-02-21 09:13:00,None,pointeuse_Door1_Entrance Card Reader1,-,Original Records,-,-,-
'8,AYOUB SAHRI,PANDORABOX,2023-02-21 13:38:02,None,pointeuse_Door1_Entrance Card Reader1,-,Original Records,-,-,-
'8,AYOUB SAHRI,PANDORABOX,2023-02-21 14:42:56,None,pointeuse_Door1_Entrance Card Reader1,-,Original Records,-,-,-
'8,AYOUB SAHRI,PANDORABOX,2023-02-21 19:13:50,None,pointeuse_Door1_Entrance Card Reader1,-,Original Records,-,-,-
'8,AYOUB SAHRI,PANDORABOX,2023-02-22 09:10:42,None,pointeuse_Door1_Entrance Card Reader1,-,Original Records,-,-,-
'8,AYOUB SAHRI,PANDORABOX,2023-02-22 13:09:40,None,pointeuse_Door1_Entrance Card Reader1,-,Original Records,-,-,-
'8,AYOUB SAHRI,PANDORABOX,2023-02-22 14:08:29,None,pointeuse_Door1_Entrance Card Reader1,-,Original Records,-,-,-
'8,AYOUB SAHRI,PANDORABOX,2023-02-22 18:16:14,None,pointeuse_Door1_Entrance Card Reader1,-,Original Records,-,-,-
'8,AYOUB SAHRI,PANDORABOX,2023-02-23 09:09:10,None,pointeuse_Door1_Entrance Card Reader1,-,Original Records,-,-,-
'8,AYOUB SAHRI,PANDORABOX,2023-02-23 13:40:24,None,pointeuse_Door1_Entrance Card Reader1,-,Original Records,-,-,-
'8,AYOUB SAHRI,PANDORABOX,2023-02-23 14:28:07,None,pointeuse_Door1_Entrance Card Reader1,-,Original Records,-,-,-
'8,AYOUB SAHRI,PANDORABOX,2023-02-23 18:54:37,None,pointeuse_Door1_Entrance Card Reader1,-,Original Records,-,-,-
'9,Anouar Zemouri,PANDORABOX,2023-02-22 15:15:46,None,pointeuse_Door1_Entrance Card Reader1,-,Original Records,-,-,-
'9,Anouar Zemouri,PANDORABOX,2023-02-22 18:45:34,None,pointeuse_Door1_Entrance Card Reader1,-,Original Records,-,-,-
'9,Anouar Zemouri,PANDORABOX,2023-02-23 10:34:02,None,pointeuse_Door1_Entrance Card Reader1,-,Original Records,-,-,-
'9,Anouar Zemouri,PANDORABOX,2023-02-23 15:02:47,None,pointeuse_Door1_Entrance Card Reader1,-,Original Records,-,-,-
'9,Anouar Zemouri,PANDORABOX,2023-02-23 15:50:33,None,pointeuse_Door1_Entrance Card Reader1,-,Original Records,-,-,-
'11,AYOUB  ZIANI,PANDORABOX,2023-01-24 09:12:59,None,pointeuse_Door1_Entrance Card Reader1,-,Original Records,-,-,-
'11,AYOUB  ZIANI,PANDORABOX,2023-01-24 13:42:50,None,pointeuse_Door1_Entrance Card Reader1,-,Original Records,-,-,-
'11,AYOUB  ZIANI,PANDORABOX,2023-01-24 13:45:09,None,pointeuse_Door1_Entrance Card Reader1,-,Original Records,-,-,-
'11,AYOUB  ZIANI,PANDORABOX,2023-01-24 14:37:07,None,pointeuse_Door1_Entrance Card Reader1,-,Original Records,-,-,-
'11,AYOUB  ZIANI,PANDORABOX,2023-01-24 19:47:57,None,pointeuse_Door1_Entrance Card Reader1,-,Original Records,-,-,-
'11,AYOUB  ZIANI,PANDORABOX,2023-01-24 20:10:03,None,pointeuse_Door1_Entrance Card Reader1,-,Original Records,-,-,-
'11,AYOUB  ZIANI,PANDORABOX,2023-01-24 20:19:26,None,pointeuse_Door1_Entrance Card Reader1,-,Original Records,-,-,-
'11,AYOUB  ZIANI,PANDORABOX,2023-01-24 21:14:54,None,pointeuse_Door1_Entrance Card Reader1,-,Original Records,-,-,-
'11,AYOUB  ZIANI,PANDORABOX,2023-01-24 22:13:20,None,pointeuse_Door1_Entrance Card Reader1,-,Original Records,-,-,-
'11,AYOUB  ZIANI,PANDORABOX,2023-01-25 13:35:47,None,pointeuse_Door1_Entrance Card Reader1,-,Original Records,-,-,-
'11,AYOUB  ZIANI,PANDORABOX,2023-01-25 18:22:20,None,pointeuse_Door1_Entrance Card Reader1,-,Original Records,-,-,-
'11,AYOUB  ZIANI,PANDORABOX,2023-01-26 09:06:16,None,pointeuse_Door1_Entrance Card Reader1,-,Original Records,-,-,-
'11,AYOUB  ZIANI,PANDORABOX,2023-01-26 13:07:39,None,pointeuse_Door1_Entrance Card Reader1,-,Original Records,-,-,-
'11,AYOUB  ZIANI,PANDORABOX,2023-01-26 14:21:04,None,pointeuse_Door1_Entrance Card Reader1,-,Original Records,-,-,-
'11,AYOUB  ZIANI,PANDORABOX,2023-01-26 18:53:44,None,pointeuse_Door1_Entrance Card Reader1,-,Original Records,-,-,-
'11,AYOUB  ZIANI,PANDORABOX,2023-01-27 09:43:09,None,pointeuse_Door1_Entrance Card Reader1,-,Original Records,-,-,-
'11,AYOUB  ZIANI,PANDORABOX,2023-01-27 13:13:49,None,pointeuse_Door1_Entrance Card Reader1,-,Original Records,-,-,-
'11,AYOUB  ZIANI,PANDORABOX,2023-01-27 15:05:25,None,pointeuse_Door1_Entrance Card Reader1,-,Original Records,-,-,-
'11,AYOUB  ZIANI,PANDORABOX,2023-01-27 19:47:18,None,pointeuse_Door1_Entrance Card Reader1,-,Original Records,-,-,-
'11,AYOUB  ZIANI,PANDORABOX,2023-01-28 10:58:01,None,pointeuse_Door1_Entrance Card Reader1,-,Original Records,-,-,-
'11,AYOUB  ZIANI,PANDORABOX,2023-01-28 17:53:30,None,pointeuse_Door1_Entrance Card Reader1,-,Original Records,-,-,-
'11,AYOUB  ZIANI,PANDORABOX,2023-01-30 09:44:23,None,pointeuse_Door1_Entrance Card Reader1,-,Original Records,-,-,-
'11,AYOUB  ZIANI,PANDORABOX,2023-01-30 13:17:28,None,pointeuse_Door1_Entrance Card Reader1,-,Original Records,-,-,-
'11,AYOUB  ZIANI,PANDORABOX,2023-01-30 14:33:24,None,pointeuse_Door1_Entrance Card Reader1,-,Original Records,-,-,-
'11,AYOUB  ZIANI,PANDORABOX,2023-01-30 18:24:49,None,pointeuse_Door1_Entrance Card Reader1,-,Original Records,-,-,-
'11,AYOUB  ZIANI,PANDORABOX,2023-01-31 09:30:45,None,pointeuse_Door1_Entrance Card Reader1,-,Original Records,-,-,-
'11,AYOUB  ZIANI,PANDORABOX,2023-01-31 13:26:55,None,pointeuse_Door1_Entrance Card Reader1,-,Original Records,-,-,-
'11,AYOUB  ZIANI,PANDORABOX,2023-01-31 13:27:55,None,pointeuse_Door1_Entrance Card Reader1,-,Original Records,-,-,-
'11,AYOUB  ZIANI,PANDORABOX,2023-01-31 14:29:17,None,pointeuse_Door1_Entrance Card Reader1,-,Original Records,-,-,-
'11,AYOUB  ZIANI,PANDORABOX,2023-01-31 18:15:06,None,pointeuse_Door1_Entrance Card Reader1,-,Original Records,-,-,-
'11,AYOUB  ZIANI,PANDORABOX,2023-02-01 09:35:26,None,pointeuse_Door1_Entrance Card Reader1,-,Original Records,-,-,-
'11,AYOUB  ZIANI,PANDORABOX,2023-02-01 14:17:07,None,pointeuse_Door1_Entrance Card Reader1,-,Original Records,-,-,-
'11,AYOUB  ZIANI,PANDORABOX,2023-02-01 15:08:54,None,pointeuse_Door1_Entrance Card Reader1,-,Original Records,-,-,-
'11,AYOUB  ZIANI,PANDORABOX,2023-02-01 18:57:32,None,pointeuse_Door1_Entrance Card Reader1,-,Original Records,-,-,-
'11,AYOUB  ZIANI,PANDORABOX,2023-02-02 09:26:46,None,pointeuse_Door1_Entrance Card Reader1,-,Original Records,-,-,-
'11,AYOUB  ZIANI,PANDORABOX,2023-02-02 13:18:25,None,pointeuse_Door1_Entrance Card Reader1,-,Original Records,-,-,-
'11,AYOUB  ZIANI,PANDORABOX,2023-02-02 14:35:03,None,pointeuse_Door1_Entrance Card Reader1,-,Original Records,-,-,-
'11,AYOUB  ZIANI,PANDORABOX,2023-02-02 18:48:02,None,pointeuse_Door1_Entrance Card Reader1,-,Original Records,-,-,-
'11,AYOUB  ZIANI,PANDORABOX,2023-02-02 18:48:45,None,pointeuse_Door1_Entrance Card Reader1,-,Original Records,-,-,-
'11,AYOUB  ZIANI,PANDORABOX,2023-02-03 09:41:37,None,pointeuse_Door1_Entrance Card Reader1,-,Original Records,-,-,-
'11,AYOUB  ZIANI,PANDORABOX,2023-02-03 13:14:03,None,pointeuse_Door1_Entrance Card Reader1,-,Original Records,-,-,-
'11,AYOUB  ZIANI,PANDORABOX,2023-02-03 15:08:47,None,pointeuse_Door1_Entrance Card Reader1,-,Original Records,-,-,-
'11,AYOUB  ZIANI,PANDORABOX,2023-02-03 18:22:28,None,pointeuse_Door1_Entrance Card Reader1,-,Original Records,-,-,-
'11,AYOUB  ZIANI,PANDORABOX,2023-02-06 09:17:22,None,pointeuse_Door1_Entrance Card Reader1,-,Original Records,-,-,-
'11,AYOUB  ZIANI,PANDORABOX,2023-02-06 13:17:05,None,pointeuse_Door1_Entrance Card Reader1,-,Original Records,-,-,-
'11,AYOUB  ZIANI,PANDORABOX,2023-02-06 14:14:32,None,pointeuse_Door1_Entrance Card Reader1,-,Original Records,-,-,-
'11,AYOUB  ZIANI,PANDORABOX,2023-02-06 18:51:31,None,pointeuse_Door1_Entrance Card Reader1,-,Original Records,-,-,-
'11,AYOUB  ZIANI,PANDORABOX,2023-02-07 09:16:39,None,pointeuse_Door1_Entrance Card Reader1,-,Original Records,-,-,-
'11,AYOUB  ZIANI,PANDORABOX,2023-02-07 13:57:32,None,pointeuse_Door1_Entrance Card Reader1,-,Original Records,-,-,-
'11,AYOUB  ZIANI,PANDORABOX,2023-02-07 15:08:26,None,pointeuse_Door1_Entrance Card Reader1,-,Original Records,-,-,-
'11,AYOUB  ZIANI,PANDORABOX,2023-02-07 18:18:23,None,pointeuse_Door1_Entrance Card Reader1,-,Original Records,-,-,-
'11,AYOUB  ZIANI,PANDORABOX,2023-02-08 09:25:20,None,pointeuse_Door1_Entrance Card Reader1,-,Original Records,-,-,-
'11,AYOUB  ZIANI,PANDORABOX,2023-02-08 13:33:40,None,pointeuse_Door1_Entrance Card Reader1,-,Original Records,-,-,-
'11,AYOUB  ZIANI,PANDORABOX,2023-02-08 14:30:50,None,pointeuse_Door1_Entrance Card Reader1,-,Original Records,-,-,-
'11,AYOUB  ZIANI,PANDORABOX,2023-02-08 18:22:52,None,pointeuse_Door1_Entrance Card Reader1,-,Original Records,-,-,-
'11,AYOUB  ZIANI,PANDORABOX,2023-02-08 18:27:56,None,pointeuse_Door1_Entrance Card Reader1,-,Original Records,-,-,-
'11,AYOUB  ZIANI,PANDORABOX,2023-02-09 09:21:23,None,pointeuse_Door1_Entrance Card Reader1,-,Original Records,-,-,-
'11,AYOUB  ZIANI,PANDORABOX,2023-02-09 13:06:23,None,pointeuse_Door1_Entrance Card Reader1,-,Original Records,-,-,-
'11,AYOUB  ZIANI,PANDORABOX,2023-02-09 14:12:19,None,pointeuse_Door1_Entrance Card Reader1,-,Original Records,-,-,-
'11,AYOUB  ZIANI,PANDORABOX,2023-02-09 18:32:44,None,pointeuse_Door1_Entrance Card Reader1,-,Original Records,-,-,-
'11,AYOUB  ZIANI,PANDORABOX,2023-02-10 09:56:01,None,pointeuse_Door1_Entrance Card Reader1,-,Original Records,-,-,-
'11,AYOUB  ZIANI,PANDORABOX,2023-02-10 13:31:37,None,pointeuse_Door1_Entrance Card Reader1,-,Original Records,-,-,-
'11,AYOUB  ZIANI,PANDORABOX,2023-02-10 15:03:32,None,pointeuse_Door1_Entrance Card Reader1,-,Original Records,-,-,-
'11,AYOUB  ZIANI,PANDORABOX,2023-02-10 18:23:19,None,pointeuse_Door1_Entrance Card Reader1,-,Original Records,-,-,-
'11,AYOUB  ZIANI,PANDORABOX,2023-02-13 09:34:31,None,pointeuse_Door1_Entrance Card Reader1,-,Original Records,-,-,-
'11,AYOUB  ZIANI,PANDORABOX,2023-02-13 13:28:01,None,pointeuse_Door1_Entrance Card Reader1,-,Original Records,-,-,-
'11,AYOUB  ZIANI,PANDORABOX,2023-02-13 14:59:57,None,pointeuse_Door1_Entrance Card Reader1,-,Original Records,-,-,-
'11,AYOUB  ZIANI,PANDORABOX,2023-02-13 18:48:14,None,pointeuse_Door1_Entrance Card Reader1,-,Original Records,-,-,-
'11,AYOUB  ZIANI,PANDORABOX,2023-02-14 09:32:25,None,pointeuse_Door1_Entrance Card Reader1,-,Original Records,-,-,-
'11,AYOUB  ZIANI,PANDORABOX,2023-02-14 13:25:03,None,pointeuse_Door1_Entrance Card Reader1,-,Original Records,-,-,-
'11,AYOUB  ZIANI,PANDORABOX,2023-02-14 14:07:32,None,pointeuse_Door1_Entrance Card Reader1,-,Original Records,-,-,-
'11,AYOUB  ZIANI,PANDORABOX,2023-02-14 18:11:48,None,pointeuse_Door1_Entrance Card Reader1,-,Original Records,-,-,-
'11,AYOUB  ZIANI,PANDORABOX,2023-02-15 09:19:21,None,pointeuse_Door1_Entrance Card Reader1,-,Original Records,-,-,-
'11,AYOUB  ZIANI,PANDORABOX,2023-02-15 12:50:17,None,pointeuse_Door1_Entrance Card Reader1,-,Original Records,-,-,-
'11,AYOUB  ZIANI,PANDORABOX,2023-02-15 14:17:40,None,pointeuse_Door1_Entrance Card Reader1,-,Original Records,-,-,-
'11,AYOUB  ZIANI,PANDORABOX,2023-02-15 18:46:31,None,pointeuse_Door1_Entrance Card Reader1,-,Original Records,-,-,-
'11,AYOUB  ZIANI,PANDORABOX,2023-02-16 09:22:13,None,pointeuse_Door1_Entrance Card Reader1,-,Original Records,-,-,-
'11,AYOUB  ZIANI,PANDORABOX,2023-02-16 13:18:25,None,pointeuse_Door1_Entrance Card Reader1,-,Original Records,-,-,-
'11,AYOUB  ZIANI,PANDORABOX,2023-02-16 14:21:23,None,pointeuse_Door1_Entrance Card Reader1,-,Original Records,-,-,-
'11,AYOUB  ZIANI,PANDORABOX,2023-02-16 19:19:13,None,pointeuse_Door1_Entrance Card Reader1,-,Original Records,-,-,-
'11,AYOUB  ZIANI,PANDORABOX,2023-02-16 19:20:08,None,pointeuse_Door1_Entrance Card Reader1,-,Original Records,-,-,-
'11,AYOUB  ZIANI,PANDORABOX,2023-02-17 09:38:19,None,pointeuse_Door1_Entrance Card Reader1,-,Original Records,-,-,-
'11,AYOUB  ZIANI,PANDORABOX,2023-02-17 13:30:58,None,pointeuse_Door1_Entrance Card Reader1,-,Original Records,-,-,-
'11,AYOUB  ZIANI,PANDORABOX,2023-02-17 15:15:21,None,pointeuse_Door1_Entrance Card Reader1,-,Original Records,-,-,-
'11,AYOUB  ZIANI,PANDORABOX,2023-02-17 20:55:43,None,pointeuse_Door1_Entrance Card Reader1,-,Original Records,-,-,-
'11,AYOUB  ZIANI,PANDORABOX,2023-02-17 20:56:00,None,pointeuse_Door1_Entrance Card Reader1,-,Original Records,-,-,-
'11,AYOUB  ZIANI,PANDORABOX,2023-02-20 09:25:08,None,pointeuse_Door1_Entrance Card Reader1,-,Original Records,-,-,-
'11,AYOUB  ZIANI,PANDORABOX,2023-02-20 13:19:59,None,pointeuse_Door1_Entrance Card Reader1,-,Original Records,-,-,-
'11,AYOUB  ZIANI,PANDORABOX,2023-02-20 14:46:21,None,pointeuse_Door1_Entrance Card Reader1,-,Original Records,-,-,-
'11,AYOUB  ZIANI,PANDORABOX,2023-02-20 18:30:11,None,pointeuse_Door1_Entrance Card Reader1,-,Original Records,-,-,-
'11,AYOUB  ZIANI,PANDORABOX,2023-02-21 09:28:16,None,pointeuse_Door1_Entrance Card Reader1,-,Original Records,-,-,-
'11,AYOUB  ZIANI,PANDORABOX,2023-02-21 13:42:53,None,pointeuse_Door1_Entrance Card Reader1,-,Original Records,-,-,-
'11,AYOUB  ZIANI,PANDORABOX,2023-02-21 14:41:59,None,pointeuse_Door1_Entrance Card Reader1,-,Original Records,-,-,-
'11,AYOUB  ZIANI,PANDORABOX,2023-02-21 18:32:09,None,pointeuse_Door1_Entrance Card Reader1,-,Original Records,-,-,-
'11,AYOUB  ZIANI,PANDORABOX,2023-02-22 09:31:44,None,pointeuse_Door1_Entrance Card Reader1,-,Original Records,-,-,-
'11,AYOUB  ZIANI,PANDORABOX,2023-02-22 12:51:50,None,pointeuse_Door1_Entrance Card Reader1,-,Original Records,-,-,-
'11,AYOUB  ZIANI,PANDORABOX,2023-02-22 14:22:30,None,pointeuse_Door1_Entrance Card Reader1,-,Original Records,-,-,-
'11,AYOUB  ZIANI,PANDORABOX,2023-02-22 18:15:40,None,pointeuse_Door1_Entrance Card Reader1,-,Original Records,-,-,-
'11,AYOUB  ZIANI,PANDORABOX,2023-02-23 09:32:57,None,pointeuse_Door1_Entrance Card Reader1,-,Original Records,-,-,-
'11,AYOUB  ZIANI,PANDORABOX,2023-02-23 13:28:59,None,pointeuse_Door1_Entrance Card Reader1,-,Original Records,-,-,-
'11,AYOUB  ZIANI,PANDORABOX,2023-02-23 14:31:32,None,pointeuse_Door1_Entrance Card Reader1,-,Original Records,-,-,-
'11,AYOUB  ZIANI,PANDORABOX,2023-02-23 18:16:05,None,pointeuse_Door1_Entrance Card Reader1,-,Original Records,-,-,-
'14,ASMAE BENAMAR,PANDORABOX,2023-01-24 18:12:12,None,pointeuse_Door1_Entrance Card Reader1,-,Original Records,-,-,-
'14,ASMAE BENAMAR,PANDORABOX,2023-01-26 18:59:17,None,pointeuse_Door1_Entrance Card Reader1,-,Original Records,-,-,-
'14,ASMAE BENAMAR,PANDORABOX,2023-01-29 16:58:13,None,pointeuse_Door1_Entrance Card Reader1,-,Original Records,-,-,-
'14,ASMAE BENAMAR,PANDORABOX,2023-02-05 15:53:21,None,pointeuse_Door1_Entrance Card Reader1,-,Original Records,-,-,-
'14,ASMAE BENAMAR,PANDORABOX,2023-02-09 17:50:19,None,pointeuse_Door1_Entrance Card Reader1,-,Original Records,-,-,-
'14,ASMAE BENAMAR,PANDORABOX,2023-02-14 18:03:57,None,pointeuse_Door1_Entrance Card Reader1,-,Original Records,-,-,-
'14,ASMAE BENAMAR,PANDORABOX,2023-02-16 18:07:51,None,pointeuse_Door1_Entrance Card Reader1,-,Original Records,-,-,-
'14,ASMAE BENAMAR,PANDORABOX,2023-02-17 18:24:35,None,pointeuse_Door1_Entrance Card Reader1,-,Original Records,-,-,-
'14,ASMAE BENAMAR,PANDORABOX,2023-02-21 18:13:37,None,pointeuse_Door1_Entrance Card Reader1,-,Original Records,-,-,-
'14,ASMAE BENAMAR,PANDORABOX,2023-02-21 18:13:43,None,pointeuse_Door1_Entrance Card Reader1,-,Original Records,-,-,-
'14,ASMAE BENAMAR,PANDORABOX,2023-02-23 18:05:06,None,pointeuse_Door1_Entrance Card Reader1,-,Original Records,-,-,-
'14,ASMAE BENAMAR,PANDORABOX,2023-02-23 18:05:07,None,pointeuse_Door1_Entrance Card Reader1,-,Original Records,-,-,-
'15,SOUFIAN TAIEBOUNE,PANDORABOX,2023-01-24 15:54:30,None,pointeuse_Door1_Entrance Card Reader1,-,Original Records,-,-,-
'15,SOUFIAN TAIEBOUNE,PANDORABOX,2023-01-24 21:28:05,None,pointeuse_Door1_Entrance Card Reader1,-,Original Records,-,-,-
'15,SOUFIAN TAIEBOUNE,PANDORABOX,2023-01-26 11:03:11,None,pointeuse_Door1_Entrance Card Reader1,-,Original Records,-,-,-
'15,SOUFIAN TAIEBOUNE,PANDORABOX,2023-01-26 14:48:35,None,pointeuse_Door1_Entrance Card Reader1,-,Original Records,-,-,-
'15,SOUFIAN TAIEBOUNE,PANDORABOX,2023-01-27 13:20:34,None,pointeuse_Door1_Entrance Card Reader1,-,Original Records,-,-,-
'15,SOUFIAN TAIEBOUNE,PANDORABOX,2023-01-30 10:40:22,None,pointeuse_Door1_Entrance Card Reader1,-,Original Records,-,-,-
'15,SOUFIAN TAIEBOUNE,PANDORABOX,2023-01-30 14:55:59,None,pointeuse_Door1_Entrance Card Reader1,-,Original Records,-,-,-
'15,SOUFIAN TAIEBOUNE,PANDORABOX,2023-01-31 11:26:13,None,pointeuse_Door1_Entrance Card Reader1,-,Original Records,-,-,-
'15,SOUFIAN TAIEBOUNE,PANDORABOX,2023-01-31 15:42:52,None,pointeuse_Door1_Entrance Card Reader1,-,Original Records,-,-,-
'15,SOUFIAN TAIEBOUNE,PANDORABOX,2023-02-03 11:11:05,None,pointeuse_Door1_Entrance Card Reader1,-,Original Records,-,-,-
'15,SOUFIAN TAIEBOUNE,PANDORABOX,2023-02-03 15:12:36,None,pointeuse_Door1_Entrance Card Reader1,-,Original Records,-,-,-
'15,SOUFIAN TAIEBOUNE,PANDORABOX,2023-02-03 16:52:59,None,pointeuse_Door1_Entrance Card Reader1,-,Original Records,-,-,-
'15,SOUFIAN TAIEBOUNE,PANDORABOX,2023-02-06 10:12:45,None,pointeuse_Door1_Entrance Card Reader1,-,Original Records,-,-,-
'15,SOUFIAN TAIEBOUNE,PANDORABOX,2023-02-06 12:39:29,None,pointeuse_Door1_Entrance Card Reader1,-,Original Records,-,-,-
'15,SOUFIAN TAIEBOUNE,PANDORABOX,2023-02-06 14:49:17,None,pointeuse_Door1_Entrance Card Reader1,-,Original Records,-,-,-
'15,SOUFIAN TAIEBOUNE,PANDORABOX,2023-02-07 11:13:23,None,pointeuse_Door1_Entrance Card Reader1,-,Original Records,-,-,-
'15,SOUFIAN TAIEBOUNE,PANDORABOX,2023-02-07 14:59:14,None,pointeuse_Door1_Entrance Card Reader1,-,Original Records,-,-,-
'15,SOUFIAN TAIEBOUNE,PANDORABOX,2023-02-08 10:56:36,None,pointeuse_Door1_Entrance Card Reader1,-,Original Records,-,-,-
'15,SOUFIAN TAIEBOUNE,PANDORABOX,2023-02-13 15:59:53,None,pointeuse_Door1_Entrance Card Reader1,-,Original Records,-,-,-
'15,SOUFIAN TAIEBOUNE,PANDORABOX,2023-02-14 11:01:03,None,pointeuse_Door1_Entrance Card Reader1,-,Original Records,-,-,-
'15,SOUFIAN TAIEBOUNE,PANDORABOX,2023-02-14 15:05:07,None,pointeuse_Door1_Entrance Card Reader1,-,Original Records,-,-,-
'15,SOUFIAN TAIEBOUNE,PANDORABOX,2023-02-17 09:20:51,None,pointeuse_Door1_Entrance Card Reader1,-,Original Records,-,-,-
'15,SOUFIAN TAIEBOUNE,PANDORABOX,2023-02-17 14:24:39,None,pointeuse_Door1_Entrance Card Reader1,-,Original Records,-,-,-
'15,SOUFIAN TAIEBOUNE,PANDORABOX,2023-02-17 14:24:41,None,pointeuse_Door1_Entrance Card Reader1,-,Original Records,-,-,-
'15,SOUFIAN TAIEBOUNE,PANDORABOX,2023-02-17 14:24:44,None,pointeuse_Door1_Entrance Card Reader1,-,Original Records,-,-,-
'15,SOUFIAN TAIEBOUNE,PANDORABOX,2023-02-17 16:20:39,None,pointeuse_Door1_Entrance Card Reader1,-,Original Records,-,-,-
'15,SOUFIAN TAIEBOUNE,PANDORABOX,2023-02-17 17:08:47,None,pointeuse_Door1_Entrance Card Reader1,-,Original Records,-,-,-
'15,SOUFIAN TAIEBOUNE,PANDORABOX,2023-02-17 19:12:14,None,pointeuse_Door1_Entrance Card Reader1,-,Original Records,-,-,-
'15,SOUFIAN TAIEBOUNE,PANDORABOX,2023-02-18 22:23:00,None,pointeuse_Door1_Entrance Card Reader1,-,Original Records,-,-,-
'15,SOUFIAN TAIEBOUNE,PANDORABOX,2023-02-20 09:40:20,None,pointeuse_Door1_Entrance Card Reader1,-,Original Records,-,-,-
'15,SOUFIAN TAIEBOUNE,PANDORABOX,2023-02-20 15:26:09,None,pointeuse_Door1_Entrance Card Reader1,-,Original Records,-,-,-
'15,SOUFIAN TAIEBOUNE,PANDORABOX,2023-02-21 10:39:45,None,pointeuse_Door1_Entrance Card Reader1,-,Original Records,-,-,-
'15,SOUFIAN TAIEBOUNE,PANDORABOX,2023-02-21 13:51:51,None,pointeuse_Door1_Entrance Card Reader1,-,Original Records,-,-,-
'15,SOUFIAN TAIEBOUNE,PANDORABOX,2023-02-22 09:55:49,None,pointeuse_Door1_Entrance Card Reader1,-,Original Records,-,-,-
'22,FIRDAOUSS HARMOUCH,PANDORABOX,2023-01-25 09:33:22,None,pointeuse_Door1_Entrance Card Reader1,-,Original Records,-,-,-
'22,FIRDAOUSS HARMOUCH,PANDORABOX,2023-01-25 13:38:34,None,pointeuse_Door1_Entrance Card Reader1,-,Original Records,-,-,-
'22,FIRDAOUSS HARMOUCH,PANDORABOX,2023-01-25 14:31:16,None,pointeuse_Door1_Entrance Card Reader1,-,Original Records,-,-,-
'22,FIRDAOUSS HARMOUCH,PANDORABOX,2023-01-25 18:18:41,None,pointeuse_Door1_Entrance Card Reader1,-,Original Records,-,-,-
'22,FIRDAOUSS HARMOUCH,PANDORABOX,2023-01-26 09:31:02,None,pointeuse_Door1_Entrance Card Reader1,-,Original Records,-,-,-
'22,FIRDAOUSS HARMOUCH,PANDORABOX,2023-01-26 13:26:46,None,pointeuse_Door1_Entrance Card Reader1,-,Original Records,-,-,-
'22,FIRDAOUSS HARMOUCH,PANDORABOX,2023-01-26 14:28:43,None,pointeuse_Door1_Entrance Card Reader1,-,Original Records,-,-,-
'22,FIRDAOUSS HARMOUCH,PANDORABOX,2023-01-26 18:53:28,None,pointeuse_Door1_Entrance Card Reader1,-,Original Records,-,-,-
'22,FIRDAOUSS HARMOUCH,PANDORABOX,2023-01-27 09:45:06,None,pointeuse_Door1_Entrance Card Reader1,-,Original Records,-,-,-
'22,FIRDAOUSS HARMOUCH,PANDORABOX,2023-01-27 13:24:07,None,pointeuse_Door1_Entrance Card Reader1,-,Original Records,-,-,-
'22,FIRDAOUSS HARMOUCH,PANDORABOX,2023-01-27 14:30:56,None,pointeuse_Door1_Entrance Card Reader1,-,Original Records,-,-,-
'22,FIRDAOUSS HARMOUCH,PANDORABOX,2023-01-27 19:50:20,None,pointeuse_Door1_Entrance Card Reader1,-,Original Records,-,-,-
'22,FIRDAOUSS HARMOUCH,PANDORABOX,2023-01-30 09:25:32,None,pointeuse_Door1_Entrance Card Reader1,-,Original Records,-,-,-
'22,FIRDAOUSS HARMOUCH,PANDORABOX,2023-01-30 13:29:40,None,pointeuse_Door1_Entrance Card Reader1,-,Original Records,-,-,-
'22,FIRDAOUSS HARMOUCH,PANDORABOX,2023-01-30 14:33:53,None,pointeuse_Door1_Entrance Card Reader1,-,Original Records,-,-,-
'22,FIRDAOUSS HARMOUCH,PANDORABOX,2023-01-30 18:30:24,None,pointeuse_Door1_Entrance Card Reader1,-,Original Records,-,-,-
'22,FIRDAOUSS HARMOUCH,PANDORABOX,2023-01-31 09:22:16,None,pointeuse_Door1_Entrance Card Reader1,-,Original Records,-,-,-
'22,FIRDAOUSS HARMOUCH,PANDORABOX,2023-01-31 13:35:08,None,pointeuse_Door1_Entrance Card Reader1,-,Original Records,-,-,-
'22,FIRDAOUSS HARMOUCH,PANDORABOX,2023-01-31 18:22:28,None,pointeuse_Door1_Entrance Card Reader1,-,Original Records,-,-,-
'22,FIRDAOUSS HARMOUCH,PANDORABOX,2023-02-01 09:24:49,None,pointeuse_Door1_Entrance Card Reader1,-,Original Records,-,-,-
'22,FIRDAOUSS HARMOUCH,PANDORABOX,2023-02-01 13:18:04,None,pointeuse_Door1_Entrance Card Reader1,-,Original Records,-,-,-
'22,FIRDAOUSS HARMOUCH,PANDORABOX,2023-02-01 14:30:35,None,pointeuse_Door1_Entrance Card Reader1,-,Original Records,-,-,-
'22,FIRDAOUSS HARMOUCH,PANDORABOX,2023-02-01 18:12:39,None,pointeuse_Door1_Entrance Card Reader1,-,Original Records,-,-,-
'22,FIRDAOUSS HARMOUCH,PANDORABOX,2023-02-02 09:30:09,None,pointeuse_Door1_Entrance Card Reader1,-,Original Records,-,-,-
'22,FIRDAOUSS HARMOUCH,PANDORABOX,2023-02-02 13:33:33,None,pointeuse_Door1_Entrance Card Reader1,-,Original Records,-,-,-
'22,FIRDAOUSS HARMOUCH,PANDORABOX,2023-02-02 14:31:08,None,pointeuse_Door1_Entrance Card Reader1,-,Original Records,-,-,-
'22,FIRDAOUSS HARMOUCH,PANDORABOX,2023-02-02 18:14:03,None,pointeuse_Door1_Entrance Card Reader1,-,Original Records,-,-,-
'22,FIRDAOUSS HARMOUCH,PANDORABOX,2023-02-03 10:20:51,None,pointeuse_Door1_Entrance Card Reader1,-,Original Records,-,-,-
'22,FIRDAOUSS HARMOUCH,PANDORABOX,2023-02-03 13:25:21,None,pointeuse_Door1_Entrance Card Reader1,-,Original Records,-,-,-
'22,FIRDAOUSS HARMOUCH,PANDORABOX,2023-02-03 14:20:18,None,pointeuse_Door1_Entrance Card Reader1,-,Original Records,-,-,-
'22,FIRDAOUSS HARMOUCH,PANDORABOX,2023-02-03 19:37:38,None,pointeuse_Door1_Entrance Card Reader1,-,Original Records,-,-,-
'22,FIRDAOUSS HARMOUCH,PANDORABOX,2023-02-06 09:14:19,None,pointeuse_Door1_Entrance Card Reader1,-,Original Records,-,-,-
'22,FIRDAOUSS HARMOUCH,PANDORABOX,2023-02-06 13:11:15,None,pointeuse_Door1_Entrance Card Reader1,-,Original Records,-,-,-
'22,FIRDAOUSS HARMOUCH,PANDORABOX,2023-02-06 14:34:44,None,pointeuse_Door1_Entrance Card Reader1,-,Original Records,-,-,-
'22,FIRDAOUSS HARMOUCH,PANDORABOX,2023-02-06 18:33:26,None,pointeuse_Door1_Entrance Card Reader1,-,Original Records,-,-,-
'22,FIRDAOUSS HARMOUCH,PANDORABOX,2023-02-07 09:42:55,None,pointeuse_Door1_Entrance Card Reader1,-,Original Records,-,-,-
'22,FIRDAOUSS HARMOUCH,PANDORABOX,2023-02-07 13:48:54,None,pointeuse_Door1_Entrance Card Reader1,-,Original Records,-,-,-
'22,FIRDAOUSS HARMOUCH,PANDORABOX,2023-02-07 14:45:53,None,pointeuse_Door1_Entrance Card Reader1,-,Original Records,-,-,-
'22,FIRDAOUSS HARMOUCH,PANDORABOX,2023-02-07 18:33:16,None,pointeuse_Door1_Entrance Card Reader1,-,Original Records,-,-,-
'22,FIRDAOUSS HARMOUCH,PANDORABOX,2023-02-08 09:22:40,None,pointeuse_Door1_Entrance Card Reader1,-,Original Records,-,-,-
'22,FIRDAOUSS HARMOUCH,PANDORABOX,2023-02-08 13:47:59,None,pointeuse_Door1_Entrance Card Reader1,-,Original Records,-,-,-
'22,FIRDAOUSS HARMOUCH,PANDORABOX,2023-02-08 14:42:13,None,pointeuse_Door1_Entrance Card Reader1,-,Original Records,-,-,-
'22,FIRDAOUSS HARMOUCH,PANDORABOX,2023-02-08 18:33:22,None,pointeuse_Door1_Entrance Card Reader1,-,Original Records,-,-,-
'22,FIRDAOUSS HARMOUCH,PANDORABOX,2023-02-10 09:25:57,None,pointeuse_Door1_Entrance Card Reader1,-,Original Records,-,-,-
'22,FIRDAOUSS HARMOUCH,PANDORABOX,2023-02-10 13:45:46,None,pointeuse_Door1_Entrance Card Reader1,-,Original Records,-,-,-
'22,FIRDAOUSS HARMOUCH,PANDORABOX,2023-02-10 14:46:16,None,pointeuse_Door1_Entrance Card Reader1,-,Original Records,-,-,-
'22,FIRDAOUSS HARMOUCH,PANDORABOX,2023-02-10 18:26:04,None,pointeuse_Door1_Entrance Card Reader1,-,Original Records,-,-,-
'22,FIRDAOUSS HARMOUCH,PANDORABOX,2023-02-13 09:09:21,None,pointeuse_Door1_Entrance Card Reader1,-,Original Records,-,-,-
'22,FIRDAOUSS HARMOUCH,PANDORABOX,2023-02-13 13:48:47,None,pointeuse_Door1_Entrance Card Reader1,-,Original Records,-,-,-
'22,FIRDAOUSS HARMOUCH,PANDORABOX,2023-02-13 14:41:07,None,pointeuse_Door1_Entrance Card Reader1,-,Original Records,-,-,-
'22,FIRDAOUSS HARMOUCH,PANDORABOX,2023-02-13 18:33:18,None,pointeuse_Door1_Entrance Card Reader1,-,Original Records,-,-,-
'22,FIRDAOUSS HARMOUCH,PANDORABOX,2023-02-14 09:12:40,None,pointeuse_Door1_Entrance Card Reader1,-,Original Records,-,-,-
'22,FIRDAOUSS HARMOUCH,PANDORABOX,2023-02-14 13:29:48,None,pointeuse_Door1_Entrance Card Reader1,-,Original Records,-,-,-
'22,FIRDAOUSS HARMOUCH,PANDORABOX,2023-02-14 14:36:38,None,pointeuse_Door1_Entrance Card Reader1,-,Original Records,-,-,-
'22,FIRDAOUSS HARMOUCH,PANDORABOX,2023-02-14 18:13:03,None,pointeuse_Door1_Entrance Card Reader1,-,Original Records,-,-,-
'22,FIRDAOUSS HARMOUCH,PANDORABOX,2023-02-15 09:19:26,None,pointeuse_Door1_Entrance Card Reader1,-,Original Records,-,-,-
'22,FIRDAOUSS HARMOUCH,PANDORABOX,2023-02-15 13:10:43,None,pointeuse_Door1_Entrance Card Reader1,-,Original Records,-,-,-
'22,FIRDAOUSS HARMOUCH,PANDORABOX,2023-02-15 14:08:12,None,pointeuse_Door1_Entrance Card Reader1,-,Original Records,-,-,-
'22,FIRDAOUSS HARMOUCH,PANDORABOX,2023-02-15 18:23:24,None,pointeuse_Door1_Entrance Card Reader1,-,Original Records,-,-,-
'22,FIRDAOUSS HARMOUCH,PANDORABOX,2023-02-15 18:57:51,None,pointeuse_Door1_Entrance Card Reader1,-,Original Records,-,-,-
'22,FIRDAOUSS HARMOUCH,PANDORABOX,2023-02-15 18:58:07,None,pointeuse_Door1_Entrance Card Reader1,-,Original Records,-,-,-
'22,FIRDAOUSS HARMOUCH,PANDORABOX,2023-02-16 09:27:50,None,pointeuse_Door1_Entrance Card Reader1,-,Original Records,-,-,-
'22,FIRDAOUSS HARMOUCH,PANDORABOX,2023-02-16 13:30:19,None,pointeuse_Door1_Entrance Card Reader1,-,Original Records,-,-,-
'22,FIRDAOUSS HARMOUCH,PANDORABOX,2023-02-16 14:23:39,None,pointeuse_Door1_Entrance Card Reader1,-,Original Records,-,-,-
'22,FIRDAOUSS HARMOUCH,PANDORABOX,2023-02-16 18:35:38,None,pointeuse_Door1_Entrance Card Reader1,-,Original Records,-,-,-
'22,FIRDAOUSS HARMOUCH,PANDORABOX,2023-02-17 09:23:43,None,pointeuse_Door1_Entrance Card Reader1,-,Original Records,-,-,-
'22,FIRDAOUSS HARMOUCH,PANDORABOX,2023-02-17 13:36:42,None,pointeuse_Door1_Entrance Card Reader1,-,Original Records,-,-,-
'22,FIRDAOUSS HARMOUCH,PANDORABOX,2023-02-17 14:36:19,None,pointeuse_Door1_Entrance Card Reader1,-,Original Records,-,-,-
'22,FIRDAOUSS HARMOUCH,PANDORABOX,2023-02-17 18:32:40,None,pointeuse_Door1_Entrance Card Reader1,-,Original Records,-,-,-
'22,FIRDAOUSS HARMOUCH,PANDORABOX,2023-02-20 09:26:34,None,pointeuse_Door1_Entrance Card Reader1,-,Original Records,-,-,-
'22,FIRDAOUSS HARMOUCH,PANDORABOX,2023-02-20 13:48:44,None,pointeuse_Door1_Entrance Card Reader1,-,Original Records,-,-,-
'22,FIRDAOUSS HARMOUCH,PANDORABOX,2023-02-20 14:40:07,None,pointeuse_Door1_Entrance Card Reader1,-,Original Records,-,-,-
'22,FIRDAOUSS HARMOUCH,PANDORABOX,2023-02-20 18:38:14,None,pointeuse_Door1_Entrance Card Reader1,-,Original Records,-,-,-
'22,FIRDAOUSS HARMOUCH,PANDORABOX,2023-02-21 09:17:29,None,pointeuse_Door1_Entrance Card Reader1,-,Original Records,-,-,-
'22,FIRDAOUSS HARMOUCH,PANDORABOX,2023-02-21 13:17:50,None,pointeuse_Door1_Entrance Card Reader1,-,Original Records,-,-,-
'22,FIRDAOUSS HARMOUCH,PANDORABOX,2023-02-21 14:19:21,None,pointeuse_Door1_Entrance Card Reader1,-,Original Records,-,-,-
'22,FIRDAOUSS HARMOUCH,PANDORABOX,2023-02-21 18:18:00,None,pointeuse_Door1_Entrance Card Reader1,-,Original Records,-,-,-
'22,FIRDAOUSS HARMOUCH,PANDORABOX,2023-02-22 09:16:31,None,pointeuse_Door1_Entrance Card Reader1,-,Original Records,-,-,-
'22,FIRDAOUSS HARMOUCH,PANDORABOX,2023-02-22 13:11:56,None,pointeuse_Door1_Entrance Card Reader1,-,Original Records,-,-,-
'22,FIRDAOUSS HARMOUCH,PANDORABOX,2023-02-22 14:15:32,None,pointeuse_Door1_Entrance Card Reader1,-,Original Records,-,-,-
'22,FIRDAOUSS HARMOUCH,PANDORABOX,2023-02-22 18:08:11,None,pointeuse_Door1_Entrance Card Reader1,-,Original Records,-,-,-
'22,FIRDAOUSS HARMOUCH,PANDORABOX,2023-02-23 09:18:37,None,pointeuse_Door1_Entrance Card Reader1,-,Original Records,-,-,-
'22,FIRDAOUSS HARMOUCH,PANDORABOX,2023-02-23 13:34:40,None,pointeuse_Door1_Entrance Card Reader1,-,Original Records,-,-,-
'22,FIRDAOUSS HARMOUCH,PANDORABOX,2023-02-23 14:37:36,None,pointeuse_Door1_Entrance Card Reader1,-,Original Records,-,-,-
'22,FIRDAOUSS HARMOUCH,PANDORABOX,2023-02-23 18:48:55,None,pointeuse_Door1_Entrance Card Reader1,-,Original Records,-,-,-
