Person ID,Name,Department,Time,Attendance Status,Attendance Check Point,Custom Name,Data Source,Handling Type,Temperature,Abnormal
'1,AHMED MACHT,PANDORABOX,2023-05-24 09:30:18,None,pointeuse_Door1_Entrance Card Reader1,-,Original Records,-,-,-
'1,AHMED MACHT,PANDORABOX,2023-05-24 10:43:07,None,pointeuse_Door1_Entrance Card Reader1,-,Original Records,-,-,-
'1,AHMED MACHT,PANDORABOX,2023-05-24 10:56:13,None,pointeuse_Door1_Entrance Card Reader1,-,Original Records,-,-,-
'1,AHMED MACHT,PANDORABOX,2023-05-24 13:36:31,None,pointeuse_Door1_Entrance Card Reader1,-,Original Records,-,-,-
'1,AHMED MACHT,PANDORABOX,2023-05-24 14:32:01,None,pointeuse_Door1_Entrance Card Reader1,-,Original Records,-,-,-
'1,AHMED MACHT,PANDORABOX,2023-05-24 18:30:51,None,pointeuse_Door1_Entrance Card Reader1,-,Original Records,-,-,-
'1,AHMED MACHT,PANDORABOX,2023-05-25 09:37:17,None,pointeuse_Door1_Entrance Card Reader1,-,Original Records,-,-,-
'1,AHMED MACHT,PANDORABOX,2023-05-25 11:30:08,None,pointeuse_Door1_Entrance Card Reader1,-,Original Records,-,-,-
'1,AHMED MACHT,PANDORABOX,2023-05-25 11:43:29,None,pointeuse_Door1_Entrance Card Reader1,-,Original Records,-,-,-
'1,AHMED MACHT,PANDORABOX,2023-05-25 14:09:34,None,pointeuse_Door1_Entrance Card Reader1,-,Original Records,-,-,-
'1,AHMED MACHT,PANDORABOX,2023-05-25 15:05:57,None,pointeuse_Door1_Entrance Card Reader1,-,Original Records,-,-,-
'1,AHMED MACHT,PANDORABOX,2023-05-25 18:32:38,None,pointeuse_Door1_Entrance Card Reader1,-,Original Records,-,-,-
'1,AHMED MACHT,PANDORABOX,2023-05-26 09:51:33,None,pointeuse_Door1_Entrance Card Reader1,-,Original Records,-,-,-
'1,AHMED MACHT,PANDORABOX,2023-05-26 14:01:17,None,pointeuse_Door1_Entrance Card Reader1,-,Original Records,-,-,-
'1,AHMED MACHT,PANDORABOX,2023-05-26 14:31:52,None,pointeuse_Door1_Entrance Card Reader1,-,Original Records,-,-,-
'1,AHMED MACHT,PANDORABOX,2023-05-26 18:46:17,None,pointeuse_Door1_Entrance Card Reader1,-,Original Records,-,-,-
'1,AHMED MACHT,PANDORABOX,2023-05-29 09:41:32,None,pointeuse_Door1_Entrance Card Reader1,-,Original Records,-,-,-
'1,AHMED MACHT,PANDORABOX,2023-05-29 14:12:36,None,pointeuse_Door1_Entrance Card Reader1,-,Original Records,-,-,-
'1,AHMED MACHT,PANDORABOX,2023-05-29 15:22:49,None,pointeuse_Door1_Entrance Card Reader1,-,Original Records,-,-,-
'1,AHMED MACHT,PANDORABOX,2023-05-29 18:30:51,None,pointeuse_Door1_Entrance Card Reader1,-,Original Records,-,-,-
'1,AHMED MACHT,PANDORABOX,2023-05-30 09:41:56,None,pointeuse_Door1_Entrance Card Reader1,-,Original Records,-,-,-
'1,AHMED MACHT,PANDORABOX,2023-05-30 10:38:33,None,pointeuse_Door1_Entrance Card Reader1,-,Original Records,-,-,-
'1,AHMED MACHT,PANDORABOX,2023-05-30 10:51:25,None,pointeuse_Door1_Entrance Card Reader1,-,Original Records,-,-,-
'1,AHMED MACHT,PANDORABOX,2023-05-30 14:30:50,None,pointeuse_Door1_Entrance Card Reader1,-,Original Records,-,-,-
'1,AHMED MACHT,PANDORABOX,2023-05-30 18:31:02,None,pointeuse_Door1_Entrance Card Reader1,-,Original Records,-,-,-
'1,AHMED MACHT,PANDORABOX,2023-05-31 09:32:04,None,pointeuse_Door1_Entrance Card Reader1,-,Original Records,-,-,-
'1,AHMED MACHT,PANDORABOX,2023-05-31 13:34:15,None,pointeuse_Door1_Entrance Card Reader1,-,Original Records,-,-,-
'1,AHMED MACHT,PANDORABOX,2023-05-31 14:32:00,None,pointeuse_Door1_Entrance Card Reader1,-,Original Records,-,-,-
'1,AHMED MACHT,PANDORABOX,2023-05-31 18:29:18,None,pointeuse_Door1_Entrance Card Reader1,-,Original Records,-,-,-
'1,AHMED MACHT,PANDORABOX,2023-06-01 09:55:53,None,pointeuse_Door1_Entrance Card Reader1,-,Original Records,-,-,-
'1,AHMED MACHT,PANDORABOX,2023-06-01 14:27:10,None,pointeuse_Door1_Entrance Card Reader1,-,Original Records,-,-,-
'1,AHMED MACHT,PANDORABOX,2023-06-01 15:35:05,None,pointeuse_Door1_Entrance Card Reader1,-,Original Records,-,-,-
'1,AHMED MACHT,PANDORABOX,2023-06-01 18:45:14,None,pointeuse_Door1_Entrance Card Reader1,-,Original Records,-,-,-
'1,AHMED MACHT,PANDORABOX,2023-06-02 09:55:31,None,pointeuse_Door1_Entrance Card Reader1,-,Original Records,-,-,-
'1,AHMED MACHT,PANDORABOX,2023-06-02 14:15:02,None,pointeuse_Door1_Entrance Card Reader1,-,Original Records,-,-,-
'1,AHMED MACHT,PANDORABOX,2023-06-02 18:45:49,None,pointeuse_Door1_Entrance Card Reader1,-,Original Records,-,-,-
'1,AHMED MACHT,PANDORABOX,2023-06-05 09:26:49,None,pointeuse_Door1_Entrance Card Reader1,-,Original Records,-,-,-
'1,AHMED MACHT,PANDORABOX,2023-06-05 14:32:29,None,pointeuse_Door1_Entrance Card Reader1,-,Original Records,-,-,-
'1,AHMED MACHT,PANDORABOX,2023-06-05 15:14:57,None,pointeuse_Door1_Entrance Card Reader1,-,Original Records,-,-,-
'1,AHMED MACHT,PANDORABOX,2023-06-05 18:27:53,None,pointeuse_Door1_Entrance Card Reader1,-,Original Records,-,-,-
'1,AHMED MACHT,PANDORABOX,2023-06-06 09:24:47,None,pointeuse_Door1_Entrance Card Reader1,-,Original Records,-,-,-
'1,AHMED MACHT,PANDORABOX,2023-06-06 13:14:36,None,pointeuse_Door1_Entrance Card Reader1,-,Original Records,-,-,-
'1,AHMED MACHT,PANDORABOX,2023-06-06 14:15:05,None,pointeuse_Door1_Entrance Card Reader1,-,Original Records,-,-,-
'1,AHMED MACHT,PANDORABOX,2023-06-06 18:17:24,None,pointeuse_Door1_Entrance Card Reader1,-,Original Records,-,-,-
'1,AHMED MACHT,PANDORABOX,2023-06-07 09:42:20,None,pointeuse_Door1_Entrance Card Reader1,-,Original Records,-,-,-
'1,AHMED MACHT,PANDORABOX,2023-06-07 13:16:34,None,pointeuse_Door1_Entrance Card Reader1,-,Original Records,-,-,-
'1,AHMED MACHT,PANDORABOX,2023-06-07 14:37:24,None,pointeuse_Door1_Entrance Card Reader1,-,Original Records,-,-,-
'1,AHMED MACHT,PANDORABOX,2023-06-07 18:44:13,None,pointeuse_Door1_Entrance Card Reader1,-,Original Records,-,-,-
'1,AHMED MACHT,PANDORABOX,2023-06-09 10:18:07,None,pointeuse_Door1_Entrance Card Reader1,-,Original Records,-,-,-
'1,AHMED MACHT,PANDORABOX,2023-06-09 13:55:54,None,pointeuse_Door1_Entrance Card Reader1,-,Original Records,-,-,-
'1,AHMED MACHT,PANDORABOX,2023-06-09 15:20:48,None,pointeuse_Door1_Entrance Card Reader1,-,Original Records,-,-,-
'1,AHMED MACHT,PANDORABOX,2023-06-09 18:45:21,None,pointeuse_Door1_Entrance Card Reader1,-,Original Records,-,-,-
'1,AHMED MACHT,PANDORABOX,2023-06-12 10:15:12,None,pointeuse_Door1_Entrance Card Reader1,-,Original Records,-,-,-
'1,AHMED MACHT,PANDORABOX,2023-06-12 13:26:24,None,pointeuse_Door1_Entrance Card Reader1,-,Original Records,-,-,-
'1,AHMED MACHT,PANDORABOX,2023-06-12 14:31:31,None,pointeuse_Door1_Entrance Card Reader1,-,Original Records,-,-,-
'1,AHMED MACHT,PANDORABOX,2023-06-12 18:40:34,None,pointeuse_Door1_Entrance Card Reader1,-,Original Records,-,-,-
'1,AHMED MACHT,PANDORABOX,2023-06-13 09:35:33,None,pointeuse_Door1_Entrance Card Reader1,-,Original Records,-,-,-
'1,AHMED MACHT,PANDORABOX,2023-06-13 13:35:07,None,pointeuse_Door1_Entrance Card Reader1,-,Original Records,-,-,-
'1,AHMED MACHT,PANDORABOX,2023-06-13 14:27:36,None,pointeuse_Door1_Entrance Card Reader1,-,Original Records,-,-,-
'1,AHMED MACHT,PANDORABOX,2023-06-13 18:18:31,None,pointeuse_Door1_Entrance Card Reader1,-,Original Records,-,-,-
'1,AHMED MACHT,PANDORABOX,2023-06-14 09:31:11,None,pointeuse_Door1_Entrance Card Reader1,-,Original Records,-,-,-
'1,AHMED MACHT,PANDORABOX,2023-06-14 13:23:42,None,pointeuse_Door1_Entrance Card Reader1,-,Original Records,-,-,-
'1,AHMED MACHT,PANDORABOX,2023-06-14 14:20:42,None,pointeuse_Door1_Entrance Card Reader1,-,Original Records,-,-,-
'1,AHMED MACHT,PANDORABOX,2023-06-14 18:19:48,None,pointeuse_Door1_Entrance Card Reader1,-,Original Records,-,-,-
'1,AHMED MACHT,PANDORABOX,2023-06-15 09:52:55,None,pointeuse_Door1_Entrance Card Reader1,-,Original Records,-,-,-
'1,AHMED MACHT,PANDORABOX,2023-06-15 13:38:48,None,pointeuse_Door1_Entrance Card Reader1,-,Original Records,-,-,-
'1,AHMED MACHT,PANDORABOX,2023-06-15 18:22:50,None,pointeuse_Door1_Entrance Card Reader1,-,Original Records,-,-,-
'1,AHMED MACHT,PANDORABOX,2023-06-16 09:47:12,None,pointeuse_Door1_Entrance Card Reader1,-,Original Records,-,-,-
'1,AHMED MACHT,PANDORABOX,2023-06-16 14:49:55,None,pointeuse_Door1_Entrance Card Reader1,-,Original Records,-,-,-
'1,AHMED MACHT,PANDORABOX,2023-06-16 15:38:06,None,pointeuse_Door1_Entrance Card Reader1,-,Original Records,-,-,-
'1,AHMED MACHT,PANDORABOX,2023-06-16 18:19:47,None,pointeuse_Door1_Entrance Card Reader1,-,Original Records,-,-,-
'1,AHMED MACHT,PANDORABOX,2023-06-19 09:40:44,None,pointeuse_Door1_Entrance Card Reader1,-,Original Records,-,-,-
'1,AHMED MACHT,PANDORABOX,2023-06-19 13:43:55,None,pointeuse_Door1_Entrance Card Reader1,-,Original Records,-,-,-
'1,AHMED MACHT,PANDORABOX,2023-06-19 14:43:24,None,pointeuse_Door1_Entrance Card Reader1,-,Original Records,-,-,-
'1,AHMED MACHT,PANDORABOX,2023-06-19 18:32:34,None,pointeuse_Door1_Entrance Card Reader1,-,Original Records,-,-,-
'1,AHMED MACHT,PANDORABOX,2023-06-20 09:41:59,None,pointeuse_Door1_Entrance Card Reader1,-,Original Records,-,-,-
'1,AHMED MACHT,PANDORABOX,2023-06-20 13:40:04,None,pointeuse_Door1_Entrance Card Reader1,-,Original Records,-,-,-
'1,AHMED MACHT,PANDORABOX,2023-06-20 14:40:28,None,pointeuse_Door1_Entrance Card Reader1,-,Original Records,-,-,-
'1,AHMED MACHT,PANDORABOX,2023-06-20 18:17:12,None,pointeuse_Door1_Entrance Card Reader1,-,Original Records,-,-,-
'1,AHMED MACHT,PANDORABOX,2023-06-21 09:49:17,None,pointeuse_Door1_Entrance Card Reader1,-,Original Records,-,-,-
'1,AHMED MACHT,PANDORABOX,2023-06-21 13:48:00,None,pointeuse_Door1_Entrance Card Reader1,-,Original Records,-,-,-
'1,AHMED MACHT,PANDORABOX,2023-06-21 14:39:28,None,pointeuse_Door1_Entrance Card Reader1,-,Original Records,-,-,-
'1,AHMED MACHT,PANDORABOX,2023-06-21 18:23:57,None,pointeuse_Door1_Entrance Card Reader1,-,Original Records,-,-,-
'3,CHAIMAE BENJELLOUN,PANDORABOX,2023-05-24 09:40:42,None,pointeuse_Door1_Entrance Card Reader1,-,Original Records,-,-,-
'3,CHAIMAE BENJELLOUN,PANDORABOX,2023-05-24 13:47:46,None,pointeuse_Door1_Entrance Card Reader1,-,Original Records,-,-,-
'3,CHAIMAE BENJELLOUN,PANDORABOX,2023-05-24 15:12:55,None,pointeuse_Door1_Entrance Card Reader1,-,Original Records,-,-,-
'3,CHAIMAE BENJELLOUN,PANDORABOX,2023-05-24 18:41:41,None,pointeuse_Door1_Entrance Card Reader1,-,Original Records,-,-,-
'3,CHAIMAE BENJELLOUN,PANDORABOX,2023-05-25 09:37:15,None,pointeuse_Door1_Entrance Card Reader1,-,Original Records,-,-,-
'3,CHAIMAE BENJELLOUN,PANDORABOX,2023-05-25 13:44:56,None,pointeuse_Door1_Entrance Card Reader1,-,Original Records,-,-,-
'3,CHAIMAE BENJELLOUN,PANDORABOX,2023-05-25 15:03:23,None,pointeuse_Door1_Entrance Card Reader1,-,Original Records,-,-,-
'3,CHAIMAE BENJELLOUN,PANDORABOX,2023-05-25 18:31:33,None,pointeuse_Door1_Entrance Card Reader1,-,Original Records,-,-,-
'3,CHAIMAE BENJELLOUN,PANDORABOX,2023-05-26 09:35:05,None,pointeuse_Door1_Entrance Card Reader1,-,Original Records,-,-,-
'3,CHAIMAE BENJELLOUN,PANDORABOX,2023-05-26 14:05:49,None,pointeuse_Door1_Entrance Card Reader1,-,Original Records,-,-,-
'3,CHAIMAE BENJELLOUN,PANDORABOX,2023-05-26 15:20:51,None,pointeuse_Door1_Entrance Card Reader1,-,Original Records,-,-,-
'3,CHAIMAE BENJELLOUN,PANDORABOX,2023-05-26 18:40:55,None,pointeuse_Door1_Entrance Card Reader1,-,Original Records,-,-,-
'3,CHAIMAE BENJELLOUN,PANDORABOX,2023-05-29 09:27:28,None,pointeuse_Door1_Entrance Card Reader1,-,Original Records,-,-,-
'3,CHAIMAE BENJELLOUN,PANDORABOX,2023-05-29 13:59:28,None,pointeuse_Door1_Entrance Card Reader1,-,Original Records,-,-,-
'3,CHAIMAE BENJELLOUN,PANDORABOX,2023-05-29 15:10:42,None,pointeuse_Door1_Entrance Card Reader1,-,Original Records,-,-,-
'3,CHAIMAE BENJELLOUN,PANDORABOX,2023-05-29 18:31:53,None,pointeuse_Door1_Entrance Card Reader1,-,Original Records,-,-,-
'3,CHAIMAE BENJELLOUN,PANDORABOX,2023-05-30 09:41:53,None,pointeuse_Door1_Entrance Card Reader1,-,Original Records,-,-,-
'3,CHAIMAE BENJELLOUN,PANDORABOX,2023-05-30 16:38:02,None,pointeuse_Door1_Entrance Card Reader1,-,Original Records,-,-,-
'3,CHAIMAE BENJELLOUN,PANDORABOX,2023-05-30 18:15:28,None,pointeuse_Door1_Entrance Card Reader1,-,Original Records,-,-,-
'3,CHAIMAE BENJELLOUN,PANDORABOX,2023-05-31 09:36:15,None,pointeuse_Door1_Entrance Card Reader1,-,Original Records,-,-,-
'3,CHAIMAE BENJELLOUN,PANDORABOX,2023-05-31 14:08:31,None,pointeuse_Door1_Entrance Card Reader1,-,Original Records,-,-,-
'3,CHAIMAE BENJELLOUN,PANDORABOX,2023-05-31 15:24:50,None,pointeuse_Door1_Entrance Card Reader1,-,Original Records,-,-,-
'3,CHAIMAE BENJELLOUN,PANDORABOX,2023-05-31 18:04:01,None,pointeuse_Door1_Entrance Card Reader1,-,Original Records,-,-,-
'3,CHAIMAE BENJELLOUN,PANDORABOX,2023-06-01 09:47:08,None,pointeuse_Door1_Entrance Card Reader1,-,Original Records,-,-,-
'3,CHAIMAE BENJELLOUN,PANDORABOX,2023-06-01 15:28:35,None,pointeuse_Door1_Entrance Card Reader1,-,Original Records,-,-,-
'3,CHAIMAE BENJELLOUN,PANDORABOX,2023-06-01 18:30:22,None,pointeuse_Door1_Entrance Card Reader1,-,Original Records,-,-,-
'3,CHAIMAE BENJELLOUN,PANDORABOX,2023-06-01 18:34:01,None,pointeuse_Door1_Entrance Card Reader1,-,Original Records,-,-,-
'3,CHAIMAE BENJELLOUN,PANDORABOX,2023-06-02 14:43:09,None,pointeuse_Door1_Entrance Card Reader1,-,Original Records,-,-,-
'3,CHAIMAE BENJELLOUN,PANDORABOX,2023-06-02 18:47:36,None,pointeuse_Door1_Entrance Card Reader1,-,Original Records,-,-,-
'3,CHAIMAE BENJELLOUN,PANDORABOX,2023-06-05 09:31:09,None,pointeuse_Door1_Entrance Card Reader1,-,Original Records,-,-,-
'3,CHAIMAE BENJELLOUN,PANDORABOX,2023-06-05 15:47:12,None,pointeuse_Door1_Entrance Card Reader1,-,Original Records,-,-,-
'3,CHAIMAE BENJELLOUN,PANDORABOX,2023-06-05 18:51:41,None,pointeuse_Door1_Entrance Card Reader1,-,Original Records,-,-,-
'3,CHAIMAE BENJELLOUN,PANDORABOX,2023-06-06 09:29:17,None,pointeuse_Door1_Entrance Card Reader1,-,Original Records,-,-,-
'3,CHAIMAE BENJELLOUN,PANDORABOX,2023-06-06 13:41:17,None,pointeuse_Door1_Entrance Card Reader1,-,Original Records,-,-,-
'3,CHAIMAE BENJELLOUN,PANDORABOX,2023-06-06 15:23:15,None,pointeuse_Door1_Entrance Card Reader1,-,Original Records,-,-,-
'3,CHAIMAE BENJELLOUN,PANDORABOX,2023-06-06 18:41:20,None,pointeuse_Door1_Entrance Card Reader1,-,Original Records,-,-,-
'3,CHAIMAE BENJELLOUN,PANDORABOX,2023-06-07 09:34:37,None,pointeuse_Door1_Entrance Card Reader1,-,Original Records,-,-,-
'3,CHAIMAE BENJELLOUN,PANDORABOX,2023-06-07 13:47:32,None,pointeuse_Door1_Entrance Card Reader1,-,Original Records,-,-,-
'3,CHAIMAE BENJELLOUN,PANDORABOX,2023-06-07 15:13:36,None,pointeuse_Door1_Entrance Card Reader1,-,Original Records,-,-,-
'3,CHAIMAE BENJELLOUN,PANDORABOX,2023-06-07 18:32:42,None,pointeuse_Door1_Entrance Card Reader1,-,Original Records,-,-,-
'3,CHAIMAE BENJELLOUN,PANDORABOX,2023-06-08 09:40:02,None,pointeuse_Door1_Entrance Card Reader1,-,Original Records,-,-,-
'3,CHAIMAE BENJELLOUN,PANDORABOX,2023-06-08 15:54:23,None,pointeuse_Door1_Entrance Card Reader1,-,Original Records,-,-,-
'3,CHAIMAE BENJELLOUN,PANDORABOX,2023-06-08 18:37:49,None,pointeuse_Door1_Entrance Card Reader1,-,Original Records,-,-,-
'3,CHAIMAE BENJELLOUN,PANDORABOX,2023-06-09 09:31:01,None,pointeuse_Door1_Entrance Card Reader1,-,Original Records,-,-,-
'3,CHAIMAE BENJELLOUN,PANDORABOX,2023-06-09 13:56:16,None,pointeuse_Door1_Entrance Card Reader1,-,Original Records,-,-,-
'3,CHAIMAE BENJELLOUN,PANDORABOX,2023-06-09 15:14:29,None,pointeuse_Door1_Entrance Card Reader1,-,Original Records,-,-,-
'3,CHAIMAE BENJELLOUN,PANDORABOX,2023-06-09 18:32:38,None,pointeuse_Door1_Entrance Card Reader1,-,Original Records,-,-,-
'3,CHAIMAE BENJELLOUN,PANDORABOX,2023-06-12 09:33:29,None,pointeuse_Door1_Entrance Card Reader1,-,Original Records,-,-,-
'3,CHAIMAE BENJELLOUN,PANDORABOX,2023-06-12 13:42:17,None,pointeuse_Door1_Entrance Card Reader1,-,Original Records,-,-,-
'3,CHAIMAE BENJELLOUN,PANDORABOX,2023-06-12 15:11:03,None,pointeuse_Door1_Entrance Card Reader1,-,Original Records,-,-,-
'3,CHAIMAE BENJELLOUN,PANDORABOX,2023-06-12 18:43:37,None,pointeuse_Door1_Entrance Card Reader1,-,Original Records,-,-,-
'3,CHAIMAE BENJELLOUN,PANDORABOX,2023-06-13 09:41:07,None,pointeuse_Door1_Entrance Card Reader1,-,Original Records,-,-,-
'3,CHAIMAE BENJELLOUN,PANDORABOX,2023-06-13 14:15:56,None,pointeuse_Door1_Entrance Card Reader1,-,Original Records,-,-,-
'3,CHAIMAE BENJELLOUN,PANDORABOX,2023-06-13 15:36:41,None,pointeuse_Door1_Entrance Card Reader1,-,Original Records,-,-,-
'3,CHAIMAE BENJELLOUN,PANDORABOX,2023-06-13 18:40:43,None,pointeuse_Door1_Entrance Card Reader1,-,Original Records,-,-,-
'3,CHAIMAE BENJELLOUN,PANDORABOX,2023-06-14 09:31:08,None,pointeuse_Door1_Entrance Card Reader1,-,Original Records,-,-,-
'3,CHAIMAE BENJELLOUN,PANDORABOX,2023-06-14 13:39:41,None,pointeuse_Door1_Entrance Card Reader1,-,Original Records,-,-,-
'3,CHAIMAE BENJELLOUN,PANDORABOX,2023-06-14 15:26:50,None,pointeuse_Door1_Entrance Card Reader1,-,Original Records,-,-,-
'3,CHAIMAE BENJELLOUN,PANDORABOX,2023-06-14 18:34:58,None,pointeuse_Door1_Entrance Card Reader1,-,Original Records,-,-,-
'3,CHAIMAE BENJELLOUN,PANDORABOX,2023-06-14 18:36:19,None,pointeuse_Door1_Entrance Card Reader1,-,Original Records,-,-,-
'3,CHAIMAE BENJELLOUN,PANDORABOX,2023-06-15 09:45:54,None,pointeuse_Door1_Entrance Card Reader1,-,Original Records,-,-,-
'3,CHAIMAE BENJELLOUN,PANDORABOX,2023-06-15 13:38:35,None,pointeuse_Door1_Entrance Card Reader1,-,Original Records,-,-,-
'3,CHAIMAE BENJELLOUN,PANDORABOX,2023-06-15 15:17:39,None,pointeuse_Door1_Entrance Card Reader1,-,Original Records,-,-,-
'3,CHAIMAE BENJELLOUN,PANDORABOX,2023-06-15 18:04:45,None,pointeuse_Door1_Entrance Card Reader1,-,Original Records,-,-,-
'3,CHAIMAE BENJELLOUN,PANDORABOX,2023-06-15 18:04:49,None,pointeuse_Door1_Entrance Card Reader1,-,Original Records,-,-,-
'3,CHAIMAE BENJELLOUN,PANDORABOX,2023-06-16 09:32:22,None,pointeuse_Door1_Entrance Card Reader1,-,Original Records,-,-,-
'3,CHAIMAE BENJELLOUN,PANDORABOX,2023-06-16 13:28:45,None,pointeuse_Door1_Entrance Card Reader1,-,Original Records,-,-,-
'3,CHAIMAE BENJELLOUN,PANDORABOX,2023-06-16 15:12:40,None,pointeuse_Door1_Entrance Card Reader1,-,Original Records,-,-,-
'3,CHAIMAE BENJELLOUN,PANDORABOX,2023-06-16 18:45:11,None,pointeuse_Door1_Entrance Card Reader1,-,Original Records,-,-,-
'3,CHAIMAE BENJELLOUN,PANDORABOX,2023-06-16 18:52:27,None,pointeuse_Door1_Entrance Card Reader1,-,Original Records,-,-,-
'3,CHAIMAE BENJELLOUN,PANDORABOX,2023-06-19 09:35:40,None,pointeuse_Door1_Entrance Card Reader1,-,Original Records,-,-,-
'3,CHAIMAE BENJELLOUN,PANDORABOX,2023-06-19 14:02:51,None,pointeuse_Door1_Entrance Card Reader1,-,Original Records,-,-,-
'3,CHAIMAE BENJELLOUN,PANDORABOX,2023-06-19 15:20:53,None,pointeuse_Door1_Entrance Card Reader1,-,Original Records,-,-,-
'3,CHAIMAE BENJELLOUN,PANDORABOX,2023-06-19 18:48:16,None,pointeuse_Door1_Entrance Card Reader1,-,Original Records,-,-,-
'3,CHAIMAE BENJELLOUN,PANDORABOX,2023-06-19 18:50:07,None,pointeuse_Door1_Entrance Card Reader1,-,Original Records,-,-,-
'3,CHAIMAE BENJELLOUN,PANDORABOX,2023-06-20 09:17:41,None,pointeuse_Door1_Entrance Card Reader1,-,Original Records,-,-,-
'3,CHAIMAE BENJELLOUN,PANDORABOX,2023-06-20 13:37:45,None,pointeuse_Door1_Entrance Card Reader1,-,Original Records,-,-,-
'3,CHAIMAE BENJELLOUN,PANDORABOX,2023-06-20 13:38:52,None,pointeuse_Door1_Entrance Card Reader1,-,Original Records,-,-,-
'3,CHAIMAE BENJELLOUN,PANDORABOX,2023-06-20 15:01:28,None,pointeuse_Door1_Entrance Card Reader1,-,Original Records,-,-,-
'3,CHAIMAE BENJELLOUN,PANDORABOX,2023-06-20 18:57:44,None,pointeuse_Door1_Entrance Card Reader1,-,Original Records,-,-,-
'3,CHAIMAE BENJELLOUN,PANDORABOX,2023-06-21 09:32:49,None,pointeuse_Door1_Entrance Card Reader1,-,Original Records,-,-,-
'3,CHAIMAE BENJELLOUN,PANDORABOX,2023-06-21 14:01:08,None,pointeuse_Door1_Entrance Card Reader1,-,Original Records,-,-,-
'3,CHAIMAE BENJELLOUN,PANDORABOX,2023-06-21 15:21:48,None,pointeuse_Door1_Entrance Card Reader1,-,Original Records,-,-,-
'4,Bounkoub Hamza,PANDORABOX,2023-05-24 09:18:10,None,pointeuse_Door1_Entrance Card Reader1,-,Original Records,-,-,-
'4,Bounkoub Hamza,PANDORABOX,2023-05-24 13:00:41,None,pointeuse_Door1_Entrance Card Reader1,-,Original Records,-,-,-
'4,Bounkoub Hamza,PANDORABOX,2023-05-24 14:01:36,None,pointeuse_Door1_Entrance Card Reader1,-,Original Records,-,-,-
'4,Bounkoub Hamza,PANDORABOX,2023-05-24 18:33:41,None,pointeuse_Door1_Entrance Card Reader1,-,Original Records,-,-,-
'4,Bounkoub Hamza,PANDORABOX,2023-05-25 09:20:06,None,pointeuse_Door1_Entrance Card Reader1,-,Original Records,-,-,-
'4,Bounkoub Hamza,PANDORABOX,2023-05-25 13:33:41,None,pointeuse_Door1_Entrance Card Reader1,-,Original Records,-,-,-
'4,Bounkoub Hamza,PANDORABOX,2023-05-25 14:37:11,None,pointeuse_Door1_Entrance Card Reader1,-,Original Records,-,-,-
'4,Bounkoub Hamza,PANDORABOX,2023-05-25 18:11:55,None,pointeuse_Door1_Entrance Card Reader1,-,Original Records,-,-,-
'4,Bounkoub Hamza,PANDORABOX,2023-05-26 09:35:07,None,pointeuse_Door1_Entrance Card Reader1,-,Original Records,-,-,-
'4,Bounkoub Hamza,PANDORABOX,2023-05-26 13:28:09,None,pointeuse_Door1_Entrance Card Reader1,-,Original Records,-,-,-
'4,Bounkoub Hamza,PANDORABOX,2023-05-26 14:39:27,None,pointeuse_Door1_Entrance Card Reader1,-,Original Records,-,-,-
'4,Bounkoub Hamza,PANDORABOX,2023-05-26 18:40:51,None,pointeuse_Door1_Entrance Card Reader1,-,Original Records,-,-,-
'4,Bounkoub Hamza,PANDORABOX,2023-06-01 14:27:53,None,pointeuse_Door1_Entrance Card Reader1,-,Original Records,-,-,-
'4,Bounkoub Hamza,PANDORABOX,2023-06-01 14:31:37,None,pointeuse_Door1_Entrance Card Reader1,-,Original Records,-,-,-
'4,Bounkoub Hamza,PANDORABOX,2023-06-07 17:27:01,None,pointeuse_Door1_Entrance Card Reader1,-,Original Records,-,-,-
'4,Bounkoub Hamza,PANDORABOX,2023-06-12 09:14:52,None,pointeuse_Door1_Entrance Card Reader1,-,Original Records,-,-,-
'4,Bounkoub Hamza,PANDORABOX,2023-06-12 13:21:13,None,pointeuse_Door1_Entrance Card Reader1,-,Original Records,-,-,-
'4,Bounkoub Hamza,PANDORABOX,2023-06-12 14:28:01,None,pointeuse_Door1_Entrance Card Reader1,-,Original Records,-,-,-
'4,Bounkoub Hamza,PANDORABOX,2023-06-12 18:19:36,None,pointeuse_Door1_Entrance Card Reader1,-,Original Records,-,-,-
'4,Bounkoub Hamza,PANDORABOX,2023-06-13 09:08:59,None,pointeuse_Door1_Entrance Card Reader1,-,Original Records,-,-,-
'4,Bounkoub Hamza,PANDORABOX,2023-06-13 13:13:47,None,pointeuse_Door1_Entrance Card Reader1,-,Original Records,-,-,-
'4,Bounkoub Hamza,PANDORABOX,2023-06-13 18:12:20,None,pointeuse_Door1_Entrance Card Reader1,-,Original Records,-,-,-
'4,Bounkoub Hamza,PANDORABOX,2023-06-14 10:22:05,None,pointeuse_Door1_Entrance Card Reader1,-,Original Records,-,-,-
'4,Bounkoub Hamza,PANDORABOX,2023-06-14 13:07:15,None,pointeuse_Door1_Entrance Card Reader1,-,Original Records,-,-,-
'4,Bounkoub Hamza,PANDORABOX,2023-06-14 14:16:10,None,pointeuse_Door1_Entrance Card Reader1,-,Original Records,-,-,-
'4,Bounkoub Hamza,PANDORABOX,2023-06-14 18:10:12,None,pointeuse_Door1_Entrance Card Reader1,-,Original Records,-,-,-
'4,Bounkoub Hamza,PANDORABOX,2023-06-15 10:08:37,None,pointeuse_Door1_Entrance Card Reader1,-,Original Records,-,-,-
'4,Bounkoub Hamza,PANDORABOX,2023-06-15 12:29:27,None,pointeuse_Door1_Entrance Card Reader1,-,Original Records,-,-,-
'4,Bounkoub Hamza,PANDORABOX,2023-06-15 13:33:44,None,pointeuse_Door1_Entrance Card Reader1,-,Original Records,-,-,-
'4,Bounkoub Hamza,PANDORABOX,2023-06-15 18:04:40,None,pointeuse_Door1_Entrance Card Reader1,-,Original Records,-,-,-
'4,Bounkoub Hamza,PANDORABOX,2023-06-16 09:52:38,None,pointeuse_Door1_Entrance Card Reader1,-,Original Records,-,-,-
'4,Bounkoub Hamza,PANDORABOX,2023-06-16 10:47:53,None,pointeuse_Door1_Entrance Card Reader1,-,Original Records,-,-,-
'4,Bounkoub Hamza,PANDORABOX,2023-06-16 12:19:08,None,pointeuse_Door1_Entrance Card Reader1,-,Original Records,-,-,-
'4,Bounkoub Hamza,PANDORABOX,2023-06-16 13:31:22,None,pointeuse_Door1_Entrance Card Reader1,-,Original Records,-,-,-
'4,Bounkoub Hamza,PANDORABOX,2023-06-16 15:10:52,None,pointeuse_Door1_Entrance Card Reader1,-,Original Records,-,-,-
'4,Bounkoub Hamza,PANDORABOX,2023-06-16 18:12:25,None,pointeuse_Door1_Entrance Card Reader1,-,Original Records,-,-,-
'4,Bounkoub Hamza,PANDORABOX,2023-06-19 09:34:00,None,pointeuse_Door1_Entrance Card Reader1,-,Original Records,-,-,-
'4,Bounkoub Hamza,PANDORABOX,2023-06-19 13:50:58,None,pointeuse_Door1_Entrance Card Reader1,-,Original Records,-,-,-
'4,Bounkoub Hamza,PANDORABOX,2023-06-19 15:13:28,None,pointeuse_Door1_Entrance Card Reader1,-,Original Records,-,-,-
'4,Bounkoub Hamza,PANDORABOX,2023-06-19 19:02:49,None,pointeuse_Door1_Entrance Card Reader1,-,Original Records,-,-,-
'4,Bounkoub Hamza,PANDORABOX,2023-06-19 20:47:59,None,pointeuse_Door1_Entrance Card Reader1,-,Original Records,-,-,-
'4,Bounkoub Hamza,PANDORABOX,2023-06-19 23:30:49,None,pointeuse_Door1_Entrance Card Reader1,-,Original Records,-,-,-
'4,Bounkoub Hamza,PANDORABOX,2023-06-20 09:23:25,None,pointeuse_Door1_Entrance Card Reader1,-,Original Records,-,-,-
'4,Bounkoub Hamza,PANDORABOX,2023-06-20 13:39:59,None,pointeuse_Door1_Entrance Card Reader1,-,Original Records,-,-,-
'4,Bounkoub Hamza,PANDORABOX,2023-06-20 14:40:24,None,pointeuse_Door1_Entrance Card Reader1,-,Original Records,-,-,-
'4,Bounkoub Hamza,PANDORABOX,2023-06-20 19:21:28,None,pointeuse_Door1_Entrance Card Reader1,-,Original Records,-,-,-
'4,Bounkoub Hamza,PANDORABOX,2023-06-21 09:16:17,None,pointeuse_Door1_Entrance Card Reader1,-,Original Records,-,-,-
'4,Bounkoub Hamza,PANDORABOX,2023-06-21 12:47:09,None,pointeuse_Door1_Entrance Card Reader1,-,Original Records,-,-,-
'4,Bounkoub Hamza,PANDORABOX,2023-06-21 14:07:08,None,pointeuse_Door1_Entrance Card Reader1,-,Original Records,-,-,-
'4,Bounkoub Hamza,PANDORABOX,2023-06-21 18:04:12,None,pointeuse_Door1_Entrance Card Reader1,-,Original Records,-,-,-
'6,Loubna Benamer,PANDORABOX,2023-05-24 09:23:27,None,pointeuse_Door1_Entrance Card Reader1,-,Original Records,-,-,-
'6,Loubna Benamer,PANDORABOX,2023-05-24 14:13:46,None,pointeuse_Door1_Entrance Card Reader1,-,Original Records,-,-,-
'6,Loubna Benamer,PANDORABOX,2023-05-24 18:33:31,None,pointeuse_Door1_Entrance Card Reader1,-,Original Records,-,-,-
'6,Loubna Benamer,PANDORABOX,2023-05-26 09:08:32,None,pointeuse_Door1_Entrance Card Reader1,-,Original Records,-,-,-
'6,Loubna Benamer,PANDORABOX,2023-05-26 13:37:52,None,pointeuse_Door1_Entrance Card Reader1,-,Original Records,-,-,-
'6,Loubna Benamer,PANDORABOX,2023-05-26 14:30:59,None,pointeuse_Door1_Entrance Card Reader1,-,Original Records,-,-,-
'6,Loubna Benamer,PANDORABOX,2023-05-26 18:28:19,None,pointeuse_Door1_Entrance Card Reader1,-,Original Records,-,-,-
'6,Loubna Benamer,PANDORABOX,2023-05-29 09:02:37,None,pointeuse_Door1_Entrance Card Reader1,-,Original Records,-,-,-
'6,Loubna Benamer,PANDORABOX,2023-05-29 13:43:43,None,pointeuse_Door1_Entrance Card Reader1,-,Original Records,-,-,-
'6,Loubna Benamer,PANDORABOX,2023-05-29 14:42:21,None,pointeuse_Door1_Entrance Card Reader1,-,Original Records,-,-,-
'6,Loubna Benamer,PANDORABOX,2023-05-29 18:09:31,None,pointeuse_Door1_Entrance Card Reader1,-,Original Records,-,-,-
'6,Loubna Benamer,PANDORABOX,2023-05-30 09:40:18,None,pointeuse_Door1_Entrance Card Reader1,-,Original Records,-,-,-
'6,Loubna Benamer,PANDORABOX,2023-05-30 13:11:59,None,pointeuse_Door1_Entrance Card Reader1,-,Original Records,-,-,-
'6,Loubna Benamer,PANDORABOX,2023-05-30 14:11:41,None,pointeuse_Door1_Entrance Card Reader1,-,Original Records,-,-,-
'6,Loubna Benamer,PANDORABOX,2023-05-30 18:03:44,None,pointeuse_Door1_Entrance Card Reader1,-,Original Records,-,-,-
'6,Loubna Benamer,PANDORABOX,2023-05-31 09:05:49,None,pointeuse_Door1_Entrance Card Reader1,-,Original Records,-,-,-
'6,Loubna Benamer,PANDORABOX,2023-05-31 13:27:18,None,pointeuse_Door1_Entrance Card Reader1,-,Original Records,-,-,-
'6,Loubna Benamer,PANDORABOX,2023-05-31 14:28:53,None,pointeuse_Door1_Entrance Card Reader1,-,Original Records,-,-,-
'6,Loubna Benamer,PANDORABOX,2023-05-31 18:24:44,None,pointeuse_Door1_Entrance Card Reader1,-,Original Records,-,-,-
'6,Loubna Benamer,PANDORABOX,2023-06-01 09:06:08,None,pointeuse_Door1_Entrance Card Reader1,-,Original Records,-,-,-
'6,Loubna Benamer,PANDORABOX,2023-06-01 14:34:35,None,pointeuse_Door1_Entrance Card Reader1,-,Original Records,-,-,-
'6,Loubna Benamer,PANDORABOX,2023-06-01 15:35:13,None,pointeuse_Door1_Entrance Card Reader1,-,Original Records,-,-,-
'6,Loubna Benamer,PANDORABOX,2023-06-01 18:19:03,None,pointeuse_Door1_Entrance Card Reader1,-,Original Records,-,-,-
'6,Loubna Benamer,PANDORABOX,2023-06-02 09:17:07,None,pointeuse_Door1_Entrance Card Reader1,-,Original Records,-,-,-
'6,Loubna Benamer,PANDORABOX,2023-06-02 13:25:18,None,pointeuse_Door1_Entrance Card Reader1,-,Original Records,-,-,-
'6,Loubna Benamer,PANDORABOX,2023-06-02 14:30:09,None,pointeuse_Door1_Entrance Card Reader1,-,Original Records,-,-,-
'6,Loubna Benamer,PANDORABOX,2023-06-02 18:29:32,None,pointeuse_Door1_Entrance Card Reader1,-,Original Records,-,-,-
'6,Loubna Benamer,PANDORABOX,2023-06-02 20:54:53,None,pointeuse_Door1_Entrance Card Reader1,-,Original Records,-,-,-
'6,Loubna Benamer,PANDORABOX,2023-06-02 20:58:18,None,pointeuse_Door1_Entrance Card Reader1,-,Original Records,-,-,-
'6,Loubna Benamer,PANDORABOX,2023-06-05 09:14:16,None,pointeuse_Door1_Entrance Card Reader1,-,Original Records,-,-,-
'6,Loubna Benamer,PANDORABOX,2023-06-05 13:29:19,None,pointeuse_Door1_Entrance Card Reader1,-,Original Records,-,-,-
'6,Loubna Benamer,PANDORABOX,2023-06-05 14:33:51,None,pointeuse_Door1_Entrance Card Reader1,-,Original Records,-,-,-
'6,Loubna Benamer,PANDORABOX,2023-06-05 18:32:53,None,pointeuse_Door1_Entrance Card Reader1,-,Original Records,-,-,-
'6,Loubna Benamer,PANDORABOX,2023-06-06 09:08:07,None,pointeuse_Door1_Entrance Card Reader1,-,Original Records,-,-,-
'6,Loubna Benamer,PANDORABOX,2023-06-06 13:31:27,None,pointeuse_Door1_Entrance Card Reader1,-,Original Records,-,-,-
'6,Loubna Benamer,PANDORABOX,2023-06-06 14:30:14,None,pointeuse_Door1_Entrance Card Reader1,-,Original Records,-,-,-
'6,Loubna Benamer,PANDORABOX,2023-06-06 18:11:16,None,pointeuse_Door1_Entrance Card Reader1,-,Original Records,-,-,-
'6,Loubna Benamer,PANDORABOX,2023-06-07 09:10:37,None,pointeuse_Door1_Entrance Card Reader1,-,Original Records,-,-,-
'6,Loubna Benamer,PANDORABOX,2023-06-07 13:07:22,None,pointeuse_Door1_Entrance Card Reader1,-,Original Records,-,-,-
'6,Loubna Benamer,PANDORABOX,2023-06-07 14:10:52,None,pointeuse_Door1_Entrance Card Reader1,-,Original Records,-,-,-
'6,Loubna Benamer,PANDORABOX,2023-06-07 18:18:34,None,pointeuse_Door1_Entrance Card Reader1,-,Original Records,-,-,-
'6,Loubna Benamer,PANDORABOX,2023-06-08 09:42:13,None,pointeuse_Door1_Entrance Card Reader1,-,Original Records,-,-,-
'6,Loubna Benamer,PANDORABOX,2023-06-08 13:12:56,None,pointeuse_Door1_Entrance Card Reader1,-,Original Records,-,-,-
'6,Loubna Benamer,PANDORABOX,2023-06-08 14:13:36,None,pointeuse_Door1_Entrance Card Reader1,-,Original Records,-,-,-
'6,Loubna Benamer,PANDORABOX,2023-06-08 18:36:39,None,pointeuse_Door1_Entrance Card Reader1,-,Original Records,-,-,-
'6,Loubna Benamer,PANDORABOX,2023-06-09 08:58:48,None,pointeuse_Door1_Entrance Card Reader1,-,Original Records,-,-,-
'6,Loubna Benamer,PANDORABOX,2023-06-09 13:30:24,None,pointeuse_Door1_Entrance Card Reader1,-,Original Records,-,-,-
'6,Loubna Benamer,PANDORABOX,2023-06-09 14:31:00,None,pointeuse_Door1_Entrance Card Reader1,-,Original Records,-,-,-
'6,Loubna Benamer,PANDORABOX,2023-06-09 18:10:49,None,pointeuse_Door1_Entrance Card Reader1,-,Original Records,-,-,-
'6,Loubna Benamer,PANDORABOX,2023-06-12 09:09:19,None,pointeuse_Door1_Entrance Card Reader1,-,Original Records,-,-,-
'6,Loubna Benamer,PANDORABOX,2023-06-12 13:08:54,None,pointeuse_Door1_Entrance Card Reader1,-,Original Records,-,-,-
'6,Loubna Benamer,PANDORABOX,2023-06-12 14:07:38,None,pointeuse_Door1_Entrance Card Reader1,-,Original Records,-,-,-
'6,Loubna Benamer,PANDORABOX,2023-06-12 18:11:40,None,pointeuse_Door1_Entrance Card Reader1,-,Original Records,-,-,-
'6,Loubna Benamer,PANDORABOX,2023-06-13 09:45:05,None,pointeuse_Door1_Entrance Card Reader1,-,Original Records,-,-,-
'6,Loubna Benamer,PANDORABOX,2023-06-13 13:23:15,None,pointeuse_Door1_Entrance Card Reader1,-,Original Records,-,-,-
'6,Loubna Benamer,PANDORABOX,2023-06-13 14:22:56,None,pointeuse_Door1_Entrance Card Reader1,-,Original Records,-,-,-
'6,Loubna Benamer,PANDORABOX,2023-06-13 18:34:35,None,pointeuse_Door1_Entrance Card Reader1,-,Original Records,-,-,-
'6,Loubna Benamer,PANDORABOX,2023-06-14 09:08:19,None,pointeuse_Door1_Entrance Card Reader1,-,Original Records,-,-,-
'6,Loubna Benamer,PANDORABOX,2023-06-14 13:08:07,None,pointeuse_Door1_Entrance Card Reader1,-,Original Records,-,-,-
'6,Loubna Benamer,PANDORABOX,2023-06-14 14:03:05,None,pointeuse_Door1_Entrance Card Reader1,-,Original Records,-,-,-
'6,Loubna Benamer,PANDORABOX,2023-06-14 18:15:40,None,pointeuse_Door1_Entrance Card Reader1,-,Original Records,-,-,-
'6,Loubna Benamer,PANDORABOX,2023-06-15 09:58:11,None,pointeuse_Door1_Entrance Card Reader1,-,Original Records,-,-,-
'6,Loubna Benamer,PANDORABOX,2023-06-15 12:54:38,None,pointeuse_Door1_Entrance Card Reader1,-,Original Records,-,-,-
'6,Loubna Benamer,PANDORABOX,2023-06-15 13:44:37,None,pointeuse_Door1_Entrance Card Reader1,-,Original Records,-,-,-
'6,Loubna Benamer,PANDORABOX,2023-06-15 18:09:34,None,pointeuse_Door1_Entrance Card Reader1,-,Original Records,-,-,-
'6,Loubna Benamer,PANDORABOX,2023-06-16 09:14:48,None,pointeuse_Door1_Entrance Card Reader1,-,Original Records,-,-,-
'6,Loubna Benamer,PANDORABOX,2023-06-16 12:48:53,None,pointeuse_Door1_Entrance Card Reader1,-,Original Records,-,-,-
'6,Loubna Benamer,PANDORABOX,2023-06-16 14:27:47,None,pointeuse_Door1_Entrance Card Reader1,-,Original Records,-,-,-
'6,Loubna Benamer,PANDORABOX,2023-06-16 18:48:21,None,pointeuse_Door1_Entrance Card Reader1,-,Original Records,-,-,-
'6,Loubna Benamer,PANDORABOX,2023-06-19 09:29:06,None,pointeuse_Door1_Entrance Card Reader1,-,Original Records,-,-,-
'6,Loubna Benamer,PANDORABOX,2023-06-19 13:23:55,None,pointeuse_Door1_Entrance Card Reader1,-,Original Records,-,-,-
'6,Loubna Benamer,PANDORABOX,2023-06-19 14:26:26,None,pointeuse_Door1_Entrance Card Reader1,-,Original Records,-,-,-
'6,Loubna Benamer,PANDORABOX,2023-06-19 18:33:22,None,pointeuse_Door1_Entrance Card Reader1,-,Original Records,-,-,-
'6,Loubna Benamer,PANDORABOX,2023-06-20 09:30:23,None,pointeuse_Door1_Entrance Card Reader1,-,Original Records,-,-,-
'6,Loubna Benamer,PANDORABOX,2023-06-20 13:34:53,None,pointeuse_Door1_Entrance Card Reader1,-,Original Records,-,-,-
'6,Loubna Benamer,PANDORABOX,2023-06-20 14:39:02,None,pointeuse_Door1_Entrance Card Reader1,-,Original Records,-,-,-
'6,Loubna Benamer,PANDORABOX,2023-06-20 18:31:20,None,pointeuse_Door1_Entrance Card Reader1,-,Original Records,-,-,-
'6,Loubna Benamer,PANDORABOX,2023-06-21 09:34:25,None,pointeuse_Door1_Entrance Card Reader1,-,Original Records,-,-,-
'6,Loubna Benamer,PANDORABOX,2023-06-21 13:38:30,None,pointeuse_Door1_Entrance Card Reader1,-,Original Records,-,-,-
'6,Loubna Benamer,PANDORABOX,2023-06-21 14:29:30,None,pointeuse_Door1_Entrance Card Reader1,-,Original Records,-,-,-
'7,Frih Ilyas,PANDORABOX,2023-05-24 09:54:18,None,pointeuse_Door1_Entrance Card Reader1,-,Original Records,-,-,-
'7,Frih Ilyas,PANDORABOX,2023-05-24 14:51:50,None,pointeuse_Door1_Entrance Card Reader1,-,Original Records,-,-,-
'7,Frih Ilyas,PANDORABOX,2023-05-24 15:03:01,None,pointeuse_Door1_Entrance Card Reader1,-,Original Records,-,-,-
'7,Frih Ilyas,PANDORABOX,2023-05-24 18:34:31,None,pointeuse_Door1_Entrance Card Reader1,-,Original Records,-,-,-
'7,Frih Ilyas,PANDORABOX,2023-05-25 11:01:02,None,pointeuse_Door1_Entrance Card Reader1,-,Original Records,-,-,-
'7,Frih Ilyas,PANDORABOX,2023-05-25 18:15:18,None,pointeuse_Door1_Entrance Card Reader1,-,Original Records,-,-,-
'7,Frih Ilyas,PANDORABOX,2023-05-26 15:20:48,None,pointeuse_Door1_Entrance Card Reader1,-,Original Records,-,-,-
'7,Frih Ilyas,PANDORABOX,2023-05-26 16:45:54,None,pointeuse_Door1_Entrance Card Reader1,-,Original Records,-,-,-
'7,Frih Ilyas,PANDORABOX,2023-05-26 17:32:09,None,pointeuse_Door1_Entrance Card Reader1,-,Original Records,-,-,-
'7,Frih Ilyas,PANDORABOX,2023-05-26 19:24:08,None,pointeuse_Door1_Entrance Card Reader1,-,Original Records,-,-,-
'7,Frih Ilyas,PANDORABOX,2023-05-29 10:09:12,None,pointeuse_Door1_Entrance Card Reader1,-,Original Records,-,-,-
'7,Frih Ilyas,PANDORABOX,2023-05-29 13:36:31,None,pointeuse_Door1_Entrance Card Reader1,-,Original Records,-,-,-
'7,Frih Ilyas,PANDORABOX,2023-05-29 18:28:33,None,pointeuse_Door1_Entrance Card Reader1,-,Original Records,-,-,-
'7,Frih Ilyas,PANDORABOX,2023-05-30 10:01:58,None,pointeuse_Door1_Entrance Card Reader1,-,Original Records,-,-,-
'7,Frih Ilyas,PANDORABOX,2023-05-30 15:32:37,None,pointeuse_Door1_Entrance Card Reader1,-,Original Records,-,-,-
'7,Frih Ilyas,PANDORABOX,2023-05-30 18:01:28,None,pointeuse_Door1_Entrance Card Reader1,-,Original Records,-,-,-
'7,Frih Ilyas,PANDORABOX,2023-05-31 10:34:24,None,pointeuse_Door1_Entrance Card Reader1,-,Original Records,-,-,-
'7,Frih Ilyas,PANDORABOX,2023-05-31 18:39:31,None,pointeuse_Door1_Entrance Card Reader1,-,Original Records,-,-,-
'7,Frih Ilyas,PANDORABOX,2023-06-01 10:17:02,None,pointeuse_Door1_Entrance Card Reader1,-,Original Records,-,-,-
'7,Frih Ilyas,PANDORABOX,2023-06-01 14:30:14,None,pointeuse_Door1_Entrance Card Reader1,-,Original Records,-,-,-
'7,Frih Ilyas,PANDORABOX,2023-06-01 18:20:51,None,pointeuse_Door1_Entrance Card Reader1,-,Original Records,-,-,-
'7,Frih Ilyas,PANDORABOX,2023-06-02 10:24:32,None,pointeuse_Door1_Entrance Card Reader1,-,Original Records,-,-,-
'7,Frih Ilyas,PANDORABOX,2023-06-02 14:55:19,None,pointeuse_Door1_Entrance Card Reader1,-,Original Records,-,-,-
'7,Frih Ilyas,PANDORABOX,2023-06-02 18:25:19,None,pointeuse_Door1_Entrance Card Reader1,-,Original Records,-,-,-
'7,Frih Ilyas,PANDORABOX,2023-06-05 09:12:17,None,pointeuse_Door1_Entrance Card Reader1,-,Original Records,-,-,-
'7,Frih Ilyas,PANDORABOX,2023-06-05 16:09:05,None,pointeuse_Door1_Entrance Card Reader1,-,Original Records,-,-,-
'7,Frih Ilyas,PANDORABOX,2023-06-05 18:33:10,None,pointeuse_Door1_Entrance Card Reader1,-,Original Records,-,-,-
'7,Frih Ilyas,PANDORABOX,2023-06-06 10:09:03,None,pointeuse_Door1_Entrance Card Reader1,-,Original Records,-,-,-
'7,Frih Ilyas,PANDORABOX,2023-06-06 15:13:42,None,pointeuse_Door1_Entrance Card Reader1,-,Original Records,-,-,-
'7,Frih Ilyas,PANDORABOX,2023-06-06 18:15:17,None,pointeuse_Door1_Entrance Card Reader1,-,Original Records,-,-,-
'7,Frih Ilyas,PANDORABOX,2023-06-07 10:05:31,None,pointeuse_Door1_Entrance Card Reader1,-,Original Records,-,-,-
'7,Frih Ilyas,PANDORABOX,2023-06-07 13:17:31,None,pointeuse_Door1_Entrance Card Reader1,-,Original Records,-,-,-
'7,Frih Ilyas,PANDORABOX,2023-06-07 14:35:28,None,pointeuse_Door1_Entrance Card Reader1,-,Original Records,-,-,-
'7,Frih Ilyas,PANDORABOX,2023-06-07 18:41:10,None,pointeuse_Door1_Entrance Card Reader1,-,Original Records,-,-,-
'7,Frih Ilyas,PANDORABOX,2023-06-08 10:00:36,None,pointeuse_Door1_Entrance Card Reader1,-,Original Records,-,-,-
'7,Frih Ilyas,PANDORABOX,2023-06-08 14:21:26,None,pointeuse_Door1_Entrance Card Reader1,-,Original Records,-,-,-
'7,Frih Ilyas,PANDORABOX,2023-06-08 15:19:45,None,pointeuse_Door1_Entrance Card Reader1,-,Original Records,-,-,-
'7,Frih Ilyas,PANDORABOX,2023-06-09 09:45:20,None,pointeuse_Door1_Entrance Card Reader1,-,Original Records,-,-,-
'7,Frih Ilyas,PANDORABOX,2023-06-09 11:09:00,None,pointeuse_Door1_Entrance Card Reader1,-,Original Records,-,-,-
'7,Frih Ilyas,PANDORABOX,2023-06-09 11:40:14,None,pointeuse_Door1_Entrance Card Reader1,-,Original Records,-,-,-
'7,Frih Ilyas,PANDORABOX,2023-06-09 15:41:07,None,pointeuse_Door1_Entrance Card Reader1,-,Original Records,-,-,-
'7,Frih Ilyas,PANDORABOX,2023-06-09 18:23:00,None,pointeuse_Door1_Entrance Card Reader1,-,Original Records,-,-,-
'7,Frih Ilyas,PANDORABOX,2023-06-12 09:38:06,None,pointeuse_Door1_Entrance Card Reader1,-,Original Records,-,-,-
'7,Frih Ilyas,PANDORABOX,2023-06-12 13:18:45,None,pointeuse_Door1_Entrance Card Reader1,-,Original Records,-,-,-
'7,Frih Ilyas,PANDORABOX,2023-06-12 15:26:02,None,pointeuse_Door1_Entrance Card Reader1,-,Original Records,-,-,-
'7,Frih Ilyas,PANDORABOX,2023-06-12 18:20:52,None,pointeuse_Door1_Entrance Card Reader1,-,Original Records,-,-,-
'7,Frih Ilyas,PANDORABOX,2023-06-13 09:47:03,None,pointeuse_Door1_Entrance Card Reader1,-,Original Records,-,-,-
'7,Frih Ilyas,PANDORABOX,2023-06-13 14:14:39,None,pointeuse_Door1_Entrance Card Reader1,-,Original Records,-,-,-
'7,Frih Ilyas,PANDORABOX,2023-06-13 14:37:17,None,pointeuse_Door1_Entrance Card Reader1,-,Original Records,-,-,-
'7,Frih Ilyas,PANDORABOX,2023-06-13 18:18:10,None,pointeuse_Door1_Entrance Card Reader1,-,Original Records,-,-,-
'7,Frih Ilyas,PANDORABOX,2023-06-14 10:16:43,None,pointeuse_Door1_Entrance Card Reader1,-,Original Records,-,-,-
'7,Frih Ilyas,PANDORABOX,2023-06-14 13:07:11,None,pointeuse_Door1_Entrance Card Reader1,-,Original Records,-,-,-
'7,Frih Ilyas,PANDORABOX,2023-06-14 14:16:07,None,pointeuse_Door1_Entrance Card Reader1,-,Original Records,-,-,-
'7,Frih Ilyas,PANDORABOX,2023-06-14 18:19:52,None,pointeuse_Door1_Entrance Card Reader1,-,Original Records,-,-,-
'7,Frih Ilyas,PANDORABOX,2023-06-15 09:59:46,None,pointeuse_Door1_Entrance Card Reader1,-,Original Records,-,-,-
'7,Frih Ilyas,PANDORABOX,2023-06-15 14:02:55,None,pointeuse_Door1_Entrance Card Reader1,-,Original Records,-,-,-
'7,Frih Ilyas,PANDORABOX,2023-06-15 14:14:53,None,pointeuse_Door1_Entrance Card Reader1,-,Original Records,-,-,-
'7,Frih Ilyas,PANDORABOX,2023-06-15 18:17:03,None,pointeuse_Door1_Entrance Card Reader1,-,Original Records,-,-,-
'7,Frih Ilyas,PANDORABOX,2023-06-16 09:52:35,None,pointeuse_Door1_Entrance Card Reader1,-,Original Records,-,-,-
'7,Frih Ilyas,PANDORABOX,2023-06-16 13:31:42,None,pointeuse_Door1_Entrance Card Reader1,-,Original Records,-,-,-
'7,Frih Ilyas,PANDORABOX,2023-06-16 15:10:49,None,pointeuse_Door1_Entrance Card Reader1,-,Original Records,-,-,-
'7,Frih Ilyas,PANDORABOX,2023-06-16 18:14:24,None,pointeuse_Door1_Entrance Card Reader1,-,Original Records,-,-,-
'7,Frih Ilyas,PANDORABOX,2023-06-19 09:31:38,None,pointeuse_Door1_Entrance Card Reader1,-,Original Records,-,-,-
'7,Frih Ilyas,PANDORABOX,2023-06-19 14:09:01,None,pointeuse_Door1_Entrance Card Reader1,-,Original Records,-,-,-
'7,Frih Ilyas,PANDORABOX,2023-06-19 18:20:08,None,pointeuse_Door1_Entrance Card Reader1,-,Original Records,-,-,-
'7,Frih Ilyas,PANDORABOX,2023-06-20 09:50:27,None,pointeuse_Door1_Entrance Card Reader1,-,Original Records,-,-,-
'7,Frih Ilyas,PANDORABOX,2023-06-20 19:04:57,None,pointeuse_Door1_Entrance Card Reader1,-,Original Records,-,-,-
'7,Frih Ilyas,PANDORABOX,2023-06-21 09:50:51,None,pointeuse_Door1_Entrance Card Reader1,-,Original Records,-,-,-
'7,Frih Ilyas,PANDORABOX,2023-06-21 10:55:28,None,pointeuse_Door1_Entrance Card Reader1,-,Original Records,-,-,-
'7,Frih Ilyas,PANDORABOX,2023-06-21 18:05:31,None,pointeuse_Door1_Entrance Card Reader1,-,Original Records,-,-,-
'8,AYOUB SAHRI,PANDORABOX,2023-05-24 09:18:17,None,pointeuse_Door1_Entrance Card Reader1,-,Original Records,-,-,-
'8,AYOUB SAHRI,PANDORABOX,2023-05-24 13:18:50,None,pointeuse_Door1_Entrance Card Reader1,-,Original Records,-,-,-
'8,AYOUB SAHRI,PANDORABOX,2023-05-24 13:37:26,None,pointeuse_Door1_Entrance Card Reader1,-,Original Records,-,-,-
'8,AYOUB SAHRI,PANDORABOX,2023-05-24 18:41:43,None,pointeuse_Door1_Entrance Card Reader1,-,Original Records,-,-,-
'8,AYOUB SAHRI,PANDORABOX,2023-05-25 09:06:18,None,pointeuse_Door1_Entrance Card Reader1,-,Original Records,-,-,-
'8,AYOUB SAHRI,PANDORABOX,2023-05-25 13:23:05,None,pointeuse_Door1_Entrance Card Reader1,-,Original Records,-,-,-
'8,AYOUB SAHRI,PANDORABOX,2023-05-25 14:27:17,None,pointeuse_Door1_Entrance Card Reader1,-,Original Records,-,-,-
'8,AYOUB SAHRI,PANDORABOX,2023-05-25 18:00:46,None,pointeuse_Door1_Entrance Card Reader1,-,Original Records,-,-,-
'8,AYOUB SAHRI,PANDORABOX,2023-05-26 09:16:37,None,pointeuse_Door1_Entrance Card Reader1,-,Original Records,-,-,-
'8,AYOUB SAHRI,PANDORABOX,2023-05-26 13:20:37,None,pointeuse_Door1_Entrance Card Reader1,-,Original Records,-,-,-
'8,AYOUB SAHRI,PANDORABOX,2023-05-26 14:30:07,None,pointeuse_Door1_Entrance Card Reader1,-,Original Records,-,-,-
'8,AYOUB SAHRI,PANDORABOX,2023-05-26 18:54:03,None,pointeuse_Door1_Entrance Card Reader1,-,Original Records,-,-,-
'8,AYOUB SAHRI,PANDORABOX,2023-05-29 09:03:59,None,pointeuse_Door1_Entrance Card Reader1,-,Original Records,-,-,-
'8,AYOUB SAHRI,PANDORABOX,2023-05-29 13:44:06,None,pointeuse_Door1_Entrance Card Reader1,-,Original Records,-,-,-
'8,AYOUB SAHRI,PANDORABOX,2023-05-29 14:38:29,None,pointeuse_Door1_Entrance Card Reader1,-,Original Records,-,-,-
'8,AYOUB SAHRI,PANDORABOX,2023-05-29 18:07:02,None,pointeuse_Door1_Entrance Card Reader1,-,Original Records,-,-,-
'8,AYOUB SAHRI,PANDORABOX,2023-05-30 09:13:14,None,pointeuse_Door1_Entrance Card Reader1,-,Original Records,-,-,-
'8,AYOUB SAHRI,PANDORABOX,2023-05-30 13:12:32,None,pointeuse_Door1_Entrance Card Reader1,-,Original Records,-,-,-
'8,AYOUB SAHRI,PANDORABOX,2023-05-30 14:12:09,None,pointeuse_Door1_Entrance Card Reader1,-,Original Records,-,-,-
'8,AYOUB SAHRI,PANDORABOX,2023-05-30 18:02:10,None,pointeuse_Door1_Entrance Card Reader1,-,Original Records,-,-,-
'8,AYOUB SAHRI,PANDORABOX,2023-05-31 09:12:55,None,pointeuse_Door1_Entrance Card Reader1,-,Original Records,-,-,-
'8,AYOUB SAHRI,PANDORABOX,2023-05-31 13:34:18,None,pointeuse_Door1_Entrance Card Reader1,-,Original Records,-,-,-
'8,AYOUB SAHRI,PANDORABOX,2023-05-31 14:32:02,None,pointeuse_Door1_Entrance Card Reader1,-,Original Records,-,-,-
'8,AYOUB SAHRI,PANDORABOX,2023-05-31 18:22:39,None,pointeuse_Door1_Entrance Card Reader1,-,Original Records,-,-,-
'8,AYOUB SAHRI,PANDORABOX,2023-06-01 09:21:15,None,pointeuse_Door1_Entrance Card Reader1,-,Original Records,-,-,-
'8,AYOUB SAHRI,PANDORABOX,2023-06-01 14:34:38,None,pointeuse_Door1_Entrance Card Reader1,-,Original Records,-,-,-
'8,AYOUB SAHRI,PANDORABOX,2023-06-01 15:32:34,None,pointeuse_Door1_Entrance Card Reader1,-,Original Records,-,-,-
'8,AYOUB SAHRI,PANDORABOX,2023-06-01 18:16:40,None,pointeuse_Door1_Entrance Card Reader1,-,Original Records,-,-,-
'8,AYOUB SAHRI,PANDORABOX,2023-06-02 09:11:58,None,pointeuse_Door1_Entrance Card Reader1,-,Original Records,-,-,-
'8,AYOUB SAHRI,PANDORABOX,2023-06-02 13:20:21,None,pointeuse_Door1_Entrance Card Reader1,-,Original Records,-,-,-
'8,AYOUB SAHRI,PANDORABOX,2023-06-02 14:34:53,None,pointeuse_Door1_Entrance Card Reader1,-,Original Records,-,-,-
'8,AYOUB SAHRI,PANDORABOX,2023-06-02 18:30:37,None,pointeuse_Door1_Entrance Card Reader1,-,Original Records,-,-,-
'8,AYOUB SAHRI,PANDORABOX,2023-06-05 09:15:56,None,pointeuse_Door1_Entrance Card Reader1,-,Original Records,-,-,-
'8,AYOUB SAHRI,PANDORABOX,2023-06-05 13:42:13,None,pointeuse_Door1_Entrance Card Reader1,-,Original Records,-,-,-
'8,AYOUB SAHRI,PANDORABOX,2023-06-05 14:43:40,None,pointeuse_Door1_Entrance Card Reader1,-,Original Records,-,-,-
'8,AYOUB SAHRI,PANDORABOX,2023-06-05 18:16:22,None,pointeuse_Door1_Entrance Card Reader1,-,Original Records,-,-,-
'8,AYOUB SAHRI,PANDORABOX,2023-06-06 09:16:07,None,pointeuse_Door1_Entrance Card Reader1,-,Original Records,-,-,-
'8,AYOUB SAHRI,PANDORABOX,2023-06-06 13:32:30,None,pointeuse_Door1_Entrance Card Reader1,-,Original Records,-,-,-
'8,AYOUB SAHRI,PANDORABOX,2023-06-06 14:32:44,None,pointeuse_Door1_Entrance Card Reader1,-,Original Records,-,-,-
'8,AYOUB SAHRI,PANDORABOX,2023-06-06 19:28:15,None,pointeuse_Door1_Entrance Card Reader1,-,Original Records,-,-,-
'8,AYOUB SAHRI,PANDORABOX,2023-06-07 09:10:34,None,pointeuse_Door1_Entrance Card Reader1,-,Original Records,-,-,-
'8,AYOUB SAHRI,PANDORABOX,2023-06-07 13:46:32,None,pointeuse_Door1_Entrance Card Reader1,-,Original Records,-,-,-
'8,AYOUB SAHRI,PANDORABOX,2023-06-07 14:39:38,None,pointeuse_Door1_Entrance Card Reader1,-,Original Records,-,-,-
'8,AYOUB SAHRI,PANDORABOX,2023-06-07 18:42:04,None,pointeuse_Door1_Entrance Card Reader1,-,Original Records,-,-,-
'8,AYOUB SAHRI,PANDORABOX,2023-06-08 09:20:59,None,pointeuse_Door1_Entrance Card Reader1,-,Original Records,-,-,-
'8,AYOUB SAHRI,PANDORABOX,2023-06-08 13:19:09,None,pointeuse_Door1_Entrance Card Reader1,-,Original Records,-,-,-
'8,AYOUB SAHRI,PANDORABOX,2023-06-08 14:15:20,None,pointeuse_Door1_Entrance Card Reader1,-,Original Records,-,-,-
'8,AYOUB SAHRI,PANDORABOX,2023-06-08 18:36:44,None,pointeuse_Door1_Entrance Card Reader1,-,Original Records,-,-,-
'8,AYOUB SAHRI,PANDORABOX,2023-06-09 09:16:19,None,pointeuse_Door1_Entrance Card Reader1,-,Original Records,-,-,-
'8,AYOUB SAHRI,PANDORABOX,2023-06-09 13:22:56,None,pointeuse_Door1_Entrance Card Reader1,-,Original Records,-,-,-
'8,AYOUB SAHRI,PANDORABOX,2023-06-09 14:26:50,None,pointeuse_Door1_Entrance Card Reader1,-,Original Records,-,-,-
'8,AYOUB SAHRI,PANDORABOX,2023-06-09 18:20:01,None,pointeuse_Door1_Entrance Card Reader1,-,Original Records,-,-,-
'8,AYOUB SAHRI,PANDORABOX,2023-06-09 18:24:47,None,pointeuse_Door1_Entrance Card Reader1,-,Original Records,-,-,-
'8,AYOUB SAHRI,PANDORABOX,2023-06-12 09:17:23,None,pointeuse_Door1_Entrance Card Reader1,-,Original Records,-,-,-
'8,AYOUB SAHRI,PANDORABOX,2023-06-12 15:07:27,None,pointeuse_Door1_Entrance Card Reader1,-,Original Records,-,-,-
'8,AYOUB SAHRI,PANDORABOX,2023-06-12 18:07:15,None,pointeuse_Door1_Entrance Card Reader1,-,Original Records,-,-,-
'8,AYOUB SAHRI,PANDORABOX,2023-06-13 09:15:32,None,pointeuse_Door1_Entrance Card Reader1,-,Original Records,-,-,-
'8,AYOUB SAHRI,PANDORABOX,2023-06-13 13:27:47,None,pointeuse_Door1_Entrance Card Reader1,-,Original Records,-,-,-
'8,AYOUB SAHRI,PANDORABOX,2023-06-13 14:27:19,None,pointeuse_Door1_Entrance Card Reader1,-,Original Records,-,-,-
'8,AYOUB SAHRI,PANDORABOX,2023-06-13 18:16:53,None,pointeuse_Door1_Entrance Card Reader1,-,Original Records,-,-,-
'8,AYOUB SAHRI,PANDORABOX,2023-06-14 09:18:52,None,pointeuse_Door1_Entrance Card Reader1,-,Original Records,-,-,-
'8,AYOUB SAHRI,PANDORABOX,2023-06-14 13:13:54,None,pointeuse_Door1_Entrance Card Reader1,-,Original Records,-,-,-
'8,AYOUB SAHRI,PANDORABOX,2023-06-14 14:03:19,None,pointeuse_Door1_Entrance Card Reader1,-,Original Records,-,-,-
'8,AYOUB SAHRI,PANDORABOX,2023-06-14 19:16:45,None,pointeuse_Door1_Entrance Card Reader1,-,Original Records,-,-,-
'8,AYOUB SAHRI,PANDORABOX,2023-06-15 09:12:15,None,pointeuse_Door1_Entrance Card Reader1,-,Original Records,-,-,-
'8,AYOUB SAHRI,PANDORABOX,2023-06-15 12:54:43,None,pointeuse_Door1_Entrance Card Reader1,-,Original Records,-,-,-
'8,AYOUB SAHRI,PANDORABOX,2023-06-15 13:44:34,None,pointeuse_Door1_Entrance Card Reader1,-,Original Records,-,-,-
'8,AYOUB SAHRI,PANDORABOX,2023-06-15 18:09:35,None,pointeuse_Door1_Entrance Card Reader1,-,Original Records,-,-,-
'8,AYOUB SAHRI,PANDORABOX,2023-06-16 09:20:00,None,pointeuse_Door1_Entrance Card Reader1,-,Original Records,-,-,-
'8,AYOUB SAHRI,PANDORABOX,2023-06-16 13:23:08,None,pointeuse_Door1_Entrance Card Reader1,-,Original Records,-,-,-
'8,AYOUB SAHRI,PANDORABOX,2023-06-16 14:36:07,None,pointeuse_Door1_Entrance Card Reader1,-,Original Records,-,-,-
'8,AYOUB SAHRI,PANDORABOX,2023-06-16 19:23:02,None,pointeuse_Door1_Entrance Card Reader1,-,Original Records,-,-,-
'8,AYOUB SAHRI,PANDORABOX,2023-06-19 09:13:07,None,pointeuse_Door1_Entrance Card Reader1,-,Original Records,-,-,-
'8,AYOUB SAHRI,PANDORABOX,2023-06-19 18:14:50,None,pointeuse_Door1_Entrance Card Reader1,-,Original Records,-,-,-
'8,AYOUB SAHRI,PANDORABOX,2023-06-20 09:16:10,None,pointeuse_Door1_Entrance Card Reader1,-,Original Records,-,-,-
'8,AYOUB SAHRI,PANDORABOX,2023-06-20 13:33:29,None,pointeuse_Door1_Entrance Card Reader1,-,Original Records,-,-,-
'8,AYOUB SAHRI,PANDORABOX,2023-06-20 14:39:09,None,pointeuse_Door1_Entrance Card Reader1,-,Original Records,-,-,-
'8,AYOUB SAHRI,PANDORABOX,2023-06-20 18:25:29,None,pointeuse_Door1_Entrance Card Reader1,-,Original Records,-,-,-
'8,AYOUB SAHRI,PANDORABOX,2023-06-21 09:07:10,None,pointeuse_Door1_Entrance Card Reader1,-,Original Records,-,-,-
'8,AYOUB SAHRI,PANDORABOX,2023-06-21 13:33:37,None,pointeuse_Door1_Entrance Card Reader1,-,Original Records,-,-,-
'8,AYOUB SAHRI,PANDORABOX,2023-06-21 14:18:10,None,pointeuse_Door1_Entrance Card Reader1,-,Original Records,-,-,-
'8,AYOUB SAHRI,PANDORABOX,2023-06-21 18:05:06,None,pointeuse_Door1_Entrance Card Reader1,-,Original Records,-,-,-
'9,Anouar Zemouri,PANDORABOX,2023-05-24 10:25:00,None,pointeuse_Door1_Entrance Card Reader1,-,Original Records,-,-,-
'9,Anouar Zemouri,PANDORABOX,2023-05-24 10:59:02,None,pointeuse_Door1_Entrance Card Reader1,-,Original Records,-,-,-
'9,Anouar Zemouri,PANDORABOX,2023-05-25 09:35:01,None,pointeuse_Door1_Entrance Card Reader1,-,Original Records,-,-,-
'9,Anouar Zemouri,PANDORABOX,2023-05-25 15:39:09,None,pointeuse_Door1_Entrance Card Reader1,-,Original Records,-,-,-
'9,Anouar Zemouri,PANDORABOX,2023-06-05 09:36:59,None,pointeuse_Door1_Entrance Card Reader1,-,Original Records,-,-,-
'9,Anouar Zemouri,PANDORABOX,2023-06-05 16:49:55,None,pointeuse_Door1_Entrance Card Reader1,-,Original Records,-,-,-
'9,Anouar Zemouri,PANDORABOX,2023-06-07 10:53:08,None,pointeuse_Door1_Entrance Card Reader1,-,Original Records,-,-,-
'9,Anouar Zemouri,PANDORABOX,2023-06-07 17:01:27,None,pointeuse_Door1_Entrance Card Reader1,-,Original Records,-,-,-
'9,Anouar Zemouri,PANDORABOX,2023-06-09 11:13:53,None,pointeuse_Door1_Entrance Card Reader1,-,Original Records,-,-,-
'9,Anouar Zemouri,PANDORABOX,2023-06-09 15:59:55,None,pointeuse_Door1_Entrance Card Reader1,-,Original Records,-,-,-
'9,Anouar Zemouri,PANDORABOX,2023-06-12 17:42:58,None,pointeuse_Door1_Entrance Card Reader1,-,Original Records,-,-,-
'9,Anouar Zemouri,PANDORABOX,2023-06-14 13:25:50,None,pointeuse_Door1_Entrance Card Reader1,-,Original Records,-,-,-
'9,Anouar Zemouri,PANDORABOX,2023-06-14 17:05:18,None,pointeuse_Door1_Entrance Card Reader1,-,Original Records,-,-,-
'9,Anouar Zemouri,PANDORABOX,2023-06-15 10:02:55,None,pointeuse_Door1_Entrance Card Reader1,-,Original Records,-,-,-
'11,AYOUB  ZIANI,PANDORABOX,2023-05-24 09:18:24,None,pointeuse_Door1_Entrance Card Reader1,-,Original Records,-,-,-
'11,AYOUB  ZIANI,PANDORABOX,2023-05-24 13:06:43,None,pointeuse_Door1_Entrance Card Reader1,-,Original Records,-,-,-
'11,AYOUB  ZIANI,PANDORABOX,2023-05-24 13:50:05,None,pointeuse_Door1_Entrance Card Reader1,-,Original Records,-,-,-
'11,AYOUB  ZIANI,PANDORABOX,2023-05-24 18:26:31,None,pointeuse_Door1_Entrance Card Reader1,-,Original Records,-,-,-
'11,AYOUB  ZIANI,PANDORABOX,2023-05-25 09:20:08,None,pointeuse_Door1_Entrance Card Reader1,-,Original Records,-,-,-
'11,AYOUB  ZIANI,PANDORABOX,2023-05-25 12:07:57,None,pointeuse_Door1_Entrance Card Reader1,-,Original Records,-,-,-
'11,AYOUB  ZIANI,PANDORABOX,2023-05-25 13:22:21,None,pointeuse_Door1_Entrance Card Reader1,-,Original Records,-,-,-
'11,AYOUB  ZIANI,PANDORABOX,2023-05-25 18:14:55,None,pointeuse_Door1_Entrance Card Reader1,-,Original Records,-,-,-
'11,AYOUB  ZIANI,PANDORABOX,2023-05-26 08:49:30,None,pointeuse_Door1_Entrance Card Reader1,-,Original Records,-,-,-
'11,AYOUB  ZIANI,PANDORABOX,2023-05-26 13:35:05,None,pointeuse_Door1_Entrance Card Reader1,-,Original Records,-,-,-
'11,AYOUB  ZIANI,PANDORABOX,2023-05-26 14:04:59,None,pointeuse_Door1_Entrance Card Reader1,-,Original Records,-,-,-
'11,AYOUB  ZIANI,PANDORABOX,2023-05-26 18:42:52,None,pointeuse_Door1_Entrance Card Reader1,-,Original Records,-,-,-
'11,AYOUB  ZIANI,PANDORABOX,2023-05-26 21:46:19,None,pointeuse_Door1_Entrance Card Reader1,-,Original Records,-,-,-
'11,AYOUB  ZIANI,PANDORABOX,2023-05-26 21:58:23,None,pointeuse_Door1_Entrance Card Reader1,-,Original Records,-,-,-
'11,AYOUB  ZIANI,PANDORABOX,2023-05-29 09:29:07,None,pointeuse_Door1_Entrance Card Reader1,-,Original Records,-,-,-
'11,AYOUB  ZIANI,PANDORABOX,2023-05-29 14:12:48,None,pointeuse_Door1_Entrance Card Reader1,-,Original Records,-,-,-
'11,AYOUB  ZIANI,PANDORABOX,2023-05-29 15:12:54,None,pointeuse_Door1_Entrance Card Reader1,-,Original Records,-,-,-
'11,AYOUB  ZIANI,PANDORABOX,2023-05-29 18:14:27,None,pointeuse_Door1_Entrance Card Reader1,-,Original Records,-,-,-
'11,AYOUB  ZIANI,PANDORABOX,2023-05-30 09:27:58,None,pointeuse_Door1_Entrance Card Reader1,-,Original Records,-,-,-
'11,AYOUB  ZIANI,PANDORABOX,2023-05-30 13:58:35,None,pointeuse_Door1_Entrance Card Reader1,-,Original Records,-,-,-
'11,AYOUB  ZIANI,PANDORABOX,2023-05-30 14:43:08,None,pointeuse_Door1_Entrance Card Reader1,-,Original Records,-,-,-
'11,AYOUB  ZIANI,PANDORABOX,2023-05-30 18:01:22,None,pointeuse_Door1_Entrance Card Reader1,-,Original Records,-,-,-
'11,AYOUB  ZIANI,PANDORABOX,2023-05-31 09:45:51,None,pointeuse_Door1_Entrance Card Reader1,-,Original Records,-,-,-
'11,AYOUB  ZIANI,PANDORABOX,2023-05-31 13:36:42,None,pointeuse_Door1_Entrance Card Reader1,-,Original Records,-,-,-
'11,AYOUB  ZIANI,PANDORABOX,2023-05-31 14:31:59,None,pointeuse_Door1_Entrance Card Reader1,-,Original Records,-,-,-
'11,AYOUB  ZIANI,PANDORABOX,2023-05-31 18:21:40,None,pointeuse_Door1_Entrance Card Reader1,-,Original Records,-,-,-
'11,AYOUB  ZIANI,PANDORABOX,2023-06-01 09:13:36,None,pointeuse_Door1_Entrance Card Reader1,-,Original Records,-,-,-
'11,AYOUB  ZIANI,PANDORABOX,2023-06-01 14:38:12,None,pointeuse_Door1_Entrance Card Reader1,-,Original Records,-,-,-
'11,AYOUB  ZIANI,PANDORABOX,2023-06-01 15:51:51,None,pointeuse_Door1_Entrance Card Reader1,-,Original Records,-,-,-
'11,AYOUB  ZIANI,PANDORABOX,2023-06-01 18:20:48,None,pointeuse_Door1_Entrance Card Reader1,-,Original Records,-,-,-
'11,AYOUB  ZIANI,PANDORABOX,2023-06-02 09:31:46,None,pointeuse_Door1_Entrance Card Reader1,-,Original Records,-,-,-
'11,AYOUB  ZIANI,PANDORABOX,2023-06-02 13:28:50,None,pointeuse_Door1_Entrance Card Reader1,-,Original Records,-,-,-
'11,AYOUB  ZIANI,PANDORABOX,2023-06-02 14:12:13,None,pointeuse_Door1_Entrance Card Reader1,-,Original Records,-,-,-
'11,AYOUB  ZIANI,PANDORABOX,2023-06-02 18:19:38,None,pointeuse_Door1_Entrance Card Reader1,-,Original Records,-,-,-
'11,AYOUB  ZIANI,PANDORABOX,2023-06-05 09:21:25,None,pointeuse_Door1_Entrance Card Reader1,-,Original Records,-,-,-
'11,AYOUB  ZIANI,PANDORABOX,2023-06-05 13:43:10,None,pointeuse_Door1_Entrance Card Reader1,-,Original Records,-,-,-
'11,AYOUB  ZIANI,PANDORABOX,2023-06-05 14:23:24,None,pointeuse_Door1_Entrance Card Reader1,-,Original Records,-,-,-
'11,AYOUB  ZIANI,PANDORABOX,2023-06-05 18:19:07,None,pointeuse_Door1_Entrance Card Reader1,-,Original Records,-,-,-
'11,AYOUB  ZIANI,PANDORABOX,2023-06-06 09:21:06,None,pointeuse_Door1_Entrance Card Reader1,-,Original Records,-,-,-
'11,AYOUB  ZIANI,PANDORABOX,2023-06-06 14:25:39,None,pointeuse_Door1_Entrance Card Reader1,-,Original Records,-,-,-
'11,AYOUB  ZIANI,PANDORABOX,2023-06-06 15:02:11,None,pointeuse_Door1_Entrance Card Reader1,-,Original Records,-,-,-
'11,AYOUB  ZIANI,PANDORABOX,2023-06-06 18:15:13,None,pointeuse_Door1_Entrance Card Reader1,-,Original Records,-,-,-
'11,AYOUB  ZIANI,PANDORABOX,2023-06-07 09:40:14,None,pointeuse_Door1_Entrance Card Reader1,-,Original Records,-,-,-
'11,AYOUB  ZIANI,PANDORABOX,2023-06-07 13:16:19,None,pointeuse_Door1_Entrance Card Reader1,-,Original Records,-,-,-
'11,AYOUB  ZIANI,PANDORABOX,2023-06-07 14:35:26,None,pointeuse_Door1_Entrance Card Reader1,-,Original Records,-,-,-
'11,AYOUB  ZIANI,PANDORABOX,2023-06-07 18:35:26,None,pointeuse_Door1_Entrance Card Reader1,-,Original Records,-,-,-
'11,AYOUB  ZIANI,PANDORABOX,2023-06-08 09:20:50,None,pointeuse_Door1_Entrance Card Reader1,-,Original Records,-,-,-
'11,AYOUB  ZIANI,PANDORABOX,2023-06-08 13:20:48,None,pointeuse_Door1_Entrance Card Reader1,-,Original Records,-,-,-
'11,AYOUB  ZIANI,PANDORABOX,2023-06-08 14:19:32,None,pointeuse_Door1_Entrance Card Reader1,-,Original Records,-,-,-
'11,AYOUB  ZIANI,PANDORABOX,2023-06-08 18:41:58,None,pointeuse_Door1_Entrance Card Reader1,-,Original Records,-,-,-
'11,AYOUB  ZIANI,PANDORABOX,2023-06-09 09:18:52,None,pointeuse_Door1_Entrance Card Reader1,-,Original Records,-,-,-
'11,AYOUB  ZIANI,PANDORABOX,2023-06-09 13:33:21,None,pointeuse_Door1_Entrance Card Reader1,-,Original Records,-,-,-
'11,AYOUB  ZIANI,PANDORABOX,2023-06-09 14:51:39,None,pointeuse_Door1_Entrance Card Reader1,-,Original Records,-,-,-
'11,AYOUB  ZIANI,PANDORABOX,2023-06-09 18:22:33,None,pointeuse_Door1_Entrance Card Reader1,-,Original Records,-,-,-
'11,AYOUB  ZIANI,PANDORABOX,2023-06-12 09:07:49,None,pointeuse_Door1_Entrance Card Reader1,-,Original Records,-,-,-
'11,AYOUB  ZIANI,PANDORABOX,2023-06-12 13:26:27,None,pointeuse_Door1_Entrance Card Reader1,-,Original Records,-,-,-
'11,AYOUB  ZIANI,PANDORABOX,2023-06-12 14:35:47,None,pointeuse_Door1_Entrance Card Reader1,-,Original Records,-,-,-
'11,AYOUB  ZIANI,PANDORABOX,2023-06-12 18:19:44,None,pointeuse_Door1_Entrance Card Reader1,-,Original Records,-,-,-
'11,AYOUB  ZIANI,PANDORABOX,2023-06-13 09:45:10,None,pointeuse_Door1_Entrance Card Reader1,-,Original Records,-,-,-
'11,AYOUB  ZIANI,PANDORABOX,2023-06-13 13:20:13,None,pointeuse_Door1_Entrance Card Reader1,-,Original Records,-,-,-
'11,AYOUB  ZIANI,PANDORABOX,2023-06-13 14:18:07,None,pointeuse_Door1_Entrance Card Reader1,-,Original Records,-,-,-
'11,AYOUB  ZIANI,PANDORABOX,2023-06-13 18:16:43,None,pointeuse_Door1_Entrance Card Reader1,-,Original Records,-,-,-
'11,AYOUB  ZIANI,PANDORABOX,2023-06-14 09:33:59,None,pointeuse_Door1_Entrance Card Reader1,-,Original Records,-,-,-
'11,AYOUB  ZIANI,PANDORABOX,2023-06-14 13:07:57,None,pointeuse_Door1_Entrance Card Reader1,-,Original Records,-,-,-
'11,AYOUB  ZIANI,PANDORABOX,2023-06-14 14:00:50,None,pointeuse_Door1_Entrance Card Reader1,-,Original Records,-,-,-
'11,AYOUB  ZIANI,PANDORABOX,2023-06-14 18:25:11,None,pointeuse_Door1_Entrance Card Reader1,-,Original Records,-,-,-
'11,AYOUB  ZIANI,PANDORABOX,2023-06-15 09:22:30,None,pointeuse_Door1_Entrance Card Reader1,-,Original Records,-,-,-
'11,AYOUB  ZIANI,PANDORABOX,2023-06-15 12:53:02,None,pointeuse_Door1_Entrance Card Reader1,-,Original Records,-,-,-
'11,AYOUB  ZIANI,PANDORABOX,2023-06-15 13:55:21,None,pointeuse_Door1_Entrance Card Reader1,-,Original Records,-,-,-
'11,AYOUB  ZIANI,PANDORABOX,2023-06-15 18:09:52,None,pointeuse_Door1_Entrance Card Reader1,-,Original Records,-,-,-
'11,AYOUB  ZIANI,PANDORABOX,2023-06-15 21:10:53,None,pointeuse_Door1_Entrance Card Reader1,-,Original Records,-,-,-
'11,AYOUB  ZIANI,PANDORABOX,2023-06-16 09:29:43,None,pointeuse_Door1_Entrance Card Reader1,-,Original Records,-,-,-
'11,AYOUB  ZIANI,PANDORABOX,2023-06-16 13:31:27,None,pointeuse_Door1_Entrance Card Reader1,-,Original Records,-,-,-
'11,AYOUB  ZIANI,PANDORABOX,2023-06-16 15:10:47,None,pointeuse_Door1_Entrance Card Reader1,-,Original Records,-,-,-
'11,AYOUB  ZIANI,PANDORABOX,2023-06-16 18:14:22,None,pointeuse_Door1_Entrance Card Reader1,-,Original Records,-,-,-
'11,AYOUB  ZIANI,PANDORABOX,2023-06-19 09:25:01,None,pointeuse_Door1_Entrance Card Reader1,-,Original Records,-,-,-
'11,AYOUB  ZIANI,PANDORABOX,2023-06-19 13:12:16,None,pointeuse_Door1_Entrance Card Reader1,-,Original Records,-,-,-
'11,AYOUB  ZIANI,PANDORABOX,2023-06-19 13:59:13,None,pointeuse_Door1_Entrance Card Reader1,-,Original Records,-,-,-
'11,AYOUB  ZIANI,PANDORABOX,2023-06-19 18:15:58,None,pointeuse_Door1_Entrance Card Reader1,-,Original Records,-,-,-
'11,AYOUB  ZIANI,PANDORABOX,2023-06-20 09:26:11,None,pointeuse_Door1_Entrance Card Reader1,-,Original Records,-,-,-
'11,AYOUB  ZIANI,PANDORABOX,2023-06-20 14:10:12,None,pointeuse_Door1_Entrance Card Reader1,-,Original Records,-,-,-
'11,AYOUB  ZIANI,PANDORABOX,2023-06-20 15:03:34,None,pointeuse_Door1_Entrance Card Reader1,-,Original Records,-,-,-
'11,AYOUB  ZIANI,PANDORABOX,2023-06-20 18:15:22,None,pointeuse_Door1_Entrance Card Reader1,-,Original Records,-,-,-
'11,AYOUB  ZIANI,PANDORABOX,2023-06-21 09:23:04,None,pointeuse_Door1_Entrance Card Reader1,-,Original Records,-,-,-
'11,AYOUB  ZIANI,PANDORABOX,2023-06-21 13:48:10,None,pointeuse_Door1_Entrance Card Reader1,-,Original Records,-,-,-
'11,AYOUB  ZIANI,PANDORABOX,2023-06-21 14:42:53,None,pointeuse_Door1_Entrance Card Reader1,-,Original Records,-,-,-
'11,AYOUB  ZIANI,PANDORABOX,2023-06-21 18:08:34,None,pointeuse_Door1_Entrance Card Reader1,-,Original Records,-,-,-
'14,ASMAE BENAMAR,PANDORABOX,2023-05-24 07:56:47,None,pointeuse_Door1_Entrance Card Reader1,-,Original Records,-,-,-
'14,ASMAE BENAMAR,PANDORABOX,2023-05-25 18:37:16,None,pointeuse_Door1_Entrance Card Reader1,-,Original Records,-,-,-
'14,ASMAE BENAMAR,PANDORABOX,2023-05-27 15:11:49,None,pointeuse_Door1_Entrance Card Reader1,-,Original Records,-,-,-
'14,ASMAE BENAMAR,PANDORABOX,2023-06-02 18:01:09,None,pointeuse_Door1_Entrance Card Reader1,-,Original Records,-,-,-
'14,ASMAE BENAMAR,PANDORABOX,2023-06-08 18:11:39,None,pointeuse_Door1_Entrance Card Reader1,-,Original Records,-,-,-
'14,ASMAE BENAMAR,PANDORABOX,2023-06-11 10:47:14,None,pointeuse_Door1_Entrance Card Reader1,-,Original Records,-,-,-
'14,ASMAE BENAMAR,PANDORABOX,2023-06-15 18:30:50,None,pointeuse_Door1_Entrance Card Reader1,-,Original Records,-,-,-
'14,ASMAE BENAMAR,PANDORABOX,2023-06-18 18:42:11,None,pointeuse_Door1_Entrance Card Reader1,-,Original Records,-,-,-
'15,SOUFIAN TAIEBOUNE,PANDORABOX,2023-05-24 10:29:01,None,pointeuse_Door1_Entrance Card Reader1,-,Original Records,-,-,-
'15,SOUFIAN TAIEBOUNE,PANDORABOX,2023-05-25 13:13:58,None,pointeuse_Door1_Entrance Card Reader1,-,Original Records,-,-,-
'15,SOUFIAN TAIEBOUNE,PANDORABOX,2023-05-25 17:22:48,None,pointeuse_Door1_Entrance Card Reader1,-,Original Records,-,-,-
'15,SOUFIAN TAIEBOUNE,PANDORABOX,2023-05-29 09:31:10,None,pointeuse_Door1_Entrance Card Reader1,-,Original Records,-,-,-
'15,SOUFIAN TAIEBOUNE,PANDORABOX,2023-05-29 16:52:14,None,pointeuse_Door1_Entrance Card Reader1,-,Original Records,-,-,-
'15,SOUFIAN TAIEBOUNE,PANDORABOX,2023-06-05 10:33:30,None,pointeuse_Door1_Entrance Card Reader1,-,Original Records,-,-,-
'15,SOUFIAN TAIEBOUNE,PANDORABOX,2023-06-05 17:11:57,None,pointeuse_Door1_Entrance Card Reader1,-,Original Records,-,-,-
'15,SOUFIAN TAIEBOUNE,PANDORABOX,2023-06-07 13:28:36,None,pointeuse_Door1_Entrance Card Reader1,-,Original Records,-,-,-
'15,SOUFIAN TAIEBOUNE,PANDORABOX,2023-06-07 22:47:24,None,pointeuse_Door1_Entrance Card Reader1,-,Original Records,-,-,-
'15,SOUFIAN TAIEBOUNE,PANDORABOX,2023-06-12 09:49:16,None,pointeuse_Door1_Entrance Card Reader1,-,Original Records,-,-,-
'15,SOUFIAN TAIEBOUNE,PANDORABOX,2023-06-12 23:33:03,None,pointeuse_Door1_Entrance Card Reader1,-,Original Records,-,-,-
'15,SOUFIAN TAIEBOUNE,PANDORABOX,2023-06-15 15:57:13,None,pointeuse_Door1_Entrance Card Reader1,-,Original Records,-,-,-
'15,SOUFIAN TAIEBOUNE,PANDORABOX,2023-06-17 19:46:42,None,pointeuse_Door1_Entrance Card Reader1,-,Original Records,-,-,-
'21,REDA BEL FELLAH,PANDORABOX,2023-06-20 14:02:24,None,pointeuse_Door1_Entrance Card Reader1,-,Original Records,-,-,-
'21,REDA BEL FELLAH,PANDORABOX,2023-06-20 18:49:48,None,pointeuse_Door1_Entrance Card Reader1,-,Original Records,-,-,-
'22,FIRDAOUSS HARMOUCH,PANDORABOX,2023-05-24 09:16:45,None,pointeuse_Door1_Entrance Card Reader1,-,Original Records,-,-,-
'22,FIRDAOUSS HARMOUCH,PANDORABOX,2023-05-24 13:13:57,None,pointeuse_Door1_Entrance Card Reader1,-,Original Records,-,-,-
'22,FIRDAOUSS HARMOUCH,PANDORABOX,2023-05-24 14:13:26,None,pointeuse_Door1_Entrance Card Reader1,-,Original Records,-,-,-
'22,FIRDAOUSS HARMOUCH,PANDORABOX,2023-05-24 18:33:28,None,pointeuse_Door1_Entrance Card Reader1,-,Original Records,-,-,-
'22,FIRDAOUSS HARMOUCH,PANDORABOX,2023-05-25 09:12:44,None,pointeuse_Door1_Entrance Card Reader1,-,Original Records,-,-,-
'22,FIRDAOUSS HARMOUCH,PANDORABOX,2023-05-25 13:28:42,None,pointeuse_Door1_Entrance Card Reader1,-,Original Records,-,-,-
'22,FIRDAOUSS HARMOUCH,PANDORABOX,2023-05-25 14:35:42,None,pointeuse_Door1_Entrance Card Reader1,-,Original Records,-,-,-
'22,FIRDAOUSS HARMOUCH,PANDORABOX,2023-05-25 18:09:25,None,pointeuse_Door1_Entrance Card Reader1,-,Original Records,-,-,-
'22,FIRDAOUSS HARMOUCH,PANDORABOX,2023-05-26 09:08:29,None,pointeuse_Door1_Entrance Card Reader1,-,Original Records,-,-,-
'22,FIRDAOUSS HARMOUCH,PANDORABOX,2023-05-26 13:38:17,None,pointeuse_Door1_Entrance Card Reader1,-,Original Records,-,-,-
'22,FIRDAOUSS HARMOUCH,PANDORABOX,2023-05-26 14:31:57,None,pointeuse_Door1_Entrance Card Reader1,-,Original Records,-,-,-
'22,FIRDAOUSS HARMOUCH,PANDORABOX,2023-05-26 18:19:59,None,pointeuse_Door1_Entrance Card Reader1,-,Original Records,-,-,-
'22,FIRDAOUSS HARMOUCH,PANDORABOX,2023-05-29 09:02:35,None,pointeuse_Door1_Entrance Card Reader1,-,Original Records,-,-,-
'22,FIRDAOUSS HARMOUCH,PANDORABOX,2023-05-29 13:42:50,None,pointeuse_Door1_Entrance Card Reader1,-,Original Records,-,-,-
'22,FIRDAOUSS HARMOUCH,PANDORABOX,2023-05-29 14:44:42,None,pointeuse_Door1_Entrance Card Reader1,-,Original Records,-,-,-
'22,FIRDAOUSS HARMOUCH,PANDORABOX,2023-05-29 18:09:12,None,pointeuse_Door1_Entrance Card Reader1,-,Original Records,-,-,-
'22,FIRDAOUSS HARMOUCH,PANDORABOX,2023-05-30 09:19:44,None,pointeuse_Door1_Entrance Card Reader1,-,Original Records,-,-,-
'22,FIRDAOUSS HARMOUCH,PANDORABOX,2023-05-30 13:12:27,None,pointeuse_Door1_Entrance Card Reader1,-,Original Records,-,-,-
'22,FIRDAOUSS HARMOUCH,PANDORABOX,2023-05-30 14:12:24,None,pointeuse_Door1_Entrance Card Reader1,-,Original Records,-,-,-
'22,FIRDAOUSS HARMOUCH,PANDORABOX,2023-05-30 18:04:05,None,pointeuse_Door1_Entrance Card Reader1,-,Original Records,-,-,-
'22,FIRDAOUSS HARMOUCH,PANDORABOX,2023-05-31 09:05:51,None,pointeuse_Door1_Entrance Card Reader1,-,Original Records,-,-,-
'22,FIRDAOUSS HARMOUCH,PANDORABOX,2023-05-31 13:29:31,None,pointeuse_Door1_Entrance Card Reader1,-,Original Records,-,-,-
'22,FIRDAOUSS HARMOUCH,PANDORABOX,2023-05-31 14:28:55,None,pointeuse_Door1_Entrance Card Reader1,-,Original Records,-,-,-
'22,FIRDAOUSS HARMOUCH,PANDORABOX,2023-05-31 18:24:14,None,pointeuse_Door1_Entrance Card Reader1,-,Original Records,-,-,-
'22,FIRDAOUSS HARMOUCH,PANDORABOX,2023-06-01 09:06:11,None,pointeuse_Door1_Entrance Card Reader1,-,Original Records,-,-,-
'22,FIRDAOUSS HARMOUCH,PANDORABOX,2023-06-01 14:32:56,None,pointeuse_Door1_Entrance Card Reader1,-,Original Records,-,-,-
'22,FIRDAOUSS HARMOUCH,PANDORABOX,2023-06-01 15:35:10,None,pointeuse_Door1_Entrance Card Reader1,-,Original Records,-,-,-
'22,FIRDAOUSS HARMOUCH,PANDORABOX,2023-06-01 18:19:01,None,pointeuse_Door1_Entrance Card Reader1,-,Original Records,-,-,-
'22,FIRDAOUSS HARMOUCH,PANDORABOX,2023-06-02 09:17:09,None,pointeuse_Door1_Entrance Card Reader1,-,Original Records,-,-,-
'22,FIRDAOUSS HARMOUCH,PANDORABOX,2023-06-02 13:24:56,None,pointeuse_Door1_Entrance Card Reader1,-,Original Records,-,-,-
'22,FIRDAOUSS HARMOUCH,PANDORABOX,2023-06-02 14:30:03,None,pointeuse_Door1_Entrance Card Reader1,-,Original Records,-,-,-
'22,FIRDAOUSS HARMOUCH,PANDORABOX,2023-06-02 18:29:08,None,pointeuse_Door1_Entrance Card Reader1,-,Original Records,-,-,-
'22,FIRDAOUSS HARMOUCH,PANDORABOX,2023-06-05 09:39:52,None,pointeuse_Door1_Entrance Card Reader1,-,Original Records,-,-,-
'22,FIRDAOUSS HARMOUCH,PANDORABOX,2023-06-05 14:34:29,None,pointeuse_Door1_Entrance Card Reader1,-,Original Records,-,-,-
'22,FIRDAOUSS HARMOUCH,PANDORABOX,2023-06-05 15:20:33,None,pointeuse_Door1_Entrance Card Reader1,-,Original Records,-,-,-
'22,FIRDAOUSS HARMOUCH,PANDORABOX,2023-06-05 18:32:57,None,pointeuse_Door1_Entrance Card Reader1,-,Original Records,-,-,-
'22,FIRDAOUSS HARMOUCH,PANDORABOX,2023-06-06 09:08:05,None,pointeuse_Door1_Entrance Card Reader1,-,Original Records,-,-,-
'22,FIRDAOUSS HARMOUCH,PANDORABOX,2023-06-06 13:25:38,None,pointeuse_Door1_Entrance Card Reader1,-,Original Records,-,-,-
'22,FIRDAOUSS HARMOUCH,PANDORABOX,2023-06-06 14:25:05,None,pointeuse_Door1_Entrance Card Reader1,-,Original Records,-,-,-
'22,FIRDAOUSS HARMOUCH,PANDORABOX,2023-06-06 18:08:34,None,pointeuse_Door1_Entrance Card Reader1,-,Original Records,-,-,-
'22,FIRDAOUSS HARMOUCH,PANDORABOX,2023-06-07 09:10:39,None,pointeuse_Door1_Entrance Card Reader1,-,Original Records,-,-,-
'22,FIRDAOUSS HARMOUCH,PANDORABOX,2023-06-07 13:10:41,None,pointeuse_Door1_Entrance Card Reader1,-,Original Records,-,-,-
'22,FIRDAOUSS HARMOUCH,PANDORABOX,2023-06-07 14:23:49,None,pointeuse_Door1_Entrance Card Reader1,-,Original Records,-,-,-
'22,FIRDAOUSS HARMOUCH,PANDORABOX,2023-06-07 18:18:13,None,pointeuse_Door1_Entrance Card Reader1,-,Original Records,-,-,-
'22,FIRDAOUSS HARMOUCH,PANDORABOX,2023-06-08 09:20:53,None,pointeuse_Door1_Entrance Card Reader1,-,Original Records,-,-,-
'22,FIRDAOUSS HARMOUCH,PANDORABOX,2023-06-08 13:10:59,None,pointeuse_Door1_Entrance Card Reader1,-,Original Records,-,-,-
'22,FIRDAOUSS HARMOUCH,PANDORABOX,2023-06-08 14:13:40,None,pointeuse_Door1_Entrance Card Reader1,-,Original Records,-,-,-
'22,FIRDAOUSS HARMOUCH,PANDORABOX,2023-06-08 18:35:15,None,pointeuse_Door1_Entrance Card Reader1,-,Original Records,-,-,-
'22,FIRDAOUSS HARMOUCH,PANDORABOX,2023-06-09 08:58:52,None,pointeuse_Door1_Entrance Card Reader1,-,Original Records,-,-,-
'22,FIRDAOUSS HARMOUCH,PANDORABOX,2023-06-09 13:23:55,None,pointeuse_Door1_Entrance Card Reader1,-,Original Records,-,-,-
'22,FIRDAOUSS HARMOUCH,PANDORABOX,2023-06-09 14:22:43,None,pointeuse_Door1_Entrance Card Reader1,-,Original Records,-,-,-
'22,FIRDAOUSS HARMOUCH,PANDORABOX,2023-06-09 18:13:10,None,pointeuse_Door1_Entrance Card Reader1,-,Original Records,-,-,-
