Person ID,Name,Department,Time,Attendance Status,Attendance Check Point,Custom Name,Data Source,Handling Type,Temperature,Abnormal
'1,AHMED MACHT,PANDORABOX,2023-02-24 10:10:56,None,pointeuse_Door1_Entrance Card Reader1,-,Original Records,-,-,-
'1,AHMED MACHT,PANDORABOX,2023-02-24 11:37:06,None,pointeuse_Door1_Entrance Card Reader1,-,Original Records,-,-,-
'1,AHMED MACHT,PANDORABOX,2023-02-24 11:46:58,None,pointeuse_Door1_Entrance Card Reader1,-,Original Records,-,-,-
'1,AHMED MACHT,PANDORABOX,2023-02-24 13:22:21,None,pointeuse_Door1_Entrance Card Reader1,-,Original Records,-,-,-
'1,AHMED MACHT,PANDORABOX,2023-02-27 10:34:28,None,pointeuse_Door1_Entrance Card Reader1,-,Original Records,-,-,-
'1,AHMED MACHT,PANDORABOX,2023-02-27 14:01:43,None,pointeuse_Door1_Entrance Card Reader1,-,Original Records,-,-,-
'1,AHMED MACHT,PANDORABOX,2023-02-27 14:55:46,None,pointeuse_Door1_Entrance Card Reader1,-,Original Records,-,-,-
'1,AHMED MACHT,PANDORABOX,2023-02-27 19:13:49,None,pointeuse_Door1_Entrance Card Reader1,-,Original Records,-,-,-
'1,AHMED MACHT,PANDORABOX,2023-03-01 09:53:06,None,pointeuse_Door1_Entrance Card Reader1,-,Original Records,-,-,-
'1,AHMED MACHT,PANDORABOX,2023-03-01 13:09:41,None,pointeuse_Door1_Entrance Card Reader1,-,Original Records,-,-,-
'1,AHMED MACHT,PANDORABOX,2023-03-01 14:18:57,None,pointeuse_Door1_Entrance Card Reader1,-,Original Records,-,-,-
'1,AHMED MACHT,PANDORABOX,2023-03-01 18:23:08,None,pointeuse_Door1_Entrance Card Reader1,-,Original Records,-,-,-
'1,AHMED MACHT,PANDORABOX,2023-03-10 09:26:00,None,pointeuse_Door1_Entrance Card Reader1,-,Original Records,-,-,-
'1,AHMED MACHT,PANDORABOX,2023-03-10 11:54:59,None,pointeuse_Door1_Entrance Card Reader1,-,Original Records,-,-,-
'1,AHMED MACHT,PANDORABOX,2023-03-10 12:02:29,None,pointeuse_Door1_Entrance Card Reader1,-,Original Records,-,-,-
'1,AHMED MACHT,PANDORABOX,2023-03-10 14:13:27,None,pointeuse_Door1_Entrance Card Reader1,-,Original Records,-,-,-
'1,AHMED MACHT,PANDORABOX,2023-03-10 15:18:49,None,pointeuse_Door1_Entrance Card Reader1,-,Original Records,-,-,-
'1,AHMED MACHT,PANDORABOX,2023-03-10 18:25:32,None,pointeuse_Door1_Entrance Card Reader1,-,Original Records,-,-,-
'1,AHMED MACHT,PANDORABOX,2023-03-11 11:30:36,None,pointeuse_Door1_Entrance Card Reader1,-,Original Records,-,-,-
'1,AHMED MACHT,PANDORABOX,2023-03-11 11:40:17,None,pointeuse_Door1_Entrance Card Reader1,-,Original Records,-,-,-
'1,AHMED MACHT,PANDORABOX,2023-03-11 15:16:12,None,pointeuse_Door1_Entrance Card Reader1,-,Original Records,-,-,-
'1,AHMED MACHT,PANDORABOX,2023-03-11 15:55:45,None,pointeuse_Door1_Entrance Card Reader1,-,Original Records,-,-,-
'1,AHMED MACHT,PANDORABOX,2023-03-13 09:42:58,None,pointeuse_Door1_Entrance Card Reader1,-,Original Records,-,-,-
'1,AHMED MACHT,PANDORABOX,2023-03-13 10:46:20,None,pointeuse_Door1_Entrance Card Reader1,-,Original Records,-,-,-
'1,AHMED MACHT,PANDORABOX,2023-03-13 10:55:55,None,pointeuse_Door1_Entrance Card Reader1,-,Original Records,-,-,-
'1,AHMED MACHT,PANDORABOX,2023-03-13 13:40:59,None,pointeuse_Door1_Entrance Card Reader1,-,Original Records,-,-,-
'1,AHMED MACHT,PANDORABOX,2023-03-13 18:49:18,None,pointeuse_Door1_Entrance Card Reader1,-,Original Records,-,-,-
'1,AHMED MACHT,PANDORABOX,2023-03-16 10:03:39,None,pointeuse_Door1_Entrance Card Reader1,-,Original Records,-,-,-
'1,AHMED MACHT,PANDORABOX,2023-03-16 11:35:37,None,pointeuse_Door1_Entrance Card Reader1,-,Original Records,-,-,-
'1,AHMED MACHT,PANDORABOX,2023-03-16 11:45:01,None,pointeuse_Door1_Entrance Card Reader1,-,Original Records,-,-,-
'1,AHMED MACHT,PANDORABOX,2023-03-16 18:15:23,None,pointeuse_Door1_Entrance Card Reader1,-,Original Records,-,-,-
'1,AHMED MACHT,PANDORABOX,2023-03-17 09:33:26,None,pointeuse_Door1_Entrance Card Reader1,-,Original Records,-,-,-
'1,AHMED MACHT,PANDORABOX,2023-03-17 10:29:38,None,pointeuse_Door1_Entrance Card Reader1,-,Original Records,-,-,-
'1,AHMED MACHT,PANDORABOX,2023-03-17 10:41:18,None,pointeuse_Door1_Entrance Card Reader1,-,Original Records,-,-,-
'1,AHMED MACHT,PANDORABOX,2023-03-17 14:05:08,None,pointeuse_Door1_Entrance Card Reader1,-,Original Records,-,-,-
'1,AHMED MACHT,PANDORABOX,2023-03-17 15:19:55,None,pointeuse_Door1_Entrance Card Reader1,-,Original Records,-,-,-
'1,AHMED MACHT,PANDORABOX,2023-03-18 10:18:38,None,pointeuse_Door1_Entrance Card Reader1,-,Original Records,-,-,-
'1,AHMED MACHT,PANDORABOX,2023-03-18 11:05:11,None,pointeuse_Door1_Entrance Card Reader1,-,Original Records,-,-,-
'1,AHMED MACHT,PANDORABOX,2023-03-18 11:18:10,None,pointeuse_Door1_Entrance Card Reader1,-,Original Records,-,-,-
'1,AHMED MACHT,PANDORABOX,2023-03-18 14:17:55,None,pointeuse_Door1_Entrance Card Reader1,-,Original Records,-,-,-
'1,AHMED MACHT,PANDORABOX,2023-03-20 10:40:06,None,pointeuse_Door1_Entrance Card Reader1,-,Original Records,-,-,-
'1,AHMED MACHT,PANDORABOX,2023-03-20 10:56:54,None,pointeuse_Door1_Entrance Card Reader1,-,Original Records,-,-,-
'1,AHMED MACHT,PANDORABOX,2023-03-20 11:10:27,None,pointeuse_Door1_Entrance Card Reader1,-,Original Records,-,-,-
'1,AHMED MACHT,PANDORABOX,2023-03-20 12:51:48,None,pointeuse_Door1_Entrance Card Reader1,-,Original Records,-,-,-
'1,AHMED MACHT,PANDORABOX,2023-03-22 10:19:18,None,pointeuse_Door1_Entrance Card Reader1,-,Original Records,-,-,-
'1,AHMED MACHT,PANDORABOX,2023-03-22 11:56:02,None,pointeuse_Door1_Entrance Card Reader1,-,Original Records,-,-,-
'1,AHMED MACHT,PANDORABOX,2023-03-22 12:04:12,None,pointeuse_Door1_Entrance Card Reader1,-,Original Records,-,-,-
'1,AHMED MACHT,PANDORABOX,2023-03-22 13:03:21,None,pointeuse_Door1_Entrance Card Reader1,-,Original Records,-,-,-
'1,AHMED MACHT,PANDORABOX,2023-03-22 14:33:37,None,pointeuse_Door1_Entrance Card Reader1,-,Original Records,-,-,-
'1,AHMED MACHT,PANDORABOX,2023-03-22 19:02:18,None,pointeuse_Door1_Entrance Card Reader1,-,Original Records,-,-,-
'1,AHMED MACHT,PANDORABOX,2023-03-23 09:15:14,None,pointeuse_Door1_Entrance Card Reader1,-,Original Records,-,-,-
'1,AHMED MACHT,PANDORABOX,2023-03-23 16:06:17,None,pointeuse_Door1_Entrance Card Reader1,-,Original Records,-,-,-
'3,CHAIMAE BENJELLOUN,PANDORABOX,2023-02-23 09:26:20,None,pointeuse_Door1_Entrance Card Reader1,-,Original Records,-,-,-
'3,CHAIMAE BENJELLOUN,PANDORABOX,2023-02-23 14:10:34,None,pointeuse_Door1_Entrance Card Reader1,-,Original Records,-,-,-
'3,CHAIMAE BENJELLOUN,PANDORABOX,2023-02-23 14:13:53,None,pointeuse_Door1_Entrance Card Reader1,-,Original Records,-,-,-
'3,CHAIMAE BENJELLOUN,PANDORABOX,2023-02-23 15:22:01,None,pointeuse_Door1_Entrance Card Reader1,-,Original Records,-,-,-
'3,CHAIMAE BENJELLOUN,PANDORABOX,2023-02-23 18:42:16,None,pointeuse_Door1_Entrance Card Reader1,-,Original Records,-,-,-
'3,CHAIMAE BENJELLOUN,PANDORABOX,2023-02-23 18:43:20,None,pointeuse_Door1_Entrance Card Reader1,-,Original Records,-,-,-
'3,CHAIMAE BENJELLOUN,PANDORABOX,2023-02-24 09:40:49,None,pointeuse_Door1_Entrance Card Reader1,-,Original Records,-,-,-
'3,CHAIMAE BENJELLOUN,PANDORABOX,2023-02-24 13:25:34,None,pointeuse_Door1_Entrance Card Reader1,-,Original Records,-,-,-
'3,CHAIMAE BENJELLOUN,PANDORABOX,2023-02-27 10:05:12,None,pointeuse_Door1_Entrance Card Reader1,-,Original Records,-,-,-
'3,CHAIMAE BENJELLOUN,PANDORABOX,2023-02-27 15:01:08,None,pointeuse_Door1_Entrance Card Reader1,-,Original Records,-,-,-
'3,CHAIMAE BENJELLOUN,PANDORABOX,2023-02-27 16:37:48,None,pointeuse_Door1_Entrance Card Reader1,-,Original Records,-,-,-
'3,CHAIMAE BENJELLOUN,PANDORABOX,2023-02-27 19:25:29,None,pointeuse_Door1_Entrance Card Reader1,-,Original Records,-,-,-
'3,CHAIMAE BENJELLOUN,PANDORABOX,2023-02-28 09:37:15,None,pointeuse_Door1_Entrance Card Reader1,-,Original Records,-,-,-
'3,CHAIMAE BENJELLOUN,PANDORABOX,2023-02-28 13:29:13,None,pointeuse_Door1_Entrance Card Reader1,-,Original Records,-,-,-
'3,CHAIMAE BENJELLOUN,PANDORABOX,2023-02-28 13:51:32,None,pointeuse_Door1_Entrance Card Reader1,-,Original Records,-,-,-
'3,CHAIMAE BENJELLOUN,PANDORABOX,2023-02-28 15:12:13,None,pointeuse_Door1_Entrance Card Reader1,-,Original Records,-,-,-
'3,CHAIMAE BENJELLOUN,PANDORABOX,2023-02-28 18:23:36,None,pointeuse_Door1_Entrance Card Reader1,-,Original Records,-,-,-
'3,CHAIMAE BENJELLOUN,PANDORABOX,2023-03-01 09:37:54,None,pointeuse_Door1_Entrance Card Reader1,-,Original Records,-,-,-
'3,CHAIMAE BENJELLOUN,PANDORABOX,2023-03-01 15:11:03,None,pointeuse_Door1_Entrance Card Reader1,-,Original Records,-,-,-
'3,CHAIMAE BENJELLOUN,PANDORABOX,2023-03-01 16:21:59,None,pointeuse_Door1_Entrance Card Reader1,-,Original Records,-,-,-
'3,CHAIMAE BENJELLOUN,PANDORABOX,2023-03-01 18:36:24,None,pointeuse_Door1_Entrance Card Reader1,-,Original Records,-,-,-
'3,CHAIMAE BENJELLOUN,PANDORABOX,2023-03-02 09:54:31,None,pointeuse_Door1_Entrance Card Reader1,-,Original Records,-,-,-
'3,CHAIMAE BENJELLOUN,PANDORABOX,2023-03-02 16:12:52,None,pointeuse_Door1_Entrance Card Reader1,-,Original Records,-,-,-
'3,CHAIMAE BENJELLOUN,PANDORABOX,2023-03-02 18:54:22,None,pointeuse_Door1_Entrance Card Reader1,-,Original Records,-,-,-
'3,CHAIMAE BENJELLOUN,PANDORABOX,2023-03-03 14:30:57,None,pointeuse_Door1_Entrance Card Reader1,-,Original Records,-,-,-
'3,CHAIMAE BENJELLOUN,PANDORABOX,2023-03-03 19:34:18,None,pointeuse_Door1_Entrance Card Reader1,-,Original Records,-,-,-
'3,CHAIMAE BENJELLOUN,PANDORABOX,2023-03-06 09:33:31,None,pointeuse_Door1_Entrance Card Reader1,-,Original Records,-,-,-
'3,CHAIMAE BENJELLOUN,PANDORABOX,2023-03-06 13:56:01,None,pointeuse_Door1_Entrance Card Reader1,-,Original Records,-,-,-
'3,CHAIMAE BENJELLOUN,PANDORABOX,2023-03-06 15:18:02,None,pointeuse_Door1_Entrance Card Reader1,-,Original Records,-,-,-
'3,CHAIMAE BENJELLOUN,PANDORABOX,2023-03-06 18:32:17,None,pointeuse_Door1_Entrance Card Reader1,-,Original Records,-,-,-
'3,CHAIMAE BENJELLOUN,PANDORABOX,2023-03-07 09:37:07,None,pointeuse_Door1_Entrance Card Reader1,-,Original Records,-,-,-
'3,CHAIMAE BENJELLOUN,PANDORABOX,2023-03-07 10:57:09,None,pointeuse_Door1_Entrance Card Reader1,-,Original Records,-,-,-
'3,CHAIMAE BENJELLOUN,PANDORABOX,2023-03-07 14:59:09,None,pointeuse_Door1_Entrance Card Reader1,-,Original Records,-,-,-
'3,CHAIMAE BENJELLOUN,PANDORABOX,2023-03-07 19:02:26,None,pointeuse_Door1_Entrance Card Reader1,-,Original Records,-,-,-
'3,CHAIMAE BENJELLOUN,PANDORABOX,2023-03-08 09:36:57,None,pointeuse_Door1_Entrance Card Reader1,-,Original Records,-,-,-
'3,CHAIMAE BENJELLOUN,PANDORABOX,2023-03-08 10:44:39,None,pointeuse_Door1_Entrance Card Reader1,-,Original Records,-,-,-
'3,CHAIMAE BENJELLOUN,PANDORABOX,2023-03-08 18:29:03,None,pointeuse_Door1_Entrance Card Reader1,-,Original Records,-,-,-
'3,CHAIMAE BENJELLOUN,PANDORABOX,2023-03-09 10:17:22,None,pointeuse_Door1_Entrance Card Reader1,-,Original Records,-,-,-
'3,CHAIMAE BENJELLOUN,PANDORABOX,2023-03-09 18:35:42,None,pointeuse_Door1_Entrance Card Reader1,-,Original Records,-,-,-
'3,CHAIMAE BENJELLOUN,PANDORABOX,2023-03-10 09:35:26,None,pointeuse_Door1_Entrance Card Reader1,-,Original Records,-,-,-
'3,CHAIMAE BENJELLOUN,PANDORABOX,2023-03-10 14:17:59,None,pointeuse_Door1_Entrance Card Reader1,-,Original Records,-,-,-
'3,CHAIMAE BENJELLOUN,PANDORABOX,2023-03-10 15:33:31,None,pointeuse_Door1_Entrance Card Reader1,-,Original Records,-,-,-
'3,CHAIMAE BENJELLOUN,PANDORABOX,2023-03-10 18:46:48,None,pointeuse_Door1_Entrance Card Reader1,-,Original Records,-,-,-
'3,CHAIMAE BENJELLOUN,PANDORABOX,2023-03-13 09:42:55,None,pointeuse_Door1_Entrance Card Reader1,-,Original Records,-,-,-
'3,CHAIMAE BENJELLOUN,PANDORABOX,2023-03-13 13:35:09,None,pointeuse_Door1_Entrance Card Reader1,-,Original Records,-,-,-
'3,CHAIMAE BENJELLOUN,PANDORABOX,2023-03-13 14:59:05,None,pointeuse_Door1_Entrance Card Reader1,-,Original Records,-,-,-
'3,CHAIMAE BENJELLOUN,PANDORABOX,2023-03-13 19:23:16,None,pointeuse_Door1_Entrance Card Reader1,-,Original Records,-,-,-
'3,CHAIMAE BENJELLOUN,PANDORABOX,2023-03-14 09:46:43,None,pointeuse_Door1_Entrance Card Reader1,-,Original Records,-,-,-
'3,CHAIMAE BENJELLOUN,PANDORABOX,2023-03-14 13:43:26,None,pointeuse_Door1_Entrance Card Reader1,-,Original Records,-,-,-
'3,CHAIMAE BENJELLOUN,PANDORABOX,2023-03-14 15:03:59,None,pointeuse_Door1_Entrance Card Reader1,-,Original Records,-,-,-
'3,CHAIMAE BENJELLOUN,PANDORABOX,2023-03-14 18:09:19,None,pointeuse_Door1_Entrance Card Reader1,-,Original Records,-,-,-
'3,CHAIMAE BENJELLOUN,PANDORABOX,2023-03-15 09:40:40,None,pointeuse_Door1_Entrance Card Reader1,-,Original Records,-,-,-
'3,CHAIMAE BENJELLOUN,PANDORABOX,2023-03-15 14:11:30,None,pointeuse_Door1_Entrance Card Reader1,-,Original Records,-,-,-
'3,CHAIMAE BENJELLOUN,PANDORABOX,2023-03-15 15:33:06,None,pointeuse_Door1_Entrance Card Reader1,-,Original Records,-,-,-
'3,CHAIMAE BENJELLOUN,PANDORABOX,2023-03-15 19:45:50,None,pointeuse_Door1_Entrance Card Reader1,-,Original Records,-,-,-
'3,CHAIMAE BENJELLOUN,PANDORABOX,2023-03-16 09:45:48,None,pointeuse_Door1_Entrance Card Reader1,-,Original Records,-,-,-
'3,CHAIMAE BENJELLOUN,PANDORABOX,2023-03-16 13:28:20,None,pointeuse_Door1_Entrance Card Reader1,-,Original Records,-,-,-
'3,CHAIMAE BENJELLOUN,PANDORABOX,2023-03-16 14:43:53,None,pointeuse_Door1_Entrance Card Reader1,-,Original Records,-,-,-
'3,CHAIMAE BENJELLOUN,PANDORABOX,2023-03-16 19:27:25,None,pointeuse_Door1_Entrance Card Reader1,-,Original Records,-,-,-
'3,CHAIMAE BENJELLOUN,PANDORABOX,2023-03-17 09:49:11,None,pointeuse_Door1_Entrance Card Reader1,-,Original Records,-,-,-
'3,CHAIMAE BENJELLOUN,PANDORABOX,2023-03-17 13:00:58,None,pointeuse_Door1_Entrance Card Reader1,-,Original Records,-,-,-
'3,CHAIMAE BENJELLOUN,PANDORABOX,2023-03-17 13:53:45,None,pointeuse_Door1_Entrance Card Reader1,-,Original Records,-,-,-
'3,CHAIMAE BENJELLOUN,PANDORABOX,2023-03-17 15:14:28,None,pointeuse_Door1_Entrance Card Reader1,-,Original Records,-,-,-
'3,CHAIMAE BENJELLOUN,PANDORABOX,2023-03-17 18:48:34,None,pointeuse_Door1_Entrance Card Reader1,-,Original Records,-,-,-
'3,CHAIMAE BENJELLOUN,PANDORABOX,2023-03-20 10:32:46,None,pointeuse_Door1_Entrance Card Reader1,-,Original Records,-,-,-
'3,CHAIMAE BENJELLOUN,PANDORABOX,2023-03-20 13:46:04,None,pointeuse_Door1_Entrance Card Reader1,-,Original Records,-,-,-
'3,CHAIMAE BENJELLOUN,PANDORABOX,2023-03-20 15:06:12,None,pointeuse_Door1_Entrance Card Reader1,-,Original Records,-,-,-
'3,CHAIMAE BENJELLOUN,PANDORABOX,2023-03-20 18:45:42,None,pointeuse_Door1_Entrance Card Reader1,-,Original Records,-,-,-
'3,CHAIMAE BENJELLOUN,PANDORABOX,2023-03-21 09:20:27,None,pointeuse_Door1_Entrance Card Reader1,-,Original Records,-,-,-
'3,CHAIMAE BENJELLOUN,PANDORABOX,2023-03-21 13:39:42,None,pointeuse_Door1_Entrance Card Reader1,-,Original Records,-,-,-
'3,CHAIMAE BENJELLOUN,PANDORABOX,2023-03-21 14:53:42,None,pointeuse_Door1_Entrance Card Reader1,-,Original Records,-,-,-
'3,CHAIMAE BENJELLOUN,PANDORABOX,2023-03-21 18:08:41,None,pointeuse_Door1_Entrance Card Reader1,-,Original Records,-,-,-
'3,CHAIMAE BENJELLOUN,PANDORABOX,2023-03-22 09:24:35,None,pointeuse_Door1_Entrance Card Reader1,-,Original Records,-,-,-
'3,CHAIMAE BENJELLOUN,PANDORABOX,2023-03-22 12:52:12,None,pointeuse_Door1_Entrance Card Reader1,-,Original Records,-,-,-
'3,CHAIMAE BENJELLOUN,PANDORABOX,2023-03-22 14:29:23,None,pointeuse_Door1_Entrance Card Reader1,-,Original Records,-,-,-
'3,CHAIMAE BENJELLOUN,PANDORABOX,2023-03-22 19:02:07,None,pointeuse_Door1_Entrance Card Reader1,-,Original Records,-,-,-
'3,CHAIMAE BENJELLOUN,PANDORABOX,2023-03-23 08:57:36,None,pointeuse_Door1_Entrance Card Reader1,-,Original Records,-,-,-
'3,CHAIMAE BENJELLOUN,PANDORABOX,2023-03-23 16:11:29,None,pointeuse_Door1_Entrance Card Reader1,-,Original Records,-,-,-
'4,Bounkoub Hamza,PANDORABOX,2023-02-23 09:40:37,None,pointeuse_Door1_Entrance Card Reader1,-,Original Records,-,-,-
'4,Bounkoub Hamza,PANDORABOX,2023-02-23 13:31:20,None,pointeuse_Door1_Entrance Card Reader1,-,Original Records,-,-,-
'4,Bounkoub Hamza,PANDORABOX,2023-02-23 14:47:03,None,pointeuse_Door1_Entrance Card Reader1,-,Original Records,-,-,-
'4,Bounkoub Hamza,PANDORABOX,2023-02-23 18:16:28,None,pointeuse_Door1_Entrance Card Reader1,-,Original Records,-,-,-
'4,Bounkoub Hamza,PANDORABOX,2023-02-24 13:36:38,None,pointeuse_Door1_Entrance Card Reader1,-,Original Records,-,-,-
'4,Bounkoub Hamza,PANDORABOX,2023-02-27 09:26:22,None,pointeuse_Door1_Entrance Card Reader1,-,Original Records,-,-,-
'4,Bounkoub Hamza,PANDORABOX,2023-02-27 11:44:31,None,pointeuse_Door1_Entrance Card Reader1,-,Original Records,-,-,-
'4,Bounkoub Hamza,PANDORABOX,2023-02-27 12:37:37,None,pointeuse_Door1_Entrance Card Reader1,-,Original Records,-,-,-
'4,Bounkoub Hamza,PANDORABOX,2023-02-27 18:53:22,None,pointeuse_Door1_Entrance Card Reader1,-,Original Records,-,-,-
'4,Bounkoub Hamza,PANDORABOX,2023-02-28 09:45:55,None,pointeuse_Door1_Entrance Card Reader1,-,Original Records,-,-,-
'4,Bounkoub Hamza,PANDORABOX,2023-02-28 13:11:53,None,pointeuse_Door1_Entrance Card Reader1,-,Original Records,-,-,-
'4,Bounkoub Hamza,PANDORABOX,2023-02-28 14:09:32,None,pointeuse_Door1_Entrance Card Reader1,-,Original Records,-,-,-
'4,Bounkoub Hamza,PANDORABOX,2023-02-28 18:05:22,None,pointeuse_Door1_Entrance Card Reader1,-,Original Records,-,-,-
'4,Bounkoub Hamza,PANDORABOX,2023-03-01 09:29:27,None,pointeuse_Door1_Entrance Card Reader1,-,Original Records,-,-,-
'4,Bounkoub Hamza,PANDORABOX,2023-03-01 13:10:12,None,pointeuse_Door1_Entrance Card Reader1,-,Original Records,-,-,-
'4,Bounkoub Hamza,PANDORABOX,2023-03-01 14:18:55,None,pointeuse_Door1_Entrance Card Reader1,-,Original Records,-,-,-
'4,Bounkoub Hamza,PANDORABOX,2023-03-01 15:29:37,None,pointeuse_Door1_Entrance Card Reader1,-,Original Records,-,-,-
'4,Bounkoub Hamza,PANDORABOX,2023-03-01 15:29:44,None,pointeuse_Door1_Entrance Card Reader1,-,Original Records,-,-,-
'4,Bounkoub Hamza,PANDORABOX,2023-03-01 18:18:05,None,pointeuse_Door1_Entrance Card Reader1,-,Original Records,-,-,-
'4,Bounkoub Hamza,PANDORABOX,2023-03-02 09:34:03,None,pointeuse_Door1_Entrance Card Reader1,-,Original Records,-,-,-
'4,Bounkoub Hamza,PANDORABOX,2023-03-02 13:20:58,None,pointeuse_Door1_Entrance Card Reader1,-,Original Records,-,-,-
'4,Bounkoub Hamza,PANDORABOX,2023-03-02 14:27:19,None,pointeuse_Door1_Entrance Card Reader1,-,Original Records,-,-,-
'4,Bounkoub Hamza,PANDORABOX,2023-03-02 18:26:00,None,pointeuse_Door1_Entrance Card Reader1,-,Original Records,-,-,-
'4,Bounkoub Hamza,PANDORABOX,2023-03-03 09:37:45,None,pointeuse_Door1_Entrance Card Reader1,-,Original Records,-,-,-
'4,Bounkoub Hamza,PANDORABOX,2023-03-03 13:34:13,None,pointeuse_Door1_Entrance Card Reader1,-,Original Records,-,-,-
'4,Bounkoub Hamza,PANDORABOX,2023-03-03 14:55:26,None,pointeuse_Door1_Entrance Card Reader1,-,Original Records,-,-,-
'4,Bounkoub Hamza,PANDORABOX,2023-03-03 19:55:44,None,pointeuse_Door1_Entrance Card Reader1,-,Original Records,-,-,-
'4,Bounkoub Hamza,PANDORABOX,2023-03-06 09:26:48,None,pointeuse_Door1_Entrance Card Reader1,-,Original Records,-,-,-
'4,Bounkoub Hamza,PANDORABOX,2023-03-06 13:43:30,None,pointeuse_Door1_Entrance Card Reader1,-,Original Records,-,-,-
'4,Bounkoub Hamza,PANDORABOX,2023-03-06 14:37:52,None,pointeuse_Door1_Entrance Card Reader1,-,Original Records,-,-,-
'4,Bounkoub Hamza,PANDORABOX,2023-03-06 18:27:42,None,pointeuse_Door1_Entrance Card Reader1,-,Original Records,-,-,-
'4,Bounkoub Hamza,PANDORABOX,2023-03-07 08:56:00,None,pointeuse_Door1_Entrance Card Reader1,-,Original Records,-,-,-
'4,Bounkoub Hamza,PANDORABOX,2023-03-07 13:46:14,None,pointeuse_Door1_Entrance Card Reader1,-,Original Records,-,-,-
'4,Bounkoub Hamza,PANDORABOX,2023-03-07 14:50:33,None,pointeuse_Door1_Entrance Card Reader1,-,Original Records,-,-,-
'4,Bounkoub Hamza,PANDORABOX,2023-03-07 18:51:21,None,pointeuse_Door1_Entrance Card Reader1,-,Original Records,-,-,-
'4,Bounkoub Hamza,PANDORABOX,2023-03-08 12:57:40,None,pointeuse_Door1_Entrance Card Reader1,-,Original Records,-,-,-
'4,Bounkoub Hamza,PANDORABOX,2023-03-08 18:46:17,None,pointeuse_Door1_Entrance Card Reader1,-,Original Records,-,-,-
'4,Bounkoub Hamza,PANDORABOX,2023-03-09 08:55:31,None,pointeuse_Door1_Entrance Card Reader1,-,Original Records,-,-,-
'4,Bounkoub Hamza,PANDORABOX,2023-03-09 13:23:27,None,pointeuse_Door1_Entrance Card Reader1,-,Original Records,-,-,-
'4,Bounkoub Hamza,PANDORABOX,2023-03-09 14:08:27,None,pointeuse_Door1_Entrance Card Reader1,-,Original Records,-,-,-
'4,Bounkoub Hamza,PANDORABOX,2023-03-09 18:01:38,None,pointeuse_Door1_Entrance Card Reader1,-,Original Records,-,-,-
'4,Bounkoub Hamza,PANDORABOX,2023-03-10 15:18:47,None,pointeuse_Door1_Entrance Card Reader1,-,Original Records,-,-,-
'4,Bounkoub Hamza,PANDORABOX,2023-03-10 18:31:33,None,pointeuse_Door1_Entrance Card Reader1,-,Original Records,-,-,-
'4,Bounkoub Hamza,PANDORABOX,2023-03-10 18:32:05,None,pointeuse_Door1_Entrance Card Reader1,-,Original Records,-,-,-
'4,Bounkoub Hamza,PANDORABOX,2023-03-13 09:24:54,None,pointeuse_Door1_Entrance Card Reader1,-,Original Records,-,-,-
'4,Bounkoub Hamza,PANDORABOX,2023-03-13 13:44:44,None,pointeuse_Door1_Entrance Card Reader1,-,Original Records,-,-,-
'4,Bounkoub Hamza,PANDORABOX,2023-03-13 14:48:46,None,pointeuse_Door1_Entrance Card Reader1,-,Original Records,-,-,-
'4,Bounkoub Hamza,PANDORABOX,2023-03-13 18:16:54,None,pointeuse_Door1_Entrance Card Reader1,-,Original Records,-,-,-
'4,Bounkoub Hamza,PANDORABOX,2023-03-14 09:23:36,None,pointeuse_Door1_Entrance Card Reader1,-,Original Records,-,-,-
'4,Bounkoub Hamza,PANDORABOX,2023-03-14 13:08:19,None,pointeuse_Door1_Entrance Card Reader1,-,Original Records,-,-,-
'4,Bounkoub Hamza,PANDORABOX,2023-03-14 14:12:15,None,pointeuse_Door1_Entrance Card Reader1,-,Original Records,-,-,-
'4,Bounkoub Hamza,PANDORABOX,2023-03-14 18:15:22,None,pointeuse_Door1_Entrance Card Reader1,-,Original Records,-,-,-
'4,Bounkoub Hamza,PANDORABOX,2023-03-15 09:33:10,None,pointeuse_Door1_Entrance Card Reader1,-,Original Records,-,-,-
'4,Bounkoub Hamza,PANDORABOX,2023-03-15 12:35:37,None,pointeuse_Door1_Entrance Card Reader1,-,Original Records,-,-,-
'4,Bounkoub Hamza,PANDORABOX,2023-03-15 13:46:29,None,pointeuse_Door1_Entrance Card Reader1,-,Original Records,-,-,-
'4,Bounkoub Hamza,PANDORABOX,2023-03-15 18:16:28,None,pointeuse_Door1_Entrance Card Reader1,-,Original Records,-,-,-
'4,Bounkoub Hamza,PANDORABOX,2023-03-16 09:18:26,None,pointeuse_Door1_Entrance Card Reader1,-,Original Records,-,-,-
'4,Bounkoub Hamza,PANDORABOX,2023-03-16 13:06:10,None,pointeuse_Door1_Entrance Card Reader1,-,Original Records,-,-,-
'4,Bounkoub Hamza,PANDORABOX,2023-03-16 18:21:59,None,pointeuse_Door1_Entrance Card Reader1,-,Original Records,-,-,-
'4,Bounkoub Hamza,PANDORABOX,2023-03-17 09:08:00,None,pointeuse_Door1_Entrance Card Reader1,-,Original Records,-,-,-
'4,Bounkoub Hamza,PANDORABOX,2023-03-17 13:37:32,None,pointeuse_Door1_Entrance Card Reader1,-,Original Records,-,-,-
'4,Bounkoub Hamza,PANDORABOX,2023-03-17 15:19:50,None,pointeuse_Door1_Entrance Card Reader1,-,Original Records,-,-,-
'4,Bounkoub Hamza,PANDORABOX,2023-03-17 18:50:12,None,pointeuse_Door1_Entrance Card Reader1,-,Original Records,-,-,-
'4,Bounkoub Hamza,PANDORABOX,2023-03-20 10:29:17,None,pointeuse_Door1_Entrance Card Reader1,-,Original Records,-,-,-
'4,Bounkoub Hamza,PANDORABOX,2023-03-20 12:46:23,None,pointeuse_Door1_Entrance Card Reader1,-,Original Records,-,-,-
'4,Bounkoub Hamza,PANDORABOX,2023-03-20 14:10:53,None,pointeuse_Door1_Entrance Card Reader1,-,Original Records,-,-,-
'4,Bounkoub Hamza,PANDORABOX,2023-03-20 18:47:19,None,pointeuse_Door1_Entrance Card Reader1,-,Original Records,-,-,-
'4,Bounkoub Hamza,PANDORABOX,2023-03-21 09:33:30,None,pointeuse_Door1_Entrance Card Reader1,-,Original Records,-,-,-
'4,Bounkoub Hamza,PANDORABOX,2023-03-21 12:58:27,None,pointeuse_Door1_Entrance Card Reader1,-,Original Records,-,-,-
'4,Bounkoub Hamza,PANDORABOX,2023-03-21 13:44:25,None,pointeuse_Door1_Entrance Card Reader1,-,Original Records,-,-,-
'4,Bounkoub Hamza,PANDORABOX,2023-03-21 18:14:27,None,pointeuse_Door1_Entrance Card Reader1,-,Original Records,-,-,-
'4,Bounkoub Hamza,PANDORABOX,2023-03-21 18:17:41,None,pointeuse_Door1_Entrance Card Reader1,-,Original Records,-,-,-
'4,Bounkoub Hamza,PANDORABOX,2023-03-22 09:08:41,None,pointeuse_Door1_Entrance Card Reader1,-,Original Records,-,-,-
'4,Bounkoub Hamza,PANDORABOX,2023-03-22 12:49:56,None,pointeuse_Door1_Entrance Card Reader1,-,Original Records,-,-,-
'4,Bounkoub Hamza,PANDORABOX,2023-03-22 14:31:04,None,pointeuse_Door1_Entrance Card Reader1,-,Original Records,-,-,-
'4,Bounkoub Hamza,PANDORABOX,2023-03-22 17:30:12,None,pointeuse_Door1_Entrance Card Reader1,-,Original Records,-,-,-
'4,Bounkoub Hamza,PANDORABOX,2023-03-23 11:08:32,None,pointeuse_Door1_Entrance Card Reader1,-,Original Records,-,-,-
'4,Bounkoub Hamza,PANDORABOX,2023-03-23 16:00:34,None,pointeuse_Door1_Entrance Card Reader1,-,Original Records,-,-,-
'6,Loubna Benamer,PANDORABOX,2023-02-23 09:18:35,None,pointeuse_Door1_Entrance Card Reader1,-,Original Records,-,-,-
'6,Loubna Benamer,PANDORABOX,2023-02-23 13:26:45,None,pointeuse_Door1_Entrance Card Reader1,-,Original Records,-,-,-
'6,Loubna Benamer,PANDORABOX,2023-02-23 14:29:30,None,pointeuse_Door1_Entrance Card Reader1,-,Original Records,-,-,-
'6,Loubna Benamer,PANDORABOX,2023-02-23 18:48:59,None,pointeuse_Door1_Entrance Card Reader1,-,Original Records,-,-,-
'6,Loubna Benamer,PANDORABOX,2023-02-24 09:15:59,None,pointeuse_Door1_Entrance Card Reader1,-,Original Records,-,-,-
'6,Loubna Benamer,PANDORABOX,2023-02-24 13:17:35,None,pointeuse_Door1_Entrance Card Reader1,-,Original Records,-,-,-
'6,Loubna Benamer,PANDORABOX,2023-02-27 10:03:47,None,pointeuse_Door1_Entrance Card Reader1,-,Original Records,-,-,-
'6,Loubna Benamer,PANDORABOX,2023-02-27 13:56:10,None,pointeuse_Door1_Entrance Card Reader1,-,Original Records,-,-,-
'6,Loubna Benamer,PANDORABOX,2023-02-27 15:00:19,None,pointeuse_Door1_Entrance Card Reader1,-,Original Records,-,-,-
'6,Loubna Benamer,PANDORABOX,2023-02-27 19:22:47,None,pointeuse_Door1_Entrance Card Reader1,-,Original Records,-,-,-
'6,Loubna Benamer,PANDORABOX,2023-02-28 10:40:23,None,pointeuse_Door1_Entrance Card Reader1,-,Original Records,-,-,-
'6,Loubna Benamer,PANDORABOX,2023-02-28 13:12:44,None,pointeuse_Door1_Entrance Card Reader1,-,Original Records,-,-,-
'6,Loubna Benamer,PANDORABOX,2023-02-28 14:00:46,None,pointeuse_Door1_Entrance Card Reader1,-,Original Records,-,-,-
'6,Loubna Benamer,PANDORABOX,2023-02-28 19:06:24,None,pointeuse_Door1_Entrance Card Reader1,-,Original Records,-,-,-
'6,Loubna Benamer,PANDORABOX,2023-03-01 09:20:19,None,pointeuse_Door1_Entrance Card Reader1,-,Original Records,-,-,-
'6,Loubna Benamer,PANDORABOX,2023-03-01 13:09:19,None,pointeuse_Door1_Entrance Card Reader1,-,Original Records,-,-,-
'6,Loubna Benamer,PANDORABOX,2023-03-01 14:21:46,None,pointeuse_Door1_Entrance Card Reader1,-,Original Records,-,-,-
'6,Loubna Benamer,PANDORABOX,2023-03-01 18:35:50,None,pointeuse_Door1_Entrance Card Reader1,-,Original Records,-,-,-
'6,Loubna Benamer,PANDORABOX,2023-03-02 09:37:29,None,pointeuse_Door1_Entrance Card Reader1,-,Original Records,-,-,-
'6,Loubna Benamer,PANDORABOX,2023-03-02 13:23:41,None,pointeuse_Door1_Entrance Card Reader1,-,Original Records,-,-,-
'6,Loubna Benamer,PANDORABOX,2023-03-02 14:20:51,None,pointeuse_Door1_Entrance Card Reader1,-,Original Records,-,-,-
'6,Loubna Benamer,PANDORABOX,2023-03-02 18:41:14,None,pointeuse_Door1_Entrance Card Reader1,-,Original Records,-,-,-
'6,Loubna Benamer,PANDORABOX,2023-03-03 09:30:49,None,pointeuse_Door1_Entrance Card Reader1,-,Original Records,-,-,-
'6,Loubna Benamer,PANDORABOX,2023-03-03 13:46:41,None,pointeuse_Door1_Entrance Card Reader1,-,Original Records,-,-,-
'6,Loubna Benamer,PANDORABOX,2023-03-03 14:52:08,None,pointeuse_Door1_Entrance Card Reader1,-,Original Records,-,-,-
'6,Loubna Benamer,PANDORABOX,2023-03-03 19:48:36,None,pointeuse_Door1_Entrance Card Reader1,-,Original Records,-,-,-
'6,Loubna Benamer,PANDORABOX,2023-03-06 09:21:04,None,pointeuse_Door1_Entrance Card Reader1,-,Original Records,-,-,-
'6,Loubna Benamer,PANDORABOX,2023-03-06 13:48:09,None,pointeuse_Door1_Entrance Card Reader1,-,Original Records,-,-,-
'6,Loubna Benamer,PANDORABOX,2023-03-06 14:37:16,None,pointeuse_Door1_Entrance Card Reader1,-,Original Records,-,-,-
'6,Loubna Benamer,PANDORABOX,2023-03-06 18:25:31,None,pointeuse_Door1_Entrance Card Reader1,-,Original Records,-,-,-
'6,Loubna Benamer,PANDORABOX,2023-03-07 09:24:21,None,pointeuse_Door1_Entrance Card Reader1,-,Original Records,-,-,-
'6,Loubna Benamer,PANDORABOX,2023-03-07 14:12:41,None,pointeuse_Door1_Entrance Card Reader1,-,Original Records,-,-,-
'6,Loubna Benamer,PANDORABOX,2023-03-07 15:06:59,None,pointeuse_Door1_Entrance Card Reader1,-,Original Records,-,-,-
'6,Loubna Benamer,PANDORABOX,2023-03-07 18:57:50,None,pointeuse_Door1_Entrance Card Reader1,-,Original Records,-,-,-
'6,Loubna Benamer,PANDORABOX,2023-03-08 09:18:27,None,pointeuse_Door1_Entrance Card Reader1,-,Original Records,-,-,-
'6,Loubna Benamer,PANDORABOX,2023-03-08 13:18:49,None,pointeuse_Door1_Entrance Card Reader1,-,Original Records,-,-,-
'6,Loubna Benamer,PANDORABOX,2023-03-08 14:24:06,None,pointeuse_Door1_Entrance Card Reader1,-,Original Records,-,-,-
'6,Loubna Benamer,PANDORABOX,2023-03-08 19:46:32,None,pointeuse_Door1_Entrance Card Reader1,-,Original Records,-,-,-
'6,Loubna Benamer,PANDORABOX,2023-03-08 19:50:28,None,pointeuse_Door1_Entrance Card Reader1,-,Original Records,-,-,-
'6,Loubna Benamer,PANDORABOX,2023-03-08 19:51:59,None,pointeuse_Door1_Entrance Card Reader1,-,Original Records,-,-,-
'6,Loubna Benamer,PANDORABOX,2023-03-09 08:12:43,None,pointeuse_Door1_Entrance Card Reader1,-,Original Records,-,-,-
'6,Loubna Benamer,PANDORABOX,2023-03-09 13:50:38,None,pointeuse_Door1_Entrance Card Reader1,-,Original Records,-,-,-
'6,Loubna Benamer,PANDORABOX,2023-03-09 14:50:32,None,pointeuse_Door1_Entrance Card Reader1,-,Original Records,-,-,-
'6,Loubna Benamer,PANDORABOX,2023-03-09 18:39:17,None,pointeuse_Door1_Entrance Card Reader1,-,Original Records,-,-,-
'6,Loubna Benamer,PANDORABOX,2023-03-10 09:02:36,None,pointeuse_Door1_Entrance Card Reader1,-,Original Records,-,-,-
'6,Loubna Benamer,PANDORABOX,2023-03-10 13:28:44,None,pointeuse_Door1_Entrance Card Reader1,-,Original Records,-,-,-
'6,Loubna Benamer,PANDORABOX,2023-03-10 14:32:19,None,pointeuse_Door1_Entrance Card Reader1,-,Original Records,-,-,-
'6,Loubna Benamer,PANDORABOX,2023-03-10 18:25:48,None,pointeuse_Door1_Entrance Card Reader1,-,Original Records,-,-,-
'6,Loubna Benamer,PANDORABOX,2023-03-13 09:37:11,None,pointeuse_Door1_Entrance Card Reader1,-,Original Records,-,-,-
'6,Loubna Benamer,PANDORABOX,2023-03-13 13:23:25,None,pointeuse_Door1_Entrance Card Reader1,-,Original Records,-,-,-
'6,Loubna Benamer,PANDORABOX,2023-03-13 14:21:51,None,pointeuse_Door1_Entrance Card Reader1,-,Original Records,-,-,-
'6,Loubna Benamer,PANDORABOX,2023-03-13 18:48:00,None,pointeuse_Door1_Entrance Card Reader1,-,Original Records,-,-,-
'6,Loubna Benamer,PANDORABOX,2023-03-14 09:01:00,None,pointeuse_Door1_Entrance Card Reader1,-,Original Records,-,-,-
'6,Loubna Benamer,PANDORABOX,2023-03-14 13:32:50,None,pointeuse_Door1_Entrance Card Reader1,-,Original Records,-,-,-
'6,Loubna Benamer,PANDORABOX,2023-03-14 14:26:47,None,pointeuse_Door1_Entrance Card Reader1,-,Original Records,-,-,-
'6,Loubna Benamer,PANDORABOX,2023-03-14 18:13:06,None,pointeuse_Door1_Entrance Card Reader1,-,Original Records,-,-,-
'6,Loubna Benamer,PANDORABOX,2023-03-15 09:05:28,None,pointeuse_Door1_Entrance Card Reader1,-,Original Records,-,-,-
'6,Loubna Benamer,PANDORABOX,2023-03-15 12:51:27,None,pointeuse_Door1_Entrance Card Reader1,-,Original Records,-,-,-
'6,Loubna Benamer,PANDORABOX,2023-03-15 13:50:54,None,pointeuse_Door1_Entrance Card Reader1,-,Original Records,-,-,-
'6,Loubna Benamer,PANDORABOX,2023-03-15 18:07:36,None,pointeuse_Door1_Entrance Card Reader1,-,Original Records,-,-,-
'6,Loubna Benamer,PANDORABOX,2023-03-16 09:06:42,None,pointeuse_Door1_Entrance Card Reader1,-,Original Records,-,-,-
'6,Loubna Benamer,PANDORABOX,2023-03-16 13:18:38,None,pointeuse_Door1_Entrance Card Reader1,-,Original Records,-,-,-
'6,Loubna Benamer,PANDORABOX,2023-03-16 14:14:08,None,pointeuse_Door1_Entrance Card Reader1,-,Original Records,-,-,-
'6,Loubna Benamer,PANDORABOX,2023-03-16 18:14:00,None,pointeuse_Door1_Entrance Card Reader1,-,Original Records,-,-,-
'6,Loubna Benamer,PANDORABOX,2023-03-17 09:20:32,None,pointeuse_Door1_Entrance Card Reader1,-,Original Records,-,-,-
'6,Loubna Benamer,PANDORABOX,2023-03-17 13:45:45,None,pointeuse_Door1_Entrance Card Reader1,-,Original Records,-,-,-
'6,Loubna Benamer,PANDORABOX,2023-03-17 14:32:27,None,pointeuse_Door1_Entrance Card Reader1,-,Original Records,-,-,-
'6,Loubna Benamer,PANDORABOX,2023-03-17 19:00:29,None,pointeuse_Door1_Entrance Card Reader1,-,Original Records,-,-,-
'6,Loubna Benamer,PANDORABOX,2023-03-20 10:10:57,None,pointeuse_Door1_Entrance Card Reader1,-,Original Records,-,-,-
'6,Loubna Benamer,PANDORABOX,2023-03-20 12:59:09,None,pointeuse_Door1_Entrance Card Reader1,-,Original Records,-,-,-
'6,Loubna Benamer,PANDORABOX,2023-03-20 14:07:24,None,pointeuse_Door1_Entrance Card Reader1,-,Original Records,-,-,-
'6,Loubna Benamer,PANDORABOX,2023-03-20 18:40:08,None,pointeuse_Door1_Entrance Card Reader1,-,Original Records,-,-,-
'6,Loubna Benamer,PANDORABOX,2023-03-21 09:17:57,None,pointeuse_Door1_Entrance Card Reader1,-,Original Records,-,-,-
'6,Loubna Benamer,PANDORABOX,2023-03-21 13:02:44,None,pointeuse_Door1_Entrance Card Reader1,-,Original Records,-,-,-
'6,Loubna Benamer,PANDORABOX,2023-03-21 13:49:36,None,pointeuse_Door1_Entrance Card Reader1,-,Original Records,-,-,-
'6,Loubna Benamer,PANDORABOX,2023-03-21 18:08:56,None,pointeuse_Door1_Entrance Card Reader1,-,Original Records,-,-,-
'6,Loubna Benamer,PANDORABOX,2023-03-22 08:59:39,None,pointeuse_Door1_Entrance Card Reader1,-,Original Records,-,-,-
'6,Loubna Benamer,PANDORABOX,2023-03-22 12:50:14,None,pointeuse_Door1_Entrance Card Reader1,-,Original Records,-,-,-
'6,Loubna Benamer,PANDORABOX,2023-03-22 14:29:25,None,pointeuse_Door1_Entrance Card Reader1,-,Original Records,-,-,-
'6,Loubna Benamer,PANDORABOX,2023-03-22 18:33:45,None,pointeuse_Door1_Entrance Card Reader1,-,Original Records,-,-,-
'6,Loubna Benamer,PANDORABOX,2023-03-23 09:28:20,None,pointeuse_Door1_Entrance Card Reader1,-,Original Records,-,-,-
'6,Loubna Benamer,PANDORABOX,2023-03-23 16:03:39,None,pointeuse_Door1_Entrance Card Reader1,-,Original Records,-,-,-
'7,Frih Ilyas,PANDORABOX,2023-02-23 09:50:44,None,pointeuse_Door1_Entrance Card Reader1,-,Original Records,-,-,-
'7,Frih Ilyas,PANDORABOX,2023-02-23 16:29:14,None,pointeuse_Door1_Entrance Card Reader1,-,Original Records,-,-,-
'7,Frih Ilyas,PANDORABOX,2023-02-23 18:29:22,None,pointeuse_Door1_Entrance Card Reader1,-,Original Records,-,-,-
'7,Frih Ilyas,PANDORABOX,2023-02-24 09:21:12,None,pointeuse_Door1_Entrance Card Reader1,-,Original Records,-,-,-
'7,Frih Ilyas,PANDORABOX,2023-02-24 13:43:18,None,pointeuse_Door1_Entrance Card Reader1,-,Original Records,-,-,-
'7,Frih Ilyas,PANDORABOX,2023-02-27 10:01:52,None,pointeuse_Door1_Entrance Card Reader1,-,Original Records,-,-,-
'7,Frih Ilyas,PANDORABOX,2023-02-27 14:28:28,None,pointeuse_Door1_Entrance Card Reader1,-,Original Records,-,-,-
'7,Frih Ilyas,PANDORABOX,2023-02-27 19:25:33,None,pointeuse_Door1_Entrance Card Reader1,-,Original Records,-,-,-
'7,Frih Ilyas,PANDORABOX,2023-02-28 10:04:08,None,pointeuse_Door1_Entrance Card Reader1,-,Original Records,-,-,-
'7,Frih Ilyas,PANDORABOX,2023-02-28 13:11:51,None,pointeuse_Door1_Entrance Card Reader1,-,Original Records,-,-,-
'7,Frih Ilyas,PANDORABOX,2023-02-28 14:09:30,None,pointeuse_Door1_Entrance Card Reader1,-,Original Records,-,-,-
'7,Frih Ilyas,PANDORABOX,2023-02-28 18:50:08,None,pointeuse_Door1_Entrance Card Reader1,-,Original Records,-,-,-
'7,Frih Ilyas,PANDORABOX,2023-03-01 09:49:24,None,pointeuse_Door1_Entrance Card Reader1,-,Original Records,-,-,-
'7,Frih Ilyas,PANDORABOX,2023-03-01 16:11:48,None,pointeuse_Door1_Entrance Card Reader1,-,Original Records,-,-,-
'7,Frih Ilyas,PANDORABOX,2023-03-01 18:17:28,None,pointeuse_Door1_Entrance Card Reader1,-,Original Records,-,-,-
'7,Frih Ilyas,PANDORABOX,2023-03-02 10:03:01,None,pointeuse_Door1_Entrance Card Reader1,-,Original Records,-,-,-
'7,Frih Ilyas,PANDORABOX,2023-03-02 13:23:46,None,pointeuse_Door1_Entrance Card Reader1,-,Original Records,-,-,-
'7,Frih Ilyas,PANDORABOX,2023-03-02 14:58:11,None,pointeuse_Door1_Entrance Card Reader1,-,Original Records,-,-,-
'7,Frih Ilyas,PANDORABOX,2023-03-02 18:39:09,None,pointeuse_Door1_Entrance Card Reader1,-,Original Records,-,-,-
'7,Frih Ilyas,PANDORABOX,2023-03-03 10:02:28,None,pointeuse_Door1_Entrance Card Reader1,-,Original Records,-,-,-
'7,Frih Ilyas,PANDORABOX,2023-03-03 14:59:04,None,pointeuse_Door1_Entrance Card Reader1,-,Original Records,-,-,-
'7,Frih Ilyas,PANDORABOX,2023-03-03 19:20:22,None,pointeuse_Door1_Entrance Card Reader1,-,Original Records,-,-,-
'7,Frih Ilyas,PANDORABOX,2023-03-06 09:06:58,None,pointeuse_Door1_Entrance Card Reader1,-,Original Records,-,-,-
'7,Frih Ilyas,PANDORABOX,2023-03-06 13:56:39,None,pointeuse_Door1_Entrance Card Reader1,-,Original Records,-,-,-
'7,Frih Ilyas,PANDORABOX,2023-03-06 18:16:08,None,pointeuse_Door1_Entrance Card Reader1,-,Original Records,-,-,-
'7,Frih Ilyas,PANDORABOX,2023-03-07 09:37:05,None,pointeuse_Door1_Entrance Card Reader1,-,Original Records,-,-,-
'7,Frih Ilyas,PANDORABOX,2023-03-07 14:09:49,None,pointeuse_Door1_Entrance Card Reader1,-,Original Records,-,-,-
'7,Frih Ilyas,PANDORABOX,2023-03-07 15:00:03,None,pointeuse_Door1_Entrance Card Reader1,-,Original Records,-,-,-
'7,Frih Ilyas,PANDORABOX,2023-03-07 18:00:35,None,pointeuse_Door1_Entrance Card Reader1,-,Original Records,-,-,-
'7,Frih Ilyas,PANDORABOX,2023-03-08 09:46:34,None,pointeuse_Door1_Entrance Card Reader1,-,Original Records,-,-,-
'7,Frih Ilyas,PANDORABOX,2023-03-08 19:22:59,None,pointeuse_Door1_Entrance Card Reader1,-,Original Records,-,-,-
'7,Frih Ilyas,PANDORABOX,2023-03-09 09:37:03,None,pointeuse_Door1_Entrance Card Reader1,-,Original Records,-,-,-
'7,Frih Ilyas,PANDORABOX,2023-03-09 18:47:57,None,pointeuse_Door1_Entrance Card Reader1,-,Original Records,-,-,-
'7,Frih Ilyas,PANDORABOX,2023-03-10 09:41:17,None,pointeuse_Door1_Entrance Card Reader1,-,Original Records,-,-,-
'7,Frih Ilyas,PANDORABOX,2023-03-10 12:56:00,None,pointeuse_Door1_Entrance Card Reader1,-,Original Records,-,-,-
'7,Frih Ilyas,PANDORABOX,2023-03-10 14:40:26,None,pointeuse_Door1_Entrance Card Reader1,-,Original Records,-,-,-
'7,Frih Ilyas,PANDORABOX,2023-03-10 18:28:50,None,pointeuse_Door1_Entrance Card Reader1,-,Original Records,-,-,-
'7,Frih Ilyas,PANDORABOX,2023-03-13 09:39:54,None,pointeuse_Door1_Entrance Card Reader1,-,Original Records,-,-,-
'7,Frih Ilyas,PANDORABOX,2023-03-13 14:22:16,None,pointeuse_Door1_Entrance Card Reader1,-,Original Records,-,-,-
'7,Frih Ilyas,PANDORABOX,2023-03-13 15:03:51,None,pointeuse_Door1_Entrance Card Reader1,-,Original Records,-,-,-
'7,Frih Ilyas,PANDORABOX,2023-03-13 18:40:23,None,pointeuse_Door1_Entrance Card Reader1,-,Original Records,-,-,-
'7,Frih Ilyas,PANDORABOX,2023-03-14 09:35:33,None,pointeuse_Door1_Entrance Card Reader1,-,Original Records,-,-,-
'7,Frih Ilyas,PANDORABOX,2023-03-14 13:19:58,None,pointeuse_Door1_Entrance Card Reader1,-,Original Records,-,-,-
'7,Frih Ilyas,PANDORABOX,2023-03-14 14:25:54,None,pointeuse_Door1_Entrance Card Reader1,-,Original Records,-,-,-
'7,Frih Ilyas,PANDORABOX,2023-03-14 17:56:17,None,pointeuse_Door1_Entrance Card Reader1,-,Original Records,-,-,-
'7,Frih Ilyas,PANDORABOX,2023-03-14 23:36:00,None,pointeuse_Door1_Entrance Card Reader1,-,Original Records,-,-,-
'7,Frih Ilyas,PANDORABOX,2023-03-15 09:33:05,None,pointeuse_Door1_Entrance Card Reader1,-,Original Records,-,-,-
'7,Frih Ilyas,PANDORABOX,2023-03-15 13:18:40,None,pointeuse_Door1_Entrance Card Reader1,-,Original Records,-,-,-
'7,Frih Ilyas,PANDORABOX,2023-03-15 18:16:21,None,pointeuse_Door1_Entrance Card Reader1,-,Original Records,-,-,-
'7,Frih Ilyas,PANDORABOX,2023-03-16 09:20:14,None,pointeuse_Door1_Entrance Card Reader1,-,Original Records,-,-,-
'7,Frih Ilyas,PANDORABOX,2023-03-16 15:06:30,None,pointeuse_Door1_Entrance Card Reader1,-,Original Records,-,-,-
'7,Frih Ilyas,PANDORABOX,2023-03-16 18:16:08,None,pointeuse_Door1_Entrance Card Reader1,-,Original Records,-,-,-
'7,Frih Ilyas,PANDORABOX,2023-03-17 09:34:52,None,pointeuse_Door1_Entrance Card Reader1,-,Original Records,-,-,-
'7,Frih Ilyas,PANDORABOX,2023-03-17 14:05:00,None,pointeuse_Door1_Entrance Card Reader1,-,Original Records,-,-,-
'7,Frih Ilyas,PANDORABOX,2023-03-17 15:19:53,None,pointeuse_Door1_Entrance Card Reader1,-,Original Records,-,-,-
'7,Frih Ilyas,PANDORABOX,2023-03-17 19:00:55,None,pointeuse_Door1_Entrance Card Reader1,-,Original Records,-,-,-
'7,Frih Ilyas,PANDORABOX,2023-03-20 10:12:22,None,pointeuse_Door1_Entrance Card Reader1,-,Original Records,-,-,-
'7,Frih Ilyas,PANDORABOX,2023-03-20 12:50:45,None,pointeuse_Door1_Entrance Card Reader1,-,Original Records,-,-,-
'7,Frih Ilyas,PANDORABOX,2023-03-20 14:30:58,None,pointeuse_Door1_Entrance Card Reader1,-,Original Records,-,-,-
'7,Frih Ilyas,PANDORABOX,2023-03-20 18:52:46,None,pointeuse_Door1_Entrance Card Reader1,-,Original Records,-,-,-
'7,Frih Ilyas,PANDORABOX,2023-03-21 09:22:12,None,pointeuse_Door1_Entrance Card Reader1,-,Original Records,-,-,-
'7,Frih Ilyas,PANDORABOX,2023-03-21 13:05:22,None,pointeuse_Door1_Entrance Card Reader1,-,Original Records,-,-,-
'7,Frih Ilyas,PANDORABOX,2023-03-21 14:40:51,None,pointeuse_Door1_Entrance Card Reader1,-,Original Records,-,-,-
'7,Frih Ilyas,PANDORABOX,2023-03-21 18:12:40,None,pointeuse_Door1_Entrance Card Reader1,-,Original Records,-,-,-
'7,Frih Ilyas,PANDORABOX,2023-03-22 09:18:11,None,pointeuse_Door1_Entrance Card Reader1,-,Original Records,-,-,-
'7,Frih Ilyas,PANDORABOX,2023-03-22 12:52:24,None,pointeuse_Door1_Entrance Card Reader1,-,Original Records,-,-,-
'7,Frih Ilyas,PANDORABOX,2023-03-22 14:29:21,None,pointeuse_Door1_Entrance Card Reader1,-,Original Records,-,-,-
'7,Frih Ilyas,PANDORABOX,2023-03-22 18:27:14,None,pointeuse_Door1_Entrance Card Reader1,-,Original Records,-,-,-
'7,Frih Ilyas,PANDORABOX,2023-03-23 09:11:16,None,pointeuse_Door1_Entrance Card Reader1,-,Original Records,-,-,-
'7,Frih Ilyas,PANDORABOX,2023-03-23 16:01:29,None,pointeuse_Door1_Entrance Card Reader1,-,Original Records,-,-,-
'8,AYOUB SAHRI,PANDORABOX,2023-02-23 09:09:10,None,pointeuse_Door1_Entrance Card Reader1,-,Original Records,-,-,-
'8,AYOUB SAHRI,PANDORABOX,2023-02-23 13:40:24,None,pointeuse_Door1_Entrance Card Reader1,-,Original Records,-,-,-
'8,AYOUB SAHRI,PANDORABOX,2023-02-23 14:28:07,None,pointeuse_Door1_Entrance Card Reader1,-,Original Records,-,-,-
'8,AYOUB SAHRI,PANDORABOX,2023-02-23 18:54:37,None,pointeuse_Door1_Entrance Card Reader1,-,Original Records,-,-,-
'8,AYOUB SAHRI,PANDORABOX,2023-02-24 09:02:08,None,pointeuse_Door1_Entrance Card Reader1,-,Original Records,-,-,-
'8,AYOUB SAHRI,PANDORABOX,2023-02-24 13:02:39,None,pointeuse_Door1_Entrance Card Reader1,-,Original Records,-,-,-
'8,AYOUB SAHRI,PANDORABOX,2023-02-27 09:23:24,None,pointeuse_Door1_Entrance Card Reader1,-,Original Records,-,-,-
'8,AYOUB SAHRI,PANDORABOX,2023-02-27 14:13:20,None,pointeuse_Door1_Entrance Card Reader1,-,Original Records,-,-,-
'8,AYOUB SAHRI,PANDORABOX,2023-02-27 14:59:27,None,pointeuse_Door1_Entrance Card Reader1,-,Original Records,-,-,-
'8,AYOUB SAHRI,PANDORABOX,2023-02-27 19:06:29,None,pointeuse_Door1_Entrance Card Reader1,-,Original Records,-,-,-
'8,AYOUB SAHRI,PANDORABOX,2023-02-28 09:07:32,None,pointeuse_Door1_Entrance Card Reader1,-,Original Records,-,-,-
'8,AYOUB SAHRI,PANDORABOX,2023-02-28 13:52:46,None,pointeuse_Door1_Entrance Card Reader1,-,Original Records,-,-,-
'8,AYOUB SAHRI,PANDORABOX,2023-02-28 15:12:56,None,pointeuse_Door1_Entrance Card Reader1,-,Original Records,-,-,-
'8,AYOUB SAHRI,PANDORABOX,2023-02-28 18:06:05,None,pointeuse_Door1_Entrance Card Reader1,-,Original Records,-,-,-
'8,AYOUB SAHRI,PANDORABOX,2023-03-01 08:53:38,None,pointeuse_Door1_Entrance Card Reader1,-,Original Records,-,-,-
'8,AYOUB SAHRI,PANDORABOX,2023-03-01 13:14:11,None,pointeuse_Door1_Entrance Card Reader1,-,Original Records,-,-,-
'8,AYOUB SAHRI,PANDORABOX,2023-03-01 14:15:13,None,pointeuse_Door1_Entrance Card Reader1,-,Original Records,-,-,-
'8,AYOUB SAHRI,PANDORABOX,2023-03-01 18:01:23,None,pointeuse_Door1_Entrance Card Reader1,-,Original Records,-,-,-
'8,AYOUB SAHRI,PANDORABOX,2023-03-02 09:12:17,None,pointeuse_Door1_Entrance Card Reader1,-,Original Records,-,-,-
'8,AYOUB SAHRI,PANDORABOX,2023-03-02 13:48:19,None,pointeuse_Door1_Entrance Card Reader1,-,Original Records,-,-,-
'8,AYOUB SAHRI,PANDORABOX,2023-03-02 14:57:02,None,pointeuse_Door1_Entrance Card Reader1,-,Original Records,-,-,-
'8,AYOUB SAHRI,PANDORABOX,2023-03-02 18:09:44,None,pointeuse_Door1_Entrance Card Reader1,-,Original Records,-,-,-
'8,AYOUB SAHRI,PANDORABOX,2023-03-03 09:07:08,None,pointeuse_Door1_Entrance Card Reader1,-,Original Records,-,-,-
'8,AYOUB SAHRI,PANDORABOX,2023-03-03 13:29:32,None,pointeuse_Door1_Entrance Card Reader1,-,Original Records,-,-,-
'8,AYOUB SAHRI,PANDORABOX,2023-03-03 14:36:32,None,pointeuse_Door1_Entrance Card Reader1,-,Original Records,-,-,-
'8,AYOUB SAHRI,PANDORABOX,2023-03-03 19:08:40,None,pointeuse_Door1_Entrance Card Reader1,-,Original Records,-,-,-
'8,AYOUB SAHRI,PANDORABOX,2023-03-06 09:08:24,None,pointeuse_Door1_Entrance Card Reader1,-,Original Records,-,-,-
'8,AYOUB SAHRI,PANDORABOX,2023-03-06 13:48:20,None,pointeuse_Door1_Entrance Card Reader1,-,Original Records,-,-,-
'8,AYOUB SAHRI,PANDORABOX,2023-03-06 14:42:46,None,pointeuse_Door1_Entrance Card Reader1,-,Original Records,-,-,-
'8,AYOUB SAHRI,PANDORABOX,2023-03-06 18:07:03,None,pointeuse_Door1_Entrance Card Reader1,-,Original Records,-,-,-
'8,AYOUB SAHRI,PANDORABOX,2023-03-07 09:16:35,None,pointeuse_Door1_Entrance Card Reader1,-,Original Records,-,-,-
'8,AYOUB SAHRI,PANDORABOX,2023-03-07 14:09:56,None,pointeuse_Door1_Entrance Card Reader1,-,Original Records,-,-,-
'8,AYOUB SAHRI,PANDORABOX,2023-03-07 14:59:32,None,pointeuse_Door1_Entrance Card Reader1,-,Original Records,-,-,-
'8,AYOUB SAHRI,PANDORABOX,2023-03-07 18:26:46,None,pointeuse_Door1_Entrance Card Reader1,-,Original Records,-,-,-
'8,AYOUB SAHRI,PANDORABOX,2023-03-08 09:12:19,None,pointeuse_Door1_Entrance Card Reader1,-,Original Records,-,-,-
'8,AYOUB SAHRI,PANDORABOX,2023-03-08 13:35:00,None,pointeuse_Door1_Entrance Card Reader1,-,Original Records,-,-,-
'8,AYOUB SAHRI,PANDORABOX,2023-03-08 14:31:21,None,pointeuse_Door1_Entrance Card Reader1,-,Original Records,-,-,-
'8,AYOUB SAHRI,PANDORABOX,2023-03-08 18:04:07,None,pointeuse_Door1_Entrance Card Reader1,-,Original Records,-,-,-
'8,AYOUB SAHRI,PANDORABOX,2023-03-09 09:08:04,None,pointeuse_Door1_Entrance Card Reader1,-,Original Records,-,-,-
'8,AYOUB SAHRI,PANDORABOX,2023-03-09 13:45:40,None,pointeuse_Door1_Entrance Card Reader1,-,Original Records,-,-,-
'8,AYOUB SAHRI,PANDORABOX,2023-03-09 14:46:37,None,pointeuse_Door1_Entrance Card Reader1,-,Original Records,-,-,-
'8,AYOUB SAHRI,PANDORABOX,2023-03-09 18:02:54,None,pointeuse_Door1_Entrance Card Reader1,-,Original Records,-,-,-
'8,AYOUB SAHRI,PANDORABOX,2023-03-10 09:18:26,None,pointeuse_Door1_Entrance Card Reader1,-,Original Records,-,-,-
'8,AYOUB SAHRI,PANDORABOX,2023-03-10 13:44:16,None,pointeuse_Door1_Entrance Card Reader1,-,Original Records,-,-,-
'8,AYOUB SAHRI,PANDORABOX,2023-03-10 14:52:27,None,pointeuse_Door1_Entrance Card Reader1,-,Original Records,-,-,-
'8,AYOUB SAHRI,PANDORABOX,2023-03-10 18:08:01,None,pointeuse_Door1_Entrance Card Reader1,-,Original Records,-,-,-
'8,AYOUB SAHRI,PANDORABOX,2023-03-13 09:22:22,None,pointeuse_Door1_Entrance Card Reader1,-,Original Records,-,-,-
'8,AYOUB SAHRI,PANDORABOX,2023-03-13 13:45:05,None,pointeuse_Door1_Entrance Card Reader1,-,Original Records,-,-,-
'8,AYOUB SAHRI,PANDORABOX,2023-03-13 14:55:49,None,pointeuse_Door1_Entrance Card Reader1,-,Original Records,-,-,-
'8,AYOUB SAHRI,PANDORABOX,2023-03-13 18:12:58,None,pointeuse_Door1_Entrance Card Reader1,-,Original Records,-,-,-
'8,AYOUB SAHRI,PANDORABOX,2023-03-14 08:56:59,None,pointeuse_Door1_Entrance Card Reader1,-,Original Records,-,-,-
'8,AYOUB SAHRI,PANDORABOX,2023-03-14 14:31:32,None,pointeuse_Door1_Entrance Card Reader1,-,Original Records,-,-,-
'8,AYOUB SAHRI,PANDORABOX,2023-03-14 15:33:41,None,pointeuse_Door1_Entrance Card Reader1,-,Original Records,-,-,-
'8,AYOUB SAHRI,PANDORABOX,2023-03-14 18:05:52,None,pointeuse_Door1_Entrance Card Reader1,-,Original Records,-,-,-
'8,AYOUB SAHRI,PANDORABOX,2023-03-15 09:11:26,None,pointeuse_Door1_Entrance Card Reader1,-,Original Records,-,-,-
'8,AYOUB SAHRI,PANDORABOX,2023-03-15 14:33:59,None,pointeuse_Door1_Entrance Card Reader1,-,Original Records,-,-,-
'8,AYOUB SAHRI,PANDORABOX,2023-03-15 15:36:43,None,pointeuse_Door1_Entrance Card Reader1,-,Original Records,-,-,-
'8,AYOUB SAHRI,PANDORABOX,2023-03-15 18:14:50,None,pointeuse_Door1_Entrance Card Reader1,-,Original Records,-,-,-
'8,AYOUB SAHRI,PANDORABOX,2023-03-16 09:09:39,None,pointeuse_Door1_Entrance Card Reader1,-,Original Records,-,-,-
'8,AYOUB SAHRI,PANDORABOX,2023-03-16 13:14:51,None,pointeuse_Door1_Entrance Card Reader1,-,Original Records,-,-,-
'8,AYOUB SAHRI,PANDORABOX,2023-03-16 14:23:07,None,pointeuse_Door1_Entrance Card Reader1,-,Original Records,-,-,-
'8,AYOUB SAHRI,PANDORABOX,2023-03-16 18:22:03,None,pointeuse_Door1_Entrance Card Reader1,-,Original Records,-,-,-
'8,AYOUB SAHRI,PANDORABOX,2023-03-17 09:12:35,None,pointeuse_Door1_Entrance Card Reader1,-,Original Records,-,-,-
'8,AYOUB SAHRI,PANDORABOX,2023-03-17 13:34:03,None,pointeuse_Door1_Entrance Card Reader1,-,Original Records,-,-,-
'8,AYOUB SAHRI,PANDORABOX,2023-03-17 14:34:22,None,pointeuse_Door1_Entrance Card Reader1,-,Original Records,-,-,-
'8,AYOUB SAHRI,PANDORABOX,2023-03-17 18:20:04,None,pointeuse_Door1_Entrance Card Reader1,-,Original Records,-,-,-
'8,AYOUB SAHRI,PANDORABOX,2023-03-20 10:07:06,None,pointeuse_Door1_Entrance Card Reader1,-,Original Records,-,-,-
'8,AYOUB SAHRI,PANDORABOX,2023-03-20 12:52:19,None,pointeuse_Door1_Entrance Card Reader1,-,Original Records,-,-,-
'8,AYOUB SAHRI,PANDORABOX,2023-03-20 14:10:45,None,pointeuse_Door1_Entrance Card Reader1,-,Original Records,-,-,-
'8,AYOUB SAHRI,PANDORABOX,2023-03-20 18:25:32,None,pointeuse_Door1_Entrance Card Reader1,-,Original Records,-,-,-
'8,AYOUB SAHRI,PANDORABOX,2023-03-21 09:04:46,None,pointeuse_Door1_Entrance Card Reader1,-,Original Records,-,-,-
'8,AYOUB SAHRI,PANDORABOX,2023-03-21 13:03:08,None,pointeuse_Door1_Entrance Card Reader1,-,Original Records,-,-,-
'8,AYOUB SAHRI,PANDORABOX,2023-03-21 13:49:30,None,pointeuse_Door1_Entrance Card Reader1,-,Original Records,-,-,-
'8,AYOUB SAHRI,PANDORABOX,2023-03-21 18:12:38,None,pointeuse_Door1_Entrance Card Reader1,-,Original Records,-,-,-
'8,AYOUB SAHRI,PANDORABOX,2023-03-22 09:05:10,None,pointeuse_Door1_Entrance Card Reader1,-,Original Records,-,-,-
'8,AYOUB SAHRI,PANDORABOX,2023-03-22 14:31:02,None,pointeuse_Door1_Entrance Card Reader1,-,Original Records,-,-,-
'8,AYOUB SAHRI,PANDORABOX,2023-03-22 19:19:04,None,pointeuse_Door1_Entrance Card Reader1,-,Original Records,-,-,-
'8,AYOUB SAHRI,PANDORABOX,2023-03-23 09:13:53,None,pointeuse_Door1_Entrance Card Reader1,-,Original Records,-,-,-
'8,AYOUB SAHRI,PANDORABOX,2023-03-23 16:16:13,None,pointeuse_Door1_Entrance Card Reader1,-,Original Records,-,-,-
'9,Anouar Zemouri,PANDORABOX,2023-02-23 10:34:02,None,pointeuse_Door1_Entrance Card Reader1,-,Original Records,-,-,-
'9,Anouar Zemouri,PANDORABOX,2023-02-23 15:02:47,None,pointeuse_Door1_Entrance Card Reader1,-,Original Records,-,-,-
'9,Anouar Zemouri,PANDORABOX,2023-02-23 15:50:33,None,pointeuse_Door1_Entrance Card Reader1,-,Original Records,-,-,-
'9,Anouar Zemouri,PANDORABOX,2023-02-27 09:54:46,None,pointeuse_Door1_Entrance Card Reader1,-,Original Records,-,-,-
'9,Anouar Zemouri,PANDORABOX,2023-02-27 14:43:17,None,pointeuse_Door1_Entrance Card Reader1,-,Original Records,-,-,-
'9,Anouar Zemouri,PANDORABOX,2023-02-28 14:33:36,None,pointeuse_Door1_Entrance Card Reader1,-,Original Records,-,-,-
'9,Anouar Zemouri,PANDORABOX,2023-03-01 09:48:02,None,pointeuse_Door1_Entrance Card Reader1,-,Original Records,-,-,-
'9,Anouar Zemouri,PANDORABOX,2023-03-01 15:39:48,None,pointeuse_Door1_Entrance Card Reader1,-,Original Records,-,-,-
'9,Anouar Zemouri,PANDORABOX,2023-03-06 09:30:53,None,pointeuse_Door1_Entrance Card Reader1,-,Original Records,-,-,-
'9,Anouar Zemouri,PANDORABOX,2023-03-06 10:27:39,None,pointeuse_Door1_Entrance Card Reader1,-,Original Records,-,-,-
'9,Anouar Zemouri,PANDORABOX,2023-03-06 15:13:59,None,pointeuse_Door1_Entrance Card Reader1,-,Original Records,-,-,-
'9,Anouar Zemouri,PANDORABOX,2023-03-07 10:23:07,None,pointeuse_Door1_Entrance Card Reader1,-,Original Records,-,-,-
'9,Anouar Zemouri,PANDORABOX,2023-03-07 14:53:35,None,pointeuse_Door1_Entrance Card Reader1,-,Original Records,-,-,-
'9,Anouar Zemouri,PANDORABOX,2023-03-07 16:08:39,None,pointeuse_Door1_Entrance Card Reader1,-,Original Records,-,-,-
'9,Anouar Zemouri,PANDORABOX,2023-03-10 12:00:31,None,pointeuse_Door1_Entrance Card Reader1,-,Original Records,-,-,-
'9,Anouar Zemouri,PANDORABOX,2023-03-13 09:44:37,None,pointeuse_Door1_Entrance Card Reader1,-,Original Records,-,-,-
'9,Anouar Zemouri,PANDORABOX,2023-03-13 14:40:38,None,pointeuse_Door1_Entrance Card Reader1,-,Original Records,-,-,-
'9,Anouar Zemouri,PANDORABOX,2023-03-16 10:26:13,None,pointeuse_Door1_Entrance Card Reader1,-,Original Records,-,-,-
'9,Anouar Zemouri,PANDORABOX,2023-03-16 15:23:59,None,pointeuse_Door1_Entrance Card Reader1,-,Original Records,-,-,-
'9,Anouar Zemouri,PANDORABOX,2023-03-17 09:46:51,None,pointeuse_Door1_Entrance Card Reader1,-,Original Records,-,-,-
'9,Anouar Zemouri,PANDORABOX,2023-03-17 14:30:22,None,pointeuse_Door1_Entrance Card Reader1,-,Original Records,-,-,-
'9,Anouar Zemouri,PANDORABOX,2023-03-20 10:48:00,None,pointeuse_Door1_Entrance Card Reader1,-,Original Records,-,-,-
'9,Anouar Zemouri,PANDORABOX,2023-03-20 15:26:32,None,pointeuse_Door1_Entrance Card Reader1,-,Original Records,-,-,-
'9,Anouar Zemouri,PANDORABOX,2023-03-21 09:20:24,None,pointeuse_Door1_Entrance Card Reader1,-,Original Records,-,-,-
'9,Anouar Zemouri,PANDORABOX,2023-03-22 11:50:38,None,pointeuse_Door1_Entrance Card Reader1,-,Original Records,-,-,-
'9,Anouar Zemouri,PANDORABOX,2023-03-22 15:48:31,None,pointeuse_Door1_Entrance Card Reader1,-,Original Records,-,-,-
'9,Anouar Zemouri,PANDORABOX,2023-03-23 09:32:30,None,pointeuse_Door1_Entrance Card Reader1,-,Original Records,-,-,-
'11,AYOUB  ZIANI,PANDORABOX,2023-02-23 09:32:57,None,pointeuse_Door1_Entrance Card Reader1,-,Original Records,-,-,-
'11,AYOUB  ZIANI,PANDORABOX,2023-02-23 13:28:59,None,pointeuse_Door1_Entrance Card Reader1,-,Original Records,-,-,-
'11,AYOUB  ZIANI,PANDORABOX,2023-02-23 14:31:32,None,pointeuse_Door1_Entrance Card Reader1,-,Original Records,-,-,-
'11,AYOUB  ZIANI,PANDORABOX,2023-02-23 18:16:05,None,pointeuse_Door1_Entrance Card Reader1,-,Original Records,-,-,-
'11,AYOUB  ZIANI,PANDORABOX,2023-02-24 09:11:33,None,pointeuse_Door1_Entrance Card Reader1,-,Original Records,-,-,-
'11,AYOUB  ZIANI,PANDORABOX,2023-02-24 13:43:23,None,pointeuse_Door1_Entrance Card Reader1,-,Original Records,-,-,-
'11,AYOUB  ZIANI,PANDORABOX,2023-02-27 10:07:26,None,pointeuse_Door1_Entrance Card Reader1,-,Original Records,-,-,-
'11,AYOUB  ZIANI,PANDORABOX,2023-02-27 14:01:35,None,pointeuse_Door1_Entrance Card Reader1,-,Original Records,-,-,-
'11,AYOUB  ZIANI,PANDORABOX,2023-02-27 14:55:44,None,pointeuse_Door1_Entrance Card Reader1,-,Original Records,-,-,-
'11,AYOUB  ZIANI,PANDORABOX,2023-02-27 19:06:15,None,pointeuse_Door1_Entrance Card Reader1,-,Original Records,-,-,-
'11,AYOUB  ZIANI,PANDORABOX,2023-02-28 09:14:55,None,pointeuse_Door1_Entrance Card Reader1,-,Original Records,-,-,-
'11,AYOUB  ZIANI,PANDORABOX,2023-02-28 13:03:58,None,pointeuse_Door1_Entrance Card Reader1,-,Original Records,-,-,-
'11,AYOUB  ZIANI,PANDORABOX,2023-02-28 14:41:22,None,pointeuse_Door1_Entrance Card Reader1,-,Original Records,-,-,-
'11,AYOUB  ZIANI,PANDORABOX,2023-02-28 18:33:03,None,pointeuse_Door1_Entrance Card Reader1,-,Original Records,-,-,-
'11,AYOUB  ZIANI,PANDORABOX,2023-03-01 09:36:12,None,pointeuse_Door1_Entrance Card Reader1,-,Original Records,-,-,-
'11,AYOUB  ZIANI,PANDORABOX,2023-03-01 13:10:05,None,pointeuse_Door1_Entrance Card Reader1,-,Original Records,-,-,-
'11,AYOUB  ZIANI,PANDORABOX,2023-03-01 14:19:02,None,pointeuse_Door1_Entrance Card Reader1,-,Original Records,-,-,-
'11,AYOUB  ZIANI,PANDORABOX,2023-03-01 18:18:03,None,pointeuse_Door1_Entrance Card Reader1,-,Original Records,-,-,-
'11,AYOUB  ZIANI,PANDORABOX,2023-03-02 09:39:24,None,pointeuse_Door1_Entrance Card Reader1,-,Original Records,-,-,-
'11,AYOUB  ZIANI,PANDORABOX,2023-03-02 13:00:43,None,pointeuse_Door1_Entrance Card Reader1,-,Original Records,-,-,-
'11,AYOUB  ZIANI,PANDORABOX,2023-03-02 14:37:36,None,pointeuse_Door1_Entrance Card Reader1,-,Original Records,-,-,-
'11,AYOUB  ZIANI,PANDORABOX,2023-03-02 18:26:21,None,pointeuse_Door1_Entrance Card Reader1,-,Original Records,-,-,-
'11,AYOUB  ZIANI,PANDORABOX,2023-03-06 09:19:42,None,pointeuse_Door1_Entrance Card Reader1,-,Original Records,-,-,-
'11,AYOUB  ZIANI,PANDORABOX,2023-03-06 13:48:07,None,pointeuse_Door1_Entrance Card Reader1,-,Original Records,-,-,-
'11,AYOUB  ZIANI,PANDORABOX,2023-03-06 15:12:07,None,pointeuse_Door1_Entrance Card Reader1,-,Original Records,-,-,-
'11,AYOUB  ZIANI,PANDORABOX,2023-03-06 18:27:39,None,pointeuse_Door1_Entrance Card Reader1,-,Original Records,-,-,-
'11,AYOUB  ZIANI,PANDORABOX,2023-03-07 09:28:22,None,pointeuse_Door1_Entrance Card Reader1,-,Original Records,-,-,-
'11,AYOUB  ZIANI,PANDORABOX,2023-03-07 14:24:57,None,pointeuse_Door1_Entrance Card Reader1,-,Original Records,-,-,-
'11,AYOUB  ZIANI,PANDORABOX,2023-03-07 14:51:41,None,pointeuse_Door1_Entrance Card Reader1,-,Original Records,-,-,-
'11,AYOUB  ZIANI,PANDORABOX,2023-03-07 19:27:29,None,pointeuse_Door1_Entrance Card Reader1,-,Original Records,-,-,-
'11,AYOUB  ZIANI,PANDORABOX,2023-03-08 09:19:48,None,pointeuse_Door1_Entrance Card Reader1,-,Original Records,-,-,-
'11,AYOUB  ZIANI,PANDORABOX,2023-03-08 13:15:57,None,pointeuse_Door1_Entrance Card Reader1,-,Original Records,-,-,-
'11,AYOUB  ZIANI,PANDORABOX,2023-03-08 14:11:04,None,pointeuse_Door1_Entrance Card Reader1,-,Original Records,-,-,-
'11,AYOUB  ZIANI,PANDORABOX,2023-03-08 18:43:22,None,pointeuse_Door1_Entrance Card Reader1,-,Original Records,-,-,-
'11,AYOUB  ZIANI,PANDORABOX,2023-03-09 08:59:03,None,pointeuse_Door1_Entrance Card Reader1,-,Original Records,-,-,-
'11,AYOUB  ZIANI,PANDORABOX,2023-03-09 18:14:14,None,pointeuse_Door1_Entrance Card Reader1,-,Original Records,-,-,-
'11,AYOUB  ZIANI,PANDORABOX,2023-03-10 09:43:26,None,pointeuse_Door1_Entrance Card Reader1,-,Original Records,-,-,-
'11,AYOUB  ZIANI,PANDORABOX,2023-03-10 13:29:15,None,pointeuse_Door1_Entrance Card Reader1,-,Original Records,-,-,-
'11,AYOUB  ZIANI,PANDORABOX,2023-03-10 15:17:23,None,pointeuse_Door1_Entrance Card Reader1,-,Original Records,-,-,-
'11,AYOUB  ZIANI,PANDORABOX,2023-03-10 18:15:35,None,pointeuse_Door1_Entrance Card Reader1,-,Original Records,-,-,-
'11,AYOUB  ZIANI,PANDORABOX,2023-03-13 09:14:41,None,pointeuse_Door1_Entrance Card Reader1,-,Original Records,-,-,-
'11,AYOUB  ZIANI,PANDORABOX,2023-03-13 13:12:32,None,pointeuse_Door1_Entrance Card Reader1,-,Original Records,-,-,-
'11,AYOUB  ZIANI,PANDORABOX,2023-03-13 14:28:36,None,pointeuse_Door1_Entrance Card Reader1,-,Original Records,-,-,-
'11,AYOUB  ZIANI,PANDORABOX,2023-03-13 18:38:39,None,pointeuse_Door1_Entrance Card Reader1,-,Original Records,-,-,-
'11,AYOUB  ZIANI,PANDORABOX,2023-03-14 09:11:27,None,pointeuse_Door1_Entrance Card Reader1,-,Original Records,-,-,-
'11,AYOUB  ZIANI,PANDORABOX,2023-03-14 13:27:55,None,pointeuse_Door1_Entrance Card Reader1,-,Original Records,-,-,-
'11,AYOUB  ZIANI,PANDORABOX,2023-03-14 14:23:18,None,pointeuse_Door1_Entrance Card Reader1,-,Original Records,-,-,-
'11,AYOUB  ZIANI,PANDORABOX,2023-03-14 18:11:54,None,pointeuse_Door1_Entrance Card Reader1,-,Original Records,-,-,-
'11,AYOUB  ZIANI,PANDORABOX,2023-03-15 09:18:29,None,pointeuse_Door1_Entrance Card Reader1,-,Original Records,-,-,-
'11,AYOUB  ZIANI,PANDORABOX,2023-03-15 13:22:57,None,pointeuse_Door1_Entrance Card Reader1,-,Original Records,-,-,-
'11,AYOUB  ZIANI,PANDORABOX,2023-03-15 14:46:35,None,pointeuse_Door1_Entrance Card Reader1,-,Original Records,-,-,-
'11,AYOUB  ZIANI,PANDORABOX,2023-03-15 18:16:32,None,pointeuse_Door1_Entrance Card Reader1,-,Original Records,-,-,-
'11,AYOUB  ZIANI,PANDORABOX,2023-03-16 09:25:57,None,pointeuse_Door1_Entrance Card Reader1,-,Original Records,-,-,-
'11,AYOUB  ZIANI,PANDORABOX,2023-03-16 13:26:58,None,pointeuse_Door1_Entrance Card Reader1,-,Original Records,-,-,-
'11,AYOUB  ZIANI,PANDORABOX,2023-03-16 15:03:23,None,pointeuse_Door1_Entrance Card Reader1,-,Original Records,-,-,-
'11,AYOUB  ZIANI,PANDORABOX,2023-03-16 18:31:43,None,pointeuse_Door1_Entrance Card Reader1,-,Original Records,-,-,-
'11,AYOUB  ZIANI,PANDORABOX,2023-03-17 08:51:16,None,pointeuse_Door1_Entrance Card Reader1,-,Original Records,-,-,-
'11,AYOUB  ZIANI,PANDORABOX,2023-03-17 13:30:29,None,pointeuse_Door1_Entrance Card Reader1,-,Original Records,-,-,-
'11,AYOUB  ZIANI,PANDORABOX,2023-03-17 14:54:24,None,pointeuse_Door1_Entrance Card Reader1,-,Original Records,-,-,-
'11,AYOUB  ZIANI,PANDORABOX,2023-03-17 18:30:26,None,pointeuse_Door1_Entrance Card Reader1,-,Original Records,-,-,-
'11,AYOUB  ZIANI,PANDORABOX,2023-03-20 10:05:25,None,pointeuse_Door1_Entrance Card Reader1,-,Original Records,-,-,-
'11,AYOUB  ZIANI,PANDORABOX,2023-03-20 12:49:50,None,pointeuse_Door1_Entrance Card Reader1,-,Original Records,-,-,-
'11,AYOUB  ZIANI,PANDORABOX,2023-03-20 12:50:05,None,pointeuse_Door1_Entrance Card Reader1,-,Original Records,-,-,-
'11,AYOUB  ZIANI,PANDORABOX,2023-03-20 14:10:42,None,pointeuse_Door1_Entrance Card Reader1,-,Original Records,-,-,-
'11,AYOUB  ZIANI,PANDORABOX,2023-03-20 18:53:06,None,pointeuse_Door1_Entrance Card Reader1,-,Original Records,-,-,-
'11,AYOUB  ZIANI,PANDORABOX,2023-03-21 09:29:53,None,pointeuse_Door1_Entrance Card Reader1,-,Original Records,-,-,-
'11,AYOUB  ZIANI,PANDORABOX,2023-03-21 14:49:26,None,pointeuse_Door1_Entrance Card Reader1,-,Original Records,-,-,-
'11,AYOUB  ZIANI,PANDORABOX,2023-03-21 18:14:39,None,pointeuse_Door1_Entrance Card Reader1,-,Original Records,-,-,-
'11,AYOUB  ZIANI,PANDORABOX,2023-03-22 09:39:27,None,pointeuse_Door1_Entrance Card Reader1,-,Original Records,-,-,-
'11,AYOUB  ZIANI,PANDORABOX,2023-03-22 12:50:59,None,pointeuse_Door1_Entrance Card Reader1,-,Original Records,-,-,-
'11,AYOUB  ZIANI,PANDORABOX,2023-03-22 14:33:35,None,pointeuse_Door1_Entrance Card Reader1,-,Original Records,-,-,-
'11,AYOUB  ZIANI,PANDORABOX,2023-03-22 18:38:44,None,pointeuse_Door1_Entrance Card Reader1,-,Original Records,-,-,-
'11,AYOUB  ZIANI,PANDORABOX,2023-03-23 09:18:39,None,pointeuse_Door1_Entrance Card Reader1,-,Original Records,-,-,-
'11,AYOUB  ZIANI,PANDORABOX,2023-03-23 16:06:08,None,pointeuse_Door1_Entrance Card Reader1,-,Original Records,-,-,-
'14,ASMAE BENAMAR,PANDORABOX,2023-02-23 18:05:06,None,pointeuse_Door1_Entrance Card Reader1,-,Original Records,-,-,-
'14,ASMAE BENAMAR,PANDORABOX,2023-02-23 18:05:07,None,pointeuse_Door1_Entrance Card Reader1,-,Original Records,-,-,-
'14,ASMAE BENAMAR,PANDORABOX,2023-02-25 16:43:09,None,pointeuse_Door1_Entrance Card Reader1,-,Original Records,-,-,-
'14,ASMAE BENAMAR,PANDORABOX,2023-03-04 14:03:41,None,pointeuse_Door1_Entrance Card Reader1,-,Original Records,-,-,-
'14,ASMAE BENAMAR,PANDORABOX,2023-03-04 14:03:52,None,pointeuse_Door1_Entrance Card Reader1,-,Original Records,-,-,-
'14,ASMAE BENAMAR,PANDORABOX,2023-03-04 14:04:14,None,pointeuse_Door1_Entrance Card Reader1,-,Original Records,-,-,-
'14,ASMAE BENAMAR,PANDORABOX,2023-03-07 17:50:02,None,pointeuse_Door1_Entrance Card Reader1,-,Original Records,-,-,-
'14,ASMAE BENAMAR,PANDORABOX,2023-03-09 17:57:33,None,pointeuse_Door1_Entrance Card Reader1,-,Original Records,-,-,-
'14,ASMAE BENAMAR,PANDORABOX,2023-03-14 18:14:20,None,pointeuse_Door1_Entrance Card Reader1,-,Original Records,-,-,-
'14,ASMAE BENAMAR,PANDORABOX,2023-03-16 18:03:32,None,pointeuse_Door1_Entrance Card Reader1,-,Original Records,-,-,-
'14,ASMAE BENAMAR,PANDORABOX,2023-03-16 18:03:37,None,pointeuse_Door1_Entrance Card Reader1,-,Original Records,-,-,-
'14,ASMAE BENAMAR,PANDORABOX,2023-03-19 15:00:42,None,pointeuse_Door1_Entrance Card Reader1,-,Original Records,-,-,-
'14,ASMAE BENAMAR,PANDORABOX,2023-03-21 18:07:34,None,pointeuse_Door1_Entrance Card Reader1,-,Original Records,-,-,-
'15,SOUFIAN TAIEBOUNE,PANDORABOX,2023-03-06 09:52:20,None,pointeuse_Door1_Entrance Card Reader1,-,Original Records,-,-,-
'15,SOUFIAN TAIEBOUNE,PANDORABOX,2023-03-06 10:50:04,None,pointeuse_Door1_Entrance Card Reader1,-,Original Records,-,-,-
'15,SOUFIAN TAIEBOUNE,PANDORABOX,2023-03-06 15:03:53,None,pointeuse_Door1_Entrance Card Reader1,-,Original Records,-,-,-
'15,SOUFIAN TAIEBOUNE,PANDORABOX,2023-03-07 12:11:38,None,pointeuse_Door1_Entrance Card Reader1,-,Original Records,-,-,-
'15,SOUFIAN TAIEBOUNE,PANDORABOX,2023-03-07 17:00:24,None,pointeuse_Door1_Entrance Card Reader1,-,Original Records,-,-,-
'15,SOUFIAN TAIEBOUNE,PANDORABOX,2023-03-07 17:00:31,None,pointeuse_Door1_Entrance Card Reader1,-,Original Records,-,-,-
'15,SOUFIAN TAIEBOUNE,PANDORABOX,2023-03-13 12:39:48,None,pointeuse_Door1_Entrance Card Reader1,-,Original Records,-,-,-
'15,SOUFIAN TAIEBOUNE,PANDORABOX,2023-03-13 14:05:31,None,pointeuse_Door1_Entrance Card Reader1,-,Original Records,-,-,-
'15,SOUFIAN TAIEBOUNE,PANDORABOX,2023-03-20 10:03:44,None,pointeuse_Door1_Entrance Card Reader1,-,Original Records,-,-,-
'15,SOUFIAN TAIEBOUNE,PANDORABOX,2023-03-20 15:31:36,None,pointeuse_Door1_Entrance Card Reader1,-,Original Records,-,-,-
'15,SOUFIAN TAIEBOUNE,PANDORABOX,2023-03-21 09:57:54,None,pointeuse_Door1_Entrance Card Reader1,-,Original Records,-,-,-
'15,SOUFIAN TAIEBOUNE,PANDORABOX,2023-03-21 15:19:07,None,pointeuse_Door1_Entrance Card Reader1,-,Original Records,-,-,-
'22,FIRDAOUSS HARMOUCH,PANDORABOX,2023-02-23 09:18:37,None,pointeuse_Door1_Entrance Card Reader1,-,Original Records,-,-,-
'22,FIRDAOUSS HARMOUCH,PANDORABOX,2023-02-23 13:34:40,None,pointeuse_Door1_Entrance Card Reader1,-,Original Records,-,-,-
'22,FIRDAOUSS HARMOUCH,PANDORABOX,2023-02-23 14:37:36,None,pointeuse_Door1_Entrance Card Reader1,-,Original Records,-,-,-
'22,FIRDAOUSS HARMOUCH,PANDORABOX,2023-02-23 18:48:55,None,pointeuse_Door1_Entrance Card Reader1,-,Original Records,-,-,-
'22,FIRDAOUSS HARMOUCH,PANDORABOX,2023-02-24 09:15:54,None,pointeuse_Door1_Entrance Card Reader1,-,Original Records,-,-,-
'22,FIRDAOUSS HARMOUCH,PANDORABOX,2023-02-24 13:10:52,None,pointeuse_Door1_Entrance Card Reader1,-,Original Records,-,-,-
'22,FIRDAOUSS HARMOUCH,PANDORABOX,2023-02-24 14:01:17,None,pointeuse_Door1_Entrance Card Reader1,-,Original Records,-,-,-
'22,FIRDAOUSS HARMOUCH,PANDORABOX,2023-02-27 09:24:51,None,pointeuse_Door1_Entrance Card Reader1,-,Original Records,-,-,-
'22,FIRDAOUSS HARMOUCH,PANDORABOX,2023-02-27 14:01:56,None,pointeuse_Door1_Entrance Card Reader1,-,Original Records,-,-,-
'22,FIRDAOUSS HARMOUCH,PANDORABOX,2023-02-27 15:00:42,None,pointeuse_Door1_Entrance Card Reader1,-,Original Records,-,-,-
'22,FIRDAOUSS HARMOUCH,PANDORABOX,2023-02-27 19:14:36,None,pointeuse_Door1_Entrance Card Reader1,-,Original Records,-,-,-
'22,FIRDAOUSS HARMOUCH,PANDORABOX,2023-02-28 09:21:12,None,pointeuse_Door1_Entrance Card Reader1,-,Original Records,-,-,-
'22,FIRDAOUSS HARMOUCH,PANDORABOX,2023-02-28 18:51:44,None,pointeuse_Door1_Entrance Card Reader1,-,Original Records,-,-,-
'22,FIRDAOUSS HARMOUCH,PANDORABOX,2023-02-28 19:07:40,None,pointeuse_Door1_Entrance Card Reader1,-,Original Records,-,-,-
'22,FIRDAOUSS HARMOUCH,PANDORABOX,2023-02-28 19:07:42,None,pointeuse_Door1_Entrance Card Reader1,-,Original Records,-,-,-
'22,FIRDAOUSS HARMOUCH,PANDORABOX,2023-03-01 09:20:21,None,pointeuse_Door1_Entrance Card Reader1,-,Original Records,-,-,-
'22,FIRDAOUSS HARMOUCH,PANDORABOX,2023-03-01 13:09:14,None,pointeuse_Door1_Entrance Card Reader1,-,Original Records,-,-,-
'22,FIRDAOUSS HARMOUCH,PANDORABOX,2023-03-01 14:12:43,None,pointeuse_Door1_Entrance Card Reader1,-,Original Records,-,-,-
'22,FIRDAOUSS HARMOUCH,PANDORABOX,2023-03-01 18:36:44,None,pointeuse_Door1_Entrance Card Reader1,-,Original Records,-,-,-
'22,FIRDAOUSS HARMOUCH,PANDORABOX,2023-03-02 09:39:28,None,pointeuse_Door1_Entrance Card Reader1,-,Original Records,-,-,-
'22,FIRDAOUSS HARMOUCH,PANDORABOX,2023-03-02 13:49:44,None,pointeuse_Door1_Entrance Card Reader1,-,Original Records,-,-,-
'22,FIRDAOUSS HARMOUCH,PANDORABOX,2023-03-02 14:33:58,None,pointeuse_Door1_Entrance Card Reader1,-,Original Records,-,-,-
'22,FIRDAOUSS HARMOUCH,PANDORABOX,2023-03-02 18:41:11,None,pointeuse_Door1_Entrance Card Reader1,-,Original Records,-,-,-
'22,FIRDAOUSS HARMOUCH,PANDORABOX,2023-03-03 09:30:51,None,pointeuse_Door1_Entrance Card Reader1,-,Original Records,-,-,-
'22,FIRDAOUSS HARMOUCH,PANDORABOX,2023-03-03 13:29:16,None,pointeuse_Door1_Entrance Card Reader1,-,Original Records,-,-,-
'22,FIRDAOUSS HARMOUCH,PANDORABOX,2023-03-03 14:36:38,None,pointeuse_Door1_Entrance Card Reader1,-,Original Records,-,-,-
'22,FIRDAOUSS HARMOUCH,PANDORABOX,2023-03-03 19:49:42,None,pointeuse_Door1_Entrance Card Reader1,-,Original Records,-,-,-
'22,FIRDAOUSS HARMOUCH,PANDORABOX,2023-03-06 09:21:06,None,pointeuse_Door1_Entrance Card Reader1,-,Original Records,-,-,-
'22,FIRDAOUSS HARMOUCH,PANDORABOX,2023-03-06 13:46:15,None,pointeuse_Door1_Entrance Card Reader1,-,Original Records,-,-,-
'22,FIRDAOUSS HARMOUCH,PANDORABOX,2023-03-06 14:42:24,None,pointeuse_Door1_Entrance Card Reader1,-,Original Records,-,-,-
'22,FIRDAOUSS HARMOUCH,PANDORABOX,2023-03-06 18:25:37,None,pointeuse_Door1_Entrance Card Reader1,-,Original Records,-,-,-
'22,FIRDAOUSS HARMOUCH,PANDORABOX,2023-03-07 09:24:22,None,pointeuse_Door1_Entrance Card Reader1,-,Original Records,-,-,-
'22,FIRDAOUSS HARMOUCH,PANDORABOX,2023-03-07 14:09:59,None,pointeuse_Door1_Entrance Card Reader1,-,Original Records,-,-,-
'22,FIRDAOUSS HARMOUCH,PANDORABOX,2023-03-07 14:59:21,None,pointeuse_Door1_Entrance Card Reader1,-,Original Records,-,-,-
'22,FIRDAOUSS HARMOUCH,PANDORABOX,2023-03-07 18:07:05,None,pointeuse_Door1_Entrance Card Reader1,-,Original Records,-,-,-
'22,FIRDAOUSS HARMOUCH,PANDORABOX,2023-03-08 09:18:22,None,pointeuse_Door1_Entrance Card Reader1,-,Original Records,-,-,-
'22,FIRDAOUSS HARMOUCH,PANDORABOX,2023-03-08 13:25:51,None,pointeuse_Door1_Entrance Card Reader1,-,Original Records,-,-,-
'22,FIRDAOUSS HARMOUCH,PANDORABOX,2023-03-08 14:32:14,None,pointeuse_Door1_Entrance Card Reader1,-,Original Records,-,-,-
'22,FIRDAOUSS HARMOUCH,PANDORABOX,2023-03-08 19:01:56,None,pointeuse_Door1_Entrance Card Reader1,-,Original Records,-,-,-
'22,FIRDAOUSS HARMOUCH,PANDORABOX,2023-03-09 09:12:31,None,pointeuse_Door1_Entrance Card Reader1,-,Original Records,-,-,-
'22,FIRDAOUSS HARMOUCH,PANDORABOX,2023-03-09 13:45:44,None,pointeuse_Door1_Entrance Card Reader1,-,Original Records,-,-,-
'22,FIRDAOUSS HARMOUCH,PANDORABOX,2023-03-09 14:43:16,None,pointeuse_Door1_Entrance Card Reader1,-,Original Records,-,-,-
'22,FIRDAOUSS HARMOUCH,PANDORABOX,2023-03-09 18:30:53,None,pointeuse_Door1_Entrance Card Reader1,-,Original Records,-,-,-
'22,FIRDAOUSS HARMOUCH,PANDORABOX,2023-03-10 09:20:39,None,pointeuse_Door1_Entrance Card Reader1,-,Original Records,-,-,-
'22,FIRDAOUSS HARMOUCH,PANDORABOX,2023-03-10 13:26:30,None,pointeuse_Door1_Entrance Card Reader1,-,Original Records,-,-,-
'22,FIRDAOUSS HARMOUCH,PANDORABOX,2023-03-10 14:27:20,None,pointeuse_Door1_Entrance Card Reader1,-,Original Records,-,-,-
'22,FIRDAOUSS HARMOUCH,PANDORABOX,2023-03-10 18:28:55,None,pointeuse_Door1_Entrance Card Reader1,-,Original Records,-,-,-
'22,FIRDAOUSS HARMOUCH,PANDORABOX,2023-03-14 09:01:02,None,pointeuse_Door1_Entrance Card Reader1,-,Original Records,-,-,-
'22,FIRDAOUSS HARMOUCH,PANDORABOX,2023-03-14 13:25:05,None,pointeuse_Door1_Entrance Card Reader1,-,Original Records,-,-,-
'22,FIRDAOUSS HARMOUCH,PANDORABOX,2023-03-14 14:25:34,None,pointeuse_Door1_Entrance Card Reader1,-,Original Records,-,-,-
'22,FIRDAOUSS HARMOUCH,PANDORABOX,2023-03-14 18:13:02,None,pointeuse_Door1_Entrance Card Reader1,-,Original Records,-,-,-
'22,FIRDAOUSS HARMOUCH,PANDORABOX,2023-03-15 09:11:24,None,pointeuse_Door1_Entrance Card Reader1,-,Original Records,-,-,-
'22,FIRDAOUSS HARMOUCH,PANDORABOX,2023-03-15 12:57:31,None,pointeuse_Door1_Entrance Card Reader1,-,Original Records,-,-,-
'22,FIRDAOUSS HARMOUCH,PANDORABOX,2023-03-15 14:00:50,None,pointeuse_Door1_Entrance Card Reader1,-,Original Records,-,-,-
'22,FIRDAOUSS HARMOUCH,PANDORABOX,2023-03-15 18:08:12,None,pointeuse_Door1_Entrance Card Reader1,-,Original Records,-,-,-
'22,FIRDAOUSS HARMOUCH,PANDORABOX,2023-03-16 09:14:05,None,pointeuse_Door1_Entrance Card Reader1,-,Original Records,-,-,-
'22,FIRDAOUSS HARMOUCH,PANDORABOX,2023-03-16 13:24:54,None,pointeuse_Door1_Entrance Card Reader1,-,Original Records,-,-,-
'22,FIRDAOUSS HARMOUCH,PANDORABOX,2023-03-16 14:19:21,None,pointeuse_Door1_Entrance Card Reader1,-,Original Records,-,-,-
'22,FIRDAOUSS HARMOUCH,PANDORABOX,2023-03-16 18:14:02,None,pointeuse_Door1_Entrance Card Reader1,-,Original Records,-,-,-
'22,FIRDAOUSS HARMOUCH,PANDORABOX,2023-03-17 09:44:19,None,pointeuse_Door1_Entrance Card Reader1,-,Original Records,-,-,-
'22,FIRDAOUSS HARMOUCH,PANDORABOX,2023-03-17 13:37:11,None,pointeuse_Door1_Entrance Card Reader1,-,Original Records,-,-,-
'22,FIRDAOUSS HARMOUCH,PANDORABOX,2023-03-17 14:32:28,None,pointeuse_Door1_Entrance Card Reader1,-,Original Records,-,-,-
'22,FIRDAOUSS HARMOUCH,PANDORABOX,2023-03-17 18:35:33,None,pointeuse_Door1_Entrance Card Reader1,-,Original Records,-,-,-
'22,FIRDAOUSS HARMOUCH,PANDORABOX,2023-03-20 10:10:58,None,pointeuse_Door1_Entrance Card Reader1,-,Original Records,-,-,-
'22,FIRDAOUSS HARMOUCH,PANDORABOX,2023-03-20 13:05:12,None,pointeuse_Door1_Entrance Card Reader1,-,Original Records,-,-,-
'22,FIRDAOUSS HARMOUCH,PANDORABOX,2023-03-20 14:04:13,None,pointeuse_Door1_Entrance Card Reader1,-,Original Records,-,-,-
'22,FIRDAOUSS HARMOUCH,PANDORABOX,2023-03-20 18:35:31,None,pointeuse_Door1_Entrance Card Reader1,-,Original Records,-,-,-
'22,FIRDAOUSS HARMOUCH,PANDORABOX,2023-03-21 09:17:55,None,pointeuse_Door1_Entrance Card Reader1,-,Original Records,-,-,-
'22,FIRDAOUSS HARMOUCH,PANDORABOX,2023-03-21 13:02:04,None,pointeuse_Door1_Entrance Card Reader1,-,Original Records,-,-,-
'22,FIRDAOUSS HARMOUCH,PANDORABOX,2023-03-21 13:55:19,None,pointeuse_Door1_Entrance Card Reader1,-,Original Records,-,-,-
'22,FIRDAOUSS HARMOUCH,PANDORABOX,2023-03-21 18:09:13,None,pointeuse_Door1_Entrance Card Reader1,-,Original Records,-,-,-
'22,FIRDAOUSS HARMOUCH,PANDORABOX,2023-03-22 08:59:37,None,pointeuse_Door1_Entrance Card Reader1,-,Original Records,-,-,-
'22,FIRDAOUSS HARMOUCH,PANDORABOX,2023-03-22 12:52:08,None,pointeuse_Door1_Entrance Card Reader1,-,Original Records,-,-,-
'22,FIRDAOUSS HARMOUCH,PANDORABOX,2023-03-22 14:33:39,None,pointeuse_Door1_Entrance Card Reader1,-,Original Records,-,-,-
'22,FIRDAOUSS HARMOUCH,PANDORABOX,2023-03-22 18:34:00,None,pointeuse_Door1_Entrance Card Reader1,-,Original Records,-,-,-
'22,FIRDAOUSS HARMOUCH,PANDORABOX,2023-03-23 09:28:22,None,pointeuse_Door1_Entrance Card Reader1,-,Original Records,-,-,-
'22,FIRDAOUSS HARMOUCH,PANDORABOX,2023-03-23 16:15:58,None,pointeuse_Door1_Entrance Card Reader1,-,Original Records,-,-,-
