Person ID,Name,Department,Time,Attendance Status,Attendance Check Point,Custom Name,Data Source,Handling Type,Temperature,Abnormal
'1,AHMED MACHT,PANDORABOX,2023-04-25 09:13:45,None,pointeuse_Door1_Entrance Card Reader1,-,Original Records,-,-,-
'1,AHMED MACHT,PANDORABOX,2023-04-25 13:19:32,None,pointeuse_Door1_Entrance Card Reader1,-,Original Records,-,-,-
'1,AHMED MACHT,PANDORABOX,2023-04-25 14:48:52,None,pointeuse_Door1_Entrance Card Reader1,-,Original Records,-,-,-
'1,AHMED MACHT,PANDORABOX,2023-04-25 18:51:11,None,pointeuse_Door1_Entrance Card Reader1,-,Original Records,-,-,-
'1,AHMED MACHT,PANDORABOX,2023-04-26 09:29:08,None,pointeuse_Door1_Entrance Card Reader1,-,Original Records,-,-,-
'1,AHMED MACHT,PANDORABOX,2023-04-26 12:46:57,None,pointeuse_Door1_Entrance Card Reader1,-,Original Records,-,-,-
'1,AHMED MACHT,PANDORABOX,2023-04-26 13:51:53,None,pointeuse_Door1_Entrance Card Reader1,-,Original Records,-,-,-
'1,AHMED MACHT,PANDORABOX,2023-04-26 18:14:14,None,pointeuse_Door1_Entrance Card Reader1,-,Original Records,-,-,-
'1,AHMED MACHT,PANDORABOX,2023-04-27 09:38:15,None,pointeuse_Door1_Entrance Card Reader1,-,Original Records,-,-,-
'1,AHMED MACHT,PANDORABOX,2023-04-27 14:33:12,None,pointeuse_Door1_Entrance Card Reader1,-,Original Records,-,-,-
'1,AHMED MACHT,PANDORABOX,2023-04-27 15:29:19,None,pointeuse_Door1_Entrance Card Reader1,-,Original Records,-,-,-
'1,AHMED MACHT,PANDORABOX,2023-04-27 18:52:04,None,pointeuse_Door1_Entrance Card Reader1,-,Original Records,-,-,-
'1,AHMED MACHT,PANDORABOX,2023-04-28 09:21:59,None,pointeuse_Door1_Entrance Card Reader1,-,Original Records,-,-,-
'1,AHMED MACHT,PANDORABOX,2023-04-28 14:09:29,None,pointeuse_Door1_Entrance Card Reader1,-,Original Records,-,-,-
'1,AHMED MACHT,PANDORABOX,2023-04-28 15:19:12,None,pointeuse_Door1_Entrance Card Reader1,-,Original Records,-,-,-
'1,AHMED MACHT,PANDORABOX,2023-04-28 18:34:20,None,pointeuse_Door1_Entrance Card Reader1,-,Original Records,-,-,-
'1,AHMED MACHT,PANDORABOX,2023-05-02 09:31:02,None,pointeuse_Door1_Entrance Card Reader1,-,Original Records,-,-,-
'1,AHMED MACHT,PANDORABOX,2023-05-02 14:03:49,None,pointeuse_Door1_Entrance Card Reader1,-,Original Records,-,-,-
'1,AHMED MACHT,PANDORABOX,2023-05-02 15:04:44,None,pointeuse_Door1_Entrance Card Reader1,-,Original Records,-,-,-
'1,AHMED MACHT,PANDORABOX,2023-05-02 18:27:59,None,pointeuse_Door1_Entrance Card Reader1,-,Original Records,-,-,-
'1,AHMED MACHT,PANDORABOX,2023-05-03 09:47:39,None,pointeuse_Door1_Entrance Card Reader1,-,Original Records,-,-,-
'1,AHMED MACHT,PANDORABOX,2023-05-03 14:00:55,None,pointeuse_Door1_Entrance Card Reader1,-,Original Records,-,-,-
'1,AHMED MACHT,PANDORABOX,2023-05-03 15:00:04,None,pointeuse_Door1_Entrance Card Reader1,-,Original Records,-,-,-
'1,AHMED MACHT,PANDORABOX,2023-05-03 18:47:55,None,pointeuse_Door1_Entrance Card Reader1,-,Original Records,-,-,-
'1,AHMED MACHT,PANDORABOX,2023-05-04 09:44:08,None,pointeuse_Door1_Entrance Card Reader1,-,Original Records,-,-,-
'1,AHMED MACHT,PANDORABOX,2023-05-04 13:44:42,None,pointeuse_Door1_Entrance Card Reader1,-,Original Records,-,-,-
'1,AHMED MACHT,PANDORABOX,2023-05-04 14:50:18,None,pointeuse_Door1_Entrance Card Reader1,-,Original Records,-,-,-
'1,AHMED MACHT,PANDORABOX,2023-05-04 19:14:30,None,pointeuse_Door1_Entrance Card Reader1,-,Original Records,-,-,-
'1,AHMED MACHT,PANDORABOX,2023-05-05 09:28:42,None,pointeuse_Door1_Entrance Card Reader1,-,Original Records,-,-,-
'1,AHMED MACHT,PANDORABOX,2023-05-05 14:05:41,None,pointeuse_Door1_Entrance Card Reader1,-,Original Records,-,-,-
'1,AHMED MACHT,PANDORABOX,2023-05-05 15:00:26,None,pointeuse_Door1_Entrance Card Reader1,-,Original Records,-,-,-
'1,AHMED MACHT,PANDORABOX,2023-05-05 18:56:39,None,pointeuse_Door1_Entrance Card Reader1,-,Original Records,-,-,-
'1,AHMED MACHT,PANDORABOX,2023-05-06 09:36:45,None,pointeuse_Door1_Entrance Card Reader1,-,Original Records,-,-,-
'1,AHMED MACHT,PANDORABOX,2023-05-06 11:08:25,None,pointeuse_Door1_Entrance Card Reader1,-,Original Records,-,-,-
'1,AHMED MACHT,PANDORABOX,2023-05-06 11:16:15,None,pointeuse_Door1_Entrance Card Reader1,-,Original Records,-,-,-
'1,AHMED MACHT,PANDORABOX,2023-05-06 14:31:55,None,pointeuse_Door1_Entrance Card Reader1,-,Original Records,-,-,-
'1,AHMED MACHT,PANDORABOX,2023-05-06 15:08:34,None,pointeuse_Door1_Entrance Card Reader1,-,Original Records,-,-,-
'1,AHMED MACHT,PANDORABOX,2023-05-06 18:25:01,None,pointeuse_Door1_Entrance Card Reader1,-,Original Records,-,-,-
'1,AHMED MACHT,PANDORABOX,2023-05-08 09:37:35,None,pointeuse_Door1_Entrance Card Reader1,-,Original Records,-,-,-
'1,AHMED MACHT,PANDORABOX,2023-05-08 14:17:44,None,pointeuse_Door1_Entrance Card Reader1,-,Original Records,-,-,-
'1,AHMED MACHT,PANDORABOX,2023-05-08 18:26:55,None,pointeuse_Door1_Entrance Card Reader1,-,Original Records,-,-,-
'1,AHMED MACHT,PANDORABOX,2023-05-09 09:26:01,None,pointeuse_Door1_Entrance Card Reader1,-,Original Records,-,-,-
'1,AHMED MACHT,PANDORABOX,2023-05-09 10:24:39,None,pointeuse_Door1_Entrance Card Reader1,-,Original Records,-,-,-
'1,AHMED MACHT,PANDORABOX,2023-05-09 10:41:00,None,pointeuse_Door1_Entrance Card Reader1,-,Original Records,-,-,-
'1,AHMED MACHT,PANDORABOX,2023-05-09 13:25:26,None,pointeuse_Door1_Entrance Card Reader1,-,Original Records,-,-,-
'1,AHMED MACHT,PANDORABOX,2023-05-09 14:22:48,None,pointeuse_Door1_Entrance Card Reader1,-,Original Records,-,-,-
'1,AHMED MACHT,PANDORABOX,2023-05-09 18:16:40,None,pointeuse_Door1_Entrance Card Reader1,-,Original Records,-,-,-
'1,AHMED MACHT,PANDORABOX,2023-05-10 09:42:32,None,pointeuse_Door1_Entrance Card Reader1,-,Original Records,-,-,-
'1,AHMED MACHT,PANDORABOX,2023-05-10 13:32:06,None,pointeuse_Door1_Entrance Card Reader1,-,Original Records,-,-,-
'1,AHMED MACHT,PANDORABOX,2023-05-10 14:45:32,None,pointeuse_Door1_Entrance Card Reader1,-,Original Records,-,-,-
'1,AHMED MACHT,PANDORABOX,2023-05-10 18:21:35,None,pointeuse_Door1_Entrance Card Reader1,-,Original Records,-,-,-
'1,AHMED MACHT,PANDORABOX,2023-05-11 09:42:06,None,pointeuse_Door1_Entrance Card Reader1,-,Original Records,-,-,-
'1,AHMED MACHT,PANDORABOX,2023-05-11 14:13:43,None,pointeuse_Door1_Entrance Card Reader1,-,Original Records,-,-,-
'1,AHMED MACHT,PANDORABOX,2023-05-11 18:32:39,None,pointeuse_Door1_Entrance Card Reader1,-,Original Records,-,-,-
'1,AHMED MACHT,PANDORABOX,2023-05-12 09:50:35,None,pointeuse_Door1_Entrance Card Reader1,-,Original Records,-,-,-
'1,AHMED MACHT,PANDORABOX,2023-05-12 14:10:31,None,pointeuse_Door1_Entrance Card Reader1,-,Original Records,-,-,-
'1,AHMED MACHT,PANDORABOX,2023-05-12 14:39:55,None,pointeuse_Door1_Entrance Card Reader1,-,Original Records,-,-,-
'1,AHMED MACHT,PANDORABOX,2023-05-12 18:43:41,None,pointeuse_Door1_Entrance Card Reader1,-,Original Records,-,-,-
'1,AHMED MACHT,PANDORABOX,2023-05-15 10:10:22,None,pointeuse_Door1_Entrance Card Reader1,-,Original Records,-,-,-
'1,AHMED MACHT,PANDORABOX,2023-05-15 13:10:24,None,pointeuse_Door1_Entrance Card Reader1,-,Original Records,-,-,-
'1,AHMED MACHT,PANDORABOX,2023-05-15 14:16:46,None,pointeuse_Door1_Entrance Card Reader1,-,Original Records,-,-,-
'1,AHMED MACHT,PANDORABOX,2023-05-15 19:08:03,None,pointeuse_Door1_Entrance Card Reader1,-,Original Records,-,-,-
'1,AHMED MACHT,PANDORABOX,2023-05-16 09:45:15,None,pointeuse_Door1_Entrance Card Reader1,-,Original Records,-,-,-
'1,AHMED MACHT,PANDORABOX,2023-05-16 13:10:56,None,pointeuse_Door1_Entrance Card Reader1,-,Original Records,-,-,-
'1,AHMED MACHT,PANDORABOX,2023-05-16 14:28:00,None,pointeuse_Door1_Entrance Card Reader1,-,Original Records,-,-,-
'1,AHMED MACHT,PANDORABOX,2023-05-16 18:33:45,None,pointeuse_Door1_Entrance Card Reader1,-,Original Records,-,-,-
'1,AHMED MACHT,PANDORABOX,2023-05-17 09:45:46,None,pointeuse_Door1_Entrance Card Reader1,-,Original Records,-,-,-
'1,AHMED MACHT,PANDORABOX,2023-05-17 13:57:04,None,pointeuse_Door1_Entrance Card Reader1,-,Original Records,-,-,-
'1,AHMED MACHT,PANDORABOX,2023-05-17 15:32:22,None,pointeuse_Door1_Entrance Card Reader1,-,Original Records,-,-,-
'1,AHMED MACHT,PANDORABOX,2023-05-17 18:44:11,None,pointeuse_Door1_Entrance Card Reader1,-,Original Records,-,-,-
'1,AHMED MACHT,PANDORABOX,2023-05-18 09:48:15,None,pointeuse_Door1_Entrance Card Reader1,-,Original Records,-,-,-
'1,AHMED MACHT,PANDORABOX,2023-05-18 13:28:21,None,pointeuse_Door1_Entrance Card Reader1,-,Original Records,-,-,-
'1,AHMED MACHT,PANDORABOX,2023-05-18 14:57:55,None,pointeuse_Door1_Entrance Card Reader1,-,Original Records,-,-,-
'1,AHMED MACHT,PANDORABOX,2023-05-18 18:42:24,None,pointeuse_Door1_Entrance Card Reader1,-,Original Records,-,-,-
'1,AHMED MACHT,PANDORABOX,2023-05-19 09:44:52,None,pointeuse_Door1_Entrance Card Reader1,-,Original Records,-,-,-
'1,AHMED MACHT,PANDORABOX,2023-05-19 10:50:51,None,pointeuse_Door1_Entrance Card Reader1,-,Original Records,-,-,-
'1,AHMED MACHT,PANDORABOX,2023-05-19 11:06:37,None,pointeuse_Door1_Entrance Card Reader1,-,Original Records,-,-,-
'1,AHMED MACHT,PANDORABOX,2023-05-19 14:03:24,None,pointeuse_Door1_Entrance Card Reader1,-,Original Records,-,-,-
'1,AHMED MACHT,PANDORABOX,2023-05-19 15:04:08,None,pointeuse_Door1_Entrance Card Reader1,-,Original Records,-,-,-
'1,AHMED MACHT,PANDORABOX,2023-05-20 10:39:35,None,pointeuse_Door1_Entrance Card Reader1,-,Original Records,-,-,-
'1,AHMED MACHT,PANDORABOX,2023-05-20 11:29:25,None,pointeuse_Door1_Entrance Card Reader1,-,Original Records,-,-,-
'1,AHMED MACHT,PANDORABOX,2023-05-20 11:44:38,None,pointeuse_Door1_Entrance Card Reader1,-,Original Records,-,-,-
'1,AHMED MACHT,PANDORABOX,2023-05-20 14:22:29,None,pointeuse_Door1_Entrance Card Reader1,-,Original Records,-,-,-
'1,AHMED MACHT,PANDORABOX,2023-05-20 14:53:13,None,pointeuse_Door1_Entrance Card Reader1,-,Original Records,-,-,-
'1,AHMED MACHT,PANDORABOX,2023-05-20 17:31:29,None,pointeuse_Door1_Entrance Card Reader1,-,Original Records,-,-,-
'1,AHMED MACHT,PANDORABOX,2023-05-22 09:34:01,None,pointeuse_Door1_Entrance Card Reader1,-,Original Records,-,-,-
'1,AHMED MACHT,PANDORABOX,2023-05-22 14:09:28,None,pointeuse_Door1_Entrance Card Reader1,-,Original Records,-,-,-
'1,AHMED MACHT,PANDORABOX,2023-05-22 15:26:10,None,pointeuse_Door1_Entrance Card Reader1,-,Original Records,-,-,-
'1,AHMED MACHT,PANDORABOX,2023-05-22 18:32:29,None,pointeuse_Door1_Entrance Card Reader1,-,Original Records,-,-,-
'1,AHMED MACHT,PANDORABOX,2023-05-23 09:45:38,None,pointeuse_Door1_Entrance Card Reader1,-,Original Records,-,-,-
'1,AHMED MACHT,PANDORABOX,2023-05-23 13:19:41,None,pointeuse_Door1_Entrance Card Reader1,-,Original Records,-,-,-
'1,AHMED MACHT,PANDORABOX,2023-05-23 14:07:10,None,pointeuse_Door1_Entrance Card Reader1,-,Original Records,-,-,-
'1,AHMED MACHT,PANDORABOX,2023-05-23 18:39:41,None,pointeuse_Door1_Entrance Card Reader1,-,Original Records,-,-,-
'1,AHMED MACHT,PANDORABOX,2023-05-24 09:30:18,None,pointeuse_Door1_Entrance Card Reader1,-,Original Records,-,-,-
'1,AHMED MACHT,PANDORABOX,2023-05-24 10:43:07,None,pointeuse_Door1_Entrance Card Reader1,-,Original Records,-,-,-
'1,AHMED MACHT,PANDORABOX,2023-05-24 10:56:13,None,pointeuse_Door1_Entrance Card Reader1,-,Original Records,-,-,-
'1,AHMED MACHT,PANDORABOX,2023-05-24 13:36:31,None,pointeuse_Door1_Entrance Card Reader1,-,Original Records,-,-,-
'1,AHMED MACHT,PANDORABOX,2023-05-24 14:32:01,None,pointeuse_Door1_Entrance Card Reader1,-,Original Records,-,-,-
'1,AHMED MACHT,PANDORABOX,2023-05-24 18:30:51,None,pointeuse_Door1_Entrance Card Reader1,-,Original Records,-,-,-
'3,CHAIMAE BENJELLOUN,PANDORABOX,2023-04-25 08:19:34,None,pointeuse_Door1_Entrance Card Reader1,-,Original Records,-,-,-
'3,CHAIMAE BENJELLOUN,PANDORABOX,2023-04-25 13:20:44,None,pointeuse_Door1_Entrance Card Reader1,-,Original Records,-,-,-
'3,CHAIMAE BENJELLOUN,PANDORABOX,2023-04-25 14:38:25,None,pointeuse_Door1_Entrance Card Reader1,-,Original Records,-,-,-
'3,CHAIMAE BENJELLOUN,PANDORABOX,2023-04-25 18:07:16,None,pointeuse_Door1_Entrance Card Reader1,-,Original Records,-,-,-
'3,CHAIMAE BENJELLOUN,PANDORABOX,2023-04-26 09:38:21,None,pointeuse_Door1_Entrance Card Reader1,-,Original Records,-,-,-
'3,CHAIMAE BENJELLOUN,PANDORABOX,2023-04-26 16:03:53,None,pointeuse_Door1_Entrance Card Reader1,-,Original Records,-,-,-
'3,CHAIMAE BENJELLOUN,PANDORABOX,2023-04-26 18:52:10,None,pointeuse_Door1_Entrance Card Reader1,-,Original Records,-,-,-
'3,CHAIMAE BENJELLOUN,PANDORABOX,2023-04-27 09:36:22,None,pointeuse_Door1_Entrance Card Reader1,-,Original Records,-,-,-
'3,CHAIMAE BENJELLOUN,PANDORABOX,2023-04-27 13:18:15,None,pointeuse_Door1_Entrance Card Reader1,-,Original Records,-,-,-
'3,CHAIMAE BENJELLOUN,PANDORABOX,2023-04-27 14:34:23,None,pointeuse_Door1_Entrance Card Reader1,-,Original Records,-,-,-
'3,CHAIMAE BENJELLOUN,PANDORABOX,2023-04-27 18:02:19,None,pointeuse_Door1_Entrance Card Reader1,-,Original Records,-,-,-
'3,CHAIMAE BENJELLOUN,PANDORABOX,2023-04-28 09:48:00,None,pointeuse_Door1_Entrance Card Reader1,-,Original Records,-,-,-
'3,CHAIMAE BENJELLOUN,PANDORABOX,2023-04-28 15:01:07,None,pointeuse_Door1_Entrance Card Reader1,-,Original Records,-,-,-
'3,CHAIMAE BENJELLOUN,PANDORABOX,2023-04-28 19:08:19,None,pointeuse_Door1_Entrance Card Reader1,-,Original Records,-,-,-
'3,CHAIMAE BENJELLOUN,PANDORABOX,2023-05-02 09:33:40,None,pointeuse_Door1_Entrance Card Reader1,-,Original Records,-,-,-
'3,CHAIMAE BENJELLOUN,PANDORABOX,2023-05-02 15:15:53,None,pointeuse_Door1_Entrance Card Reader1,-,Original Records,-,-,-
'3,CHAIMAE BENJELLOUN,PANDORABOX,2023-05-02 18:08:42,None,pointeuse_Door1_Entrance Card Reader1,-,Original Records,-,-,-
'3,CHAIMAE BENJELLOUN,PANDORABOX,2023-05-03 09:36:59,None,pointeuse_Door1_Entrance Card Reader1,-,Original Records,-,-,-
'3,CHAIMAE BENJELLOUN,PANDORABOX,2023-05-03 13:08:56,None,pointeuse_Door1_Entrance Card Reader1,-,Original Records,-,-,-
'3,CHAIMAE BENJELLOUN,PANDORABOX,2023-05-03 14:18:56,None,pointeuse_Door1_Entrance Card Reader1,-,Original Records,-,-,-
'3,CHAIMAE BENJELLOUN,PANDORABOX,2023-05-03 18:30:17,None,pointeuse_Door1_Entrance Card Reader1,-,Original Records,-,-,-
'3,CHAIMAE BENJELLOUN,PANDORABOX,2023-05-04 09:54:26,None,pointeuse_Door1_Entrance Card Reader1,-,Original Records,-,-,-
'3,CHAIMAE BENJELLOUN,PANDORABOX,2023-05-04 13:21:49,None,pointeuse_Door1_Entrance Card Reader1,-,Original Records,-,-,-
'3,CHAIMAE BENJELLOUN,PANDORABOX,2023-05-04 14:44:06,None,pointeuse_Door1_Entrance Card Reader1,-,Original Records,-,-,-
'3,CHAIMAE BENJELLOUN,PANDORABOX,2023-05-04 19:14:19,None,pointeuse_Door1_Entrance Card Reader1,-,Original Records,-,-,-
'3,CHAIMAE BENJELLOUN,PANDORABOX,2023-05-05 09:33:36,None,pointeuse_Door1_Entrance Card Reader1,-,Original Records,-,-,-
'3,CHAIMAE BENJELLOUN,PANDORABOX,2023-05-05 13:14:10,None,pointeuse_Door1_Entrance Card Reader1,-,Original Records,-,-,-
'3,CHAIMAE BENJELLOUN,PANDORABOX,2023-05-05 14:38:43,None,pointeuse_Door1_Entrance Card Reader1,-,Original Records,-,-,-
'3,CHAIMAE BENJELLOUN,PANDORABOX,2023-05-05 18:55:22,None,pointeuse_Door1_Entrance Card Reader1,-,Original Records,-,-,-
'3,CHAIMAE BENJELLOUN,PANDORABOX,2023-05-08 09:24:37,None,pointeuse_Door1_Entrance Card Reader1,-,Original Records,-,-,-
'3,CHAIMAE BENJELLOUN,PANDORABOX,2023-05-08 13:35:34,None,pointeuse_Door1_Entrance Card Reader1,-,Original Records,-,-,-
'3,CHAIMAE BENJELLOUN,PANDORABOX,2023-05-08 14:52:06,None,pointeuse_Door1_Entrance Card Reader1,-,Original Records,-,-,-
'3,CHAIMAE BENJELLOUN,PANDORABOX,2023-05-08 18:17:57,None,pointeuse_Door1_Entrance Card Reader1,-,Original Records,-,-,-
'3,CHAIMAE BENJELLOUN,PANDORABOX,2023-05-09 09:32:20,None,pointeuse_Door1_Entrance Card Reader1,-,Original Records,-,-,-
'3,CHAIMAE BENJELLOUN,PANDORABOX,2023-05-09 13:25:04,None,pointeuse_Door1_Entrance Card Reader1,-,Original Records,-,-,-
'3,CHAIMAE BENJELLOUN,PANDORABOX,2023-05-09 14:59:30,None,pointeuse_Door1_Entrance Card Reader1,-,Original Records,-,-,-
'3,CHAIMAE BENJELLOUN,PANDORABOX,2023-05-09 19:05:18,None,pointeuse_Door1_Entrance Card Reader1,-,Original Records,-,-,-
'3,CHAIMAE BENJELLOUN,PANDORABOX,2023-05-10 09:39:03,None,pointeuse_Door1_Entrance Card Reader1,-,Original Records,-,-,-
'3,CHAIMAE BENJELLOUN,PANDORABOX,2023-05-10 13:32:02,None,pointeuse_Door1_Entrance Card Reader1,-,Original Records,-,-,-
'3,CHAIMAE BENJELLOUN,PANDORABOX,2023-05-10 14:40:03,None,pointeuse_Door1_Entrance Card Reader1,-,Original Records,-,-,-
'3,CHAIMAE BENJELLOUN,PANDORABOX,2023-05-10 18:21:28,None,pointeuse_Door1_Entrance Card Reader1,-,Original Records,-,-,-
'3,CHAIMAE BENJELLOUN,PANDORABOX,2023-05-15 09:25:10,None,pointeuse_Door1_Entrance Card Reader1,-,Original Records,-,-,-
'3,CHAIMAE BENJELLOUN,PANDORABOX,2023-05-15 13:40:42,None,pointeuse_Door1_Entrance Card Reader1,-,Original Records,-,-,-
'3,CHAIMAE BENJELLOUN,PANDORABOX,2023-05-15 14:55:01,None,pointeuse_Door1_Entrance Card Reader1,-,Original Records,-,-,-
'3,CHAIMAE BENJELLOUN,PANDORABOX,2023-05-15 18:29:53,None,pointeuse_Door1_Entrance Card Reader1,-,Original Records,-,-,-
'3,CHAIMAE BENJELLOUN,PANDORABOX,2023-05-16 09:24:56,None,pointeuse_Door1_Entrance Card Reader1,-,Original Records,-,-,-
'3,CHAIMAE BENJELLOUN,PANDORABOX,2023-05-16 13:27:59,None,pointeuse_Door1_Entrance Card Reader1,-,Original Records,-,-,-
'3,CHAIMAE BENJELLOUN,PANDORABOX,2023-05-16 14:51:51,None,pointeuse_Door1_Entrance Card Reader1,-,Original Records,-,-,-
'3,CHAIMAE BENJELLOUN,PANDORABOX,2023-05-16 18:31:39,None,pointeuse_Door1_Entrance Card Reader1,-,Original Records,-,-,-
'3,CHAIMAE BENJELLOUN,PANDORABOX,2023-05-17 09:56:00,None,pointeuse_Door1_Entrance Card Reader1,-,Original Records,-,-,-
'3,CHAIMAE BENJELLOUN,PANDORABOX,2023-05-17 12:39:47,None,pointeuse_Door1_Entrance Card Reader1,-,Original Records,-,-,-
'3,CHAIMAE BENJELLOUN,PANDORABOX,2023-05-17 13:57:52,None,pointeuse_Door1_Entrance Card Reader1,-,Original Records,-,-,-
'3,CHAIMAE BENJELLOUN,PANDORABOX,2023-05-17 15:06:26,None,pointeuse_Door1_Entrance Card Reader1,-,Original Records,-,-,-
'3,CHAIMAE BENJELLOUN,PANDORABOX,2023-05-17 18:14:52,None,pointeuse_Door1_Entrance Card Reader1,-,Original Records,-,-,-
'3,CHAIMAE BENJELLOUN,PANDORABOX,2023-05-18 09:42:06,None,pointeuse_Door1_Entrance Card Reader1,-,Original Records,-,-,-
'3,CHAIMAE BENJELLOUN,PANDORABOX,2023-05-18 13:24:33,None,pointeuse_Door1_Entrance Card Reader1,-,Original Records,-,-,-
'3,CHAIMAE BENJELLOUN,PANDORABOX,2023-05-18 14:49:13,None,pointeuse_Door1_Entrance Card Reader1,-,Original Records,-,-,-
'3,CHAIMAE BENJELLOUN,PANDORABOX,2023-05-18 18:40:32,None,pointeuse_Door1_Entrance Card Reader1,-,Original Records,-,-,-
'3,CHAIMAE BENJELLOUN,PANDORABOX,2023-05-19 09:26:01,None,pointeuse_Door1_Entrance Card Reader1,-,Original Records,-,-,-
'3,CHAIMAE BENJELLOUN,PANDORABOX,2023-05-19 13:49:14,None,pointeuse_Door1_Entrance Card Reader1,-,Original Records,-,-,-
'3,CHAIMAE BENJELLOUN,PANDORABOX,2023-05-19 13:50:08,None,pointeuse_Door1_Entrance Card Reader1,-,Original Records,-,-,-
'3,CHAIMAE BENJELLOUN,PANDORABOX,2023-05-19 15:03:58,None,pointeuse_Door1_Entrance Card Reader1,-,Original Records,-,-,-
'3,CHAIMAE BENJELLOUN,PANDORABOX,2023-05-19 18:29:05,None,pointeuse_Door1_Entrance Card Reader1,-,Original Records,-,-,-
'3,CHAIMAE BENJELLOUN,PANDORABOX,2023-05-22 09:21:18,None,pointeuse_Door1_Entrance Card Reader1,-,Original Records,-,-,-
'3,CHAIMAE BENJELLOUN,PANDORABOX,2023-05-22 13:47:43,None,pointeuse_Door1_Entrance Card Reader1,-,Original Records,-,-,-
'3,CHAIMAE BENJELLOUN,PANDORABOX,2023-05-22 15:01:57,None,pointeuse_Door1_Entrance Card Reader1,-,Original Records,-,-,-
'3,CHAIMAE BENJELLOUN,PANDORABOX,2023-05-22 18:47:41,None,pointeuse_Door1_Entrance Card Reader1,-,Original Records,-,-,-
'3,CHAIMAE BENJELLOUN,PANDORABOX,2023-05-23 09:37:03,None,pointeuse_Door1_Entrance Card Reader1,-,Original Records,-,-,-
'3,CHAIMAE BENJELLOUN,PANDORABOX,2023-05-23 13:44:38,None,pointeuse_Door1_Entrance Card Reader1,-,Original Records,-,-,-
'3,CHAIMAE BENJELLOUN,PANDORABOX,2023-05-23 15:08:35,None,pointeuse_Door1_Entrance Card Reader1,-,Original Records,-,-,-
'3,CHAIMAE BENJELLOUN,PANDORABOX,2023-05-23 18:22:39,None,pointeuse_Door1_Entrance Card Reader1,-,Original Records,-,-,-
'3,CHAIMAE BENJELLOUN,PANDORABOX,2023-05-24 09:40:42,None,pointeuse_Door1_Entrance Card Reader1,-,Original Records,-,-,-
'3,CHAIMAE BENJELLOUN,PANDORABOX,2023-05-24 13:47:46,None,pointeuse_Door1_Entrance Card Reader1,-,Original Records,-,-,-
'3,CHAIMAE BENJELLOUN,PANDORABOX,2023-05-24 15:12:55,None,pointeuse_Door1_Entrance Card Reader1,-,Original Records,-,-,-
'3,CHAIMAE BENJELLOUN,PANDORABOX,2023-05-24 18:41:41,None,pointeuse_Door1_Entrance Card Reader1,-,Original Records,-,-,-
'4,Bounkoub Hamza,PANDORABOX,2023-04-25 08:10:28,None,pointeuse_Door1_Entrance Card Reader1,-,Original Records,-,-,-
'4,Bounkoub Hamza,PANDORABOX,2023-04-25 10:35:00,None,pointeuse_Door1_Entrance Card Reader1,-,Original Records,-,-,-
'4,Bounkoub Hamza,PANDORABOX,2023-04-25 11:11:14,None,pointeuse_Door1_Entrance Card Reader1,-,Original Records,-,-,-
'4,Bounkoub Hamza,PANDORABOX,2023-04-25 13:48:27,None,pointeuse_Door1_Entrance Card Reader1,-,Original Records,-,-,-
'4,Bounkoub Hamza,PANDORABOX,2023-04-25 14:51:14,None,pointeuse_Door1_Entrance Card Reader1,-,Original Records,-,-,-
'4,Bounkoub Hamza,PANDORABOX,2023-04-25 14:51:18,None,pointeuse_Door1_Entrance Card Reader1,-,Original Records,-,-,-
'4,Bounkoub Hamza,PANDORABOX,2023-04-25 18:09:14,None,pointeuse_Door1_Entrance Card Reader1,-,Original Records,-,-,-
'4,Bounkoub Hamza,PANDORABOX,2023-04-26 09:43:46,None,pointeuse_Door1_Entrance Card Reader1,-,Original Records,-,-,-
'4,Bounkoub Hamza,PANDORABOX,2023-04-26 12:46:23,None,pointeuse_Door1_Entrance Card Reader1,-,Original Records,-,-,-
'4,Bounkoub Hamza,PANDORABOX,2023-04-26 13:53:41,None,pointeuse_Door1_Entrance Card Reader1,-,Original Records,-,-,-
'4,Bounkoub Hamza,PANDORABOX,2023-04-26 18:02:05,None,pointeuse_Door1_Entrance Card Reader1,-,Original Records,-,-,-
'4,Bounkoub Hamza,PANDORABOX,2023-04-27 08:57:12,None,pointeuse_Door1_Entrance Card Reader1,-,Original Records,-,-,-
'4,Bounkoub Hamza,PANDORABOX,2023-04-27 11:44:16,None,pointeuse_Door1_Entrance Card Reader1,-,Original Records,-,-,-
'4,Bounkoub Hamza,PANDORABOX,2023-04-27 12:47:10,None,pointeuse_Door1_Entrance Card Reader1,-,Original Records,-,-,-
'4,Bounkoub Hamza,PANDORABOX,2023-04-27 18:46:05,None,pointeuse_Door1_Entrance Card Reader1,-,Original Records,-,-,-
'4,Bounkoub Hamza,PANDORABOX,2023-04-28 09:43:19,None,pointeuse_Door1_Entrance Card Reader1,-,Original Records,-,-,-
'4,Bounkoub Hamza,PANDORABOX,2023-04-28 13:28:19,None,pointeuse_Door1_Entrance Card Reader1,-,Original Records,-,-,-
'4,Bounkoub Hamza,PANDORABOX,2023-04-28 15:19:21,None,pointeuse_Door1_Entrance Card Reader1,-,Original Records,-,-,-
'4,Bounkoub Hamza,PANDORABOX,2023-04-28 17:16:59,None,pointeuse_Door1_Entrance Card Reader1,-,Original Records,-,-,-
'4,Bounkoub Hamza,PANDORABOX,2023-04-28 17:39:11,None,pointeuse_Door1_Entrance Card Reader1,-,Original Records,-,-,-
'4,Bounkoub Hamza,PANDORABOX,2023-04-28 18:34:23,None,pointeuse_Door1_Entrance Card Reader1,-,Original Records,-,-,-
'4,Bounkoub Hamza,PANDORABOX,2023-04-29 10:41:01,None,pointeuse_Door1_Entrance Card Reader1,-,Original Records,-,-,-
'4,Bounkoub Hamza,PANDORABOX,2023-04-29 13:15:01,None,pointeuse_Door1_Entrance Card Reader1,-,Original Records,-,-,-
'4,Bounkoub Hamza,PANDORABOX,2023-04-29 14:03:07,None,pointeuse_Door1_Entrance Card Reader1,-,Original Records,-,-,-
'4,Bounkoub Hamza,PANDORABOX,2023-04-29 14:17:36,None,pointeuse_Door1_Entrance Card Reader1,-,Original Records,-,-,-
'4,Bounkoub Hamza,PANDORABOX,2023-04-29 15:07:52,None,pointeuse_Door1_Entrance Card Reader1,-,Original Records,-,-,-
'4,Bounkoub Hamza,PANDORABOX,2023-04-29 17:07:52,None,pointeuse_Door1_Entrance Card Reader1,-,Original Records,-,-,-
'4,Bounkoub Hamza,PANDORABOX,2023-05-01 12:40:04,None,pointeuse_Door1_Entrance Card Reader1,-,Original Records,-,-,-
'4,Bounkoub Hamza,PANDORABOX,2023-05-01 15:07:11,None,pointeuse_Door1_Entrance Card Reader1,-,Original Records,-,-,-
'4,Bounkoub Hamza,PANDORABOX,2023-05-02 08:59:30,None,pointeuse_Door1_Entrance Card Reader1,-,Original Records,-,-,-
'4,Bounkoub Hamza,PANDORABOX,2023-05-02 13:02:09,None,pointeuse_Door1_Entrance Card Reader1,-,Original Records,-,-,-
'4,Bounkoub Hamza,PANDORABOX,2023-05-02 14:00:01,None,pointeuse_Door1_Entrance Card Reader1,-,Original Records,-,-,-
'4,Bounkoub Hamza,PANDORABOX,2023-05-02 18:01:39,None,pointeuse_Door1_Entrance Card Reader1,-,Original Records,-,-,-
'4,Bounkoub Hamza,PANDORABOX,2023-05-03 08:56:18,None,pointeuse_Door1_Entrance Card Reader1,-,Original Records,-,-,-
'4,Bounkoub Hamza,PANDORABOX,2023-05-03 12:28:33,None,pointeuse_Door1_Entrance Card Reader1,-,Original Records,-,-,-
'4,Bounkoub Hamza,PANDORABOX,2023-05-03 13:23:52,None,pointeuse_Door1_Entrance Card Reader1,-,Original Records,-,-,-
'4,Bounkoub Hamza,PANDORABOX,2023-05-03 18:19:48,None,pointeuse_Door1_Entrance Card Reader1,-,Original Records,-,-,-
'4,Bounkoub Hamza,PANDORABOX,2023-05-04 09:07:18,None,pointeuse_Door1_Entrance Card Reader1,-,Original Records,-,-,-
'4,Bounkoub Hamza,PANDORABOX,2023-05-04 12:38:50,None,pointeuse_Door1_Entrance Card Reader1,-,Original Records,-,-,-
'4,Bounkoub Hamza,PANDORABOX,2023-05-04 13:40:28,None,pointeuse_Door1_Entrance Card Reader1,-,Original Records,-,-,-
'4,Bounkoub Hamza,PANDORABOX,2023-05-04 19:10:38,None,pointeuse_Door1_Entrance Card Reader1,-,Original Records,-,-,-
'4,Bounkoub Hamza,PANDORABOX,2023-05-05 09:10:48,None,pointeuse_Door1_Entrance Card Reader1,-,Original Records,-,-,-
'4,Bounkoub Hamza,PANDORABOX,2023-05-05 13:23:11,None,pointeuse_Door1_Entrance Card Reader1,-,Original Records,-,-,-
'4,Bounkoub Hamza,PANDORABOX,2023-05-05 13:23:49,None,pointeuse_Door1_Entrance Card Reader1,-,Original Records,-,-,-
'4,Bounkoub Hamza,PANDORABOX,2023-05-05 14:31:06,None,pointeuse_Door1_Entrance Card Reader1,-,Original Records,-,-,-
'4,Bounkoub Hamza,PANDORABOX,2023-05-05 19:08:49,None,pointeuse_Door1_Entrance Card Reader1,-,Original Records,-,-,-
'4,Bounkoub Hamza,PANDORABOX,2023-05-08 09:26:14,None,pointeuse_Door1_Entrance Card Reader1,-,Original Records,-,-,-
'4,Bounkoub Hamza,PANDORABOX,2023-05-08 12:49:28,None,pointeuse_Door1_Entrance Card Reader1,-,Original Records,-,-,-
'4,Bounkoub Hamza,PANDORABOX,2023-05-08 13:49:52,None,pointeuse_Door1_Entrance Card Reader1,-,Original Records,-,-,-
'4,Bounkoub Hamza,PANDORABOX,2023-05-08 18:25:35,None,pointeuse_Door1_Entrance Card Reader1,-,Original Records,-,-,-
'4,Bounkoub Hamza,PANDORABOX,2023-05-09 08:45:22,None,pointeuse_Door1_Entrance Card Reader1,-,Original Records,-,-,-
'4,Bounkoub Hamza,PANDORABOX,2023-05-09 12:42:16,None,pointeuse_Door1_Entrance Card Reader1,-,Original Records,-,-,-
'4,Bounkoub Hamza,PANDORABOX,2023-05-09 13:56:41,None,pointeuse_Door1_Entrance Card Reader1,-,Original Records,-,-,-
'4,Bounkoub Hamza,PANDORABOX,2023-05-09 18:14:44,None,pointeuse_Door1_Entrance Card Reader1,-,Original Records,-,-,-
'4,Bounkoub Hamza,PANDORABOX,2023-05-10 09:21:45,None,pointeuse_Door1_Entrance Card Reader1,-,Original Records,-,-,-
'4,Bounkoub Hamza,PANDORABOX,2023-05-10 13:20:38,None,pointeuse_Door1_Entrance Card Reader1,-,Original Records,-,-,-
'4,Bounkoub Hamza,PANDORABOX,2023-05-10 14:19:43,None,pointeuse_Door1_Entrance Card Reader1,-,Original Records,-,-,-
'4,Bounkoub Hamza,PANDORABOX,2023-05-10 18:50:41,None,pointeuse_Door1_Entrance Card Reader1,-,Original Records,-,-,-
'4,Bounkoub Hamza,PANDORABOX,2023-05-11 08:58:23,None,pointeuse_Door1_Entrance Card Reader1,-,Original Records,-,-,-
'4,Bounkoub Hamza,PANDORABOX,2023-05-11 12:54:15,None,pointeuse_Door1_Entrance Card Reader1,-,Original Records,-,-,-
'4,Bounkoub Hamza,PANDORABOX,2023-05-11 13:53:53,None,pointeuse_Door1_Entrance Card Reader1,-,Original Records,-,-,-
'4,Bounkoub Hamza,PANDORABOX,2023-05-11 16:18:29,None,pointeuse_Door1_Entrance Card Reader1,-,Original Records,-,-,-
'4,Bounkoub Hamza,PANDORABOX,2023-05-11 16:26:19,None,pointeuse_Door1_Entrance Card Reader1,-,Original Records,-,-,-
'4,Bounkoub Hamza,PANDORABOX,2023-05-11 18:43:14,None,pointeuse_Door1_Entrance Card Reader1,-,Original Records,-,-,-
'4,Bounkoub Hamza,PANDORABOX,2023-05-12 09:26:49,None,pointeuse_Door1_Entrance Card Reader1,-,Original Records,-,-,-
'4,Bounkoub Hamza,PANDORABOX,2023-05-12 13:16:57,None,pointeuse_Door1_Entrance Card Reader1,-,Original Records,-,-,-
'4,Bounkoub Hamza,PANDORABOX,2023-05-12 14:40:39,None,pointeuse_Door1_Entrance Card Reader1,-,Original Records,-,-,-
'4,Bounkoub Hamza,PANDORABOX,2023-05-12 19:57:42,None,pointeuse_Door1_Entrance Card Reader1,-,Original Records,-,-,-
'4,Bounkoub Hamza,PANDORABOX,2023-05-12 20:08:19,None,pointeuse_Door1_Entrance Card Reader1,-,Original Records,-,-,-
'4,Bounkoub Hamza,PANDORABOX,2023-05-12 20:09:23,None,pointeuse_Door1_Entrance Card Reader1,-,Original Records,-,-,-
'4,Bounkoub Hamza,PANDORABOX,2023-05-15 09:46:21,None,pointeuse_Door1_Entrance Card Reader1,-,Original Records,-,-,-
'4,Bounkoub Hamza,PANDORABOX,2023-05-15 13:09:54,None,pointeuse_Door1_Entrance Card Reader1,-,Original Records,-,-,-
'4,Bounkoub Hamza,PANDORABOX,2023-05-15 14:13:18,None,pointeuse_Door1_Entrance Card Reader1,-,Original Records,-,-,-
'4,Bounkoub Hamza,PANDORABOX,2023-05-15 18:09:48,None,pointeuse_Door1_Entrance Card Reader1,-,Original Records,-,-,-
'4,Bounkoub Hamza,PANDORABOX,2023-05-16 09:55:55,None,pointeuse_Door1_Entrance Card Reader1,-,Original Records,-,-,-
'4,Bounkoub Hamza,PANDORABOX,2023-05-16 13:10:43,None,pointeuse_Door1_Entrance Card Reader1,-,Original Records,-,-,-
'4,Bounkoub Hamza,PANDORABOX,2023-05-16 14:27:58,None,pointeuse_Door1_Entrance Card Reader1,-,Original Records,-,-,-
'4,Bounkoub Hamza,PANDORABOX,2023-05-16 18:10:32,None,pointeuse_Door1_Entrance Card Reader1,-,Original Records,-,-,-
'4,Bounkoub Hamza,PANDORABOX,2023-05-17 09:23:23,None,pointeuse_Door1_Entrance Card Reader1,-,Original Records,-,-,-
'4,Bounkoub Hamza,PANDORABOX,2023-05-17 12:26:05,None,pointeuse_Door1_Entrance Card Reader1,-,Original Records,-,-,-
'4,Bounkoub Hamza,PANDORABOX,2023-05-17 13:39:27,None,pointeuse_Door1_Entrance Card Reader1,-,Original Records,-,-,-
'4,Bounkoub Hamza,PANDORABOX,2023-05-17 18:15:50,None,pointeuse_Door1_Entrance Card Reader1,-,Original Records,-,-,-
'4,Bounkoub Hamza,PANDORABOX,2023-05-18 09:15:01,None,pointeuse_Door1_Entrance Card Reader1,-,Original Records,-,-,-
'4,Bounkoub Hamza,PANDORABOX,2023-05-18 13:14:49,None,pointeuse_Door1_Entrance Card Reader1,-,Original Records,-,-,-
'4,Bounkoub Hamza,PANDORABOX,2023-05-18 14:22:02,None,pointeuse_Door1_Entrance Card Reader1,-,Original Records,-,-,-
'4,Bounkoub Hamza,PANDORABOX,2023-05-18 18:57:01,None,pointeuse_Door1_Entrance Card Reader1,-,Original Records,-,-,-
'4,Bounkoub Hamza,PANDORABOX,2023-05-19 09:28:38,None,pointeuse_Door1_Entrance Card Reader1,-,Original Records,-,-,-
'4,Bounkoub Hamza,PANDORABOX,2023-05-19 13:26:17,None,pointeuse_Door1_Entrance Card Reader1,-,Original Records,-,-,-
'4,Bounkoub Hamza,PANDORABOX,2023-05-19 15:05:44,None,pointeuse_Door1_Entrance Card Reader1,-,Original Records,-,-,-
'4,Bounkoub Hamza,PANDORABOX,2023-05-19 18:17:25,None,pointeuse_Door1_Entrance Card Reader1,-,Original Records,-,-,-
'4,Bounkoub Hamza,PANDORABOX,2023-05-22 09:19:37,None,pointeuse_Door1_Entrance Card Reader1,-,Original Records,-,-,-
'4,Bounkoub Hamza,PANDORABOX,2023-05-22 12:50:27,None,pointeuse_Door1_Entrance Card Reader1,-,Original Records,-,-,-
'4,Bounkoub Hamza,PANDORABOX,2023-05-22 14:02:50,None,pointeuse_Door1_Entrance Card Reader1,-,Original Records,-,-,-
'4,Bounkoub Hamza,PANDORABOX,2023-05-22 18:31:58,None,pointeuse_Door1_Entrance Card Reader1,-,Original Records,-,-,-
'4,Bounkoub Hamza,PANDORABOX,2023-05-23 09:16:35,None,pointeuse_Door1_Entrance Card Reader1,-,Original Records,-,-,-
'4,Bounkoub Hamza,PANDORABOX,2023-05-23 13:14:27,None,pointeuse_Door1_Entrance Card Reader1,-,Original Records,-,-,-
'4,Bounkoub Hamza,PANDORABOX,2023-05-23 14:58:20,None,pointeuse_Door1_Entrance Card Reader1,-,Original Records,-,-,-
'4,Bounkoub Hamza,PANDORABOX,2023-05-23 18:20:20,None,pointeuse_Door1_Entrance Card Reader1,-,Original Records,-,-,-
'4,Bounkoub Hamza,PANDORABOX,2023-05-24 09:18:10,None,pointeuse_Door1_Entrance Card Reader1,-,Original Records,-,-,-
'4,Bounkoub Hamza,PANDORABOX,2023-05-24 13:00:41,None,pointeuse_Door1_Entrance Card Reader1,-,Original Records,-,-,-
'4,Bounkoub Hamza,PANDORABOX,2023-05-24 14:01:36,None,pointeuse_Door1_Entrance Card Reader1,-,Original Records,-,-,-
'4,Bounkoub Hamza,PANDORABOX,2023-05-24 18:33:41,None,pointeuse_Door1_Entrance Card Reader1,-,Original Records,-,-,-
'6,Loubna Benamer,PANDORABOX,2023-04-25 07:59:48,None,pointeuse_Door1_Entrance Card Reader1,-,Original Records,-,-,-
'6,Loubna Benamer,PANDORABOX,2023-04-25 13:31:01,None,pointeuse_Door1_Entrance Card Reader1,-,Original Records,-,-,-
'6,Loubna Benamer,PANDORABOX,2023-04-25 14:43:17,None,pointeuse_Door1_Entrance Card Reader1,-,Original Records,-,-,-
'6,Loubna Benamer,PANDORABOX,2023-04-25 18:10:20,None,pointeuse_Door1_Entrance Card Reader1,-,Original Records,-,-,-
'6,Loubna Benamer,PANDORABOX,2023-04-26 09:06:20,None,pointeuse_Door1_Entrance Card Reader1,-,Original Records,-,-,-
'6,Loubna Benamer,PANDORABOX,2023-04-26 13:00:24,None,pointeuse_Door1_Entrance Card Reader1,-,Original Records,-,-,-
'6,Loubna Benamer,PANDORABOX,2023-04-26 13:58:07,None,pointeuse_Door1_Entrance Card Reader1,-,Original Records,-,-,-
'6,Loubna Benamer,PANDORABOX,2023-04-26 18:35:38,None,pointeuse_Door1_Entrance Card Reader1,-,Original Records,-,-,-
'6,Loubna Benamer,PANDORABOX,2023-04-27 09:05:54,None,pointeuse_Door1_Entrance Card Reader1,-,Original Records,-,-,-
'6,Loubna Benamer,PANDORABOX,2023-04-27 13:45:51,None,pointeuse_Door1_Entrance Card Reader1,-,Original Records,-,-,-
'6,Loubna Benamer,PANDORABOX,2023-04-27 14:44:48,None,pointeuse_Door1_Entrance Card Reader1,-,Original Records,-,-,-
'6,Loubna Benamer,PANDORABOX,2023-04-27 18:46:48,None,pointeuse_Door1_Entrance Card Reader1,-,Original Records,-,-,-
'6,Loubna Benamer,PANDORABOX,2023-04-28 09:01:05,None,pointeuse_Door1_Entrance Card Reader1,-,Original Records,-,-,-
'6,Loubna Benamer,PANDORABOX,2023-04-28 13:17:15,None,pointeuse_Door1_Entrance Card Reader1,-,Original Records,-,-,-
'6,Loubna Benamer,PANDORABOX,2023-04-28 14:23:22,None,pointeuse_Door1_Entrance Card Reader1,-,Original Records,-,-,-
'6,Loubna Benamer,PANDORABOX,2023-04-28 18:21:26,None,pointeuse_Door1_Entrance Card Reader1,-,Original Records,-,-,-
'6,Loubna Benamer,PANDORABOX,2023-05-02 09:04:54,None,pointeuse_Door1_Entrance Card Reader1,-,Original Records,-,-,-
'6,Loubna Benamer,PANDORABOX,2023-05-02 13:10:23,None,pointeuse_Door1_Entrance Card Reader1,-,Original Records,-,-,-
'6,Loubna Benamer,PANDORABOX,2023-05-02 14:11:22,None,pointeuse_Door1_Entrance Card Reader1,-,Original Records,-,-,-
'6,Loubna Benamer,PANDORABOX,2023-05-02 18:06:35,None,pointeuse_Door1_Entrance Card Reader1,-,Original Records,-,-,-
'6,Loubna Benamer,PANDORABOX,2023-05-03 09:07:46,None,pointeuse_Door1_Entrance Card Reader1,-,Original Records,-,-,-
'6,Loubna Benamer,PANDORABOX,2023-05-03 13:02:11,None,pointeuse_Door1_Entrance Card Reader1,-,Original Records,-,-,-
'6,Loubna Benamer,PANDORABOX,2023-05-03 14:02:23,None,pointeuse_Door1_Entrance Card Reader1,-,Original Records,-,-,-
'6,Loubna Benamer,PANDORABOX,2023-05-03 18:15:45,None,pointeuse_Door1_Entrance Card Reader1,-,Original Records,-,-,-
'6,Loubna Benamer,PANDORABOX,2023-05-04 09:27:34,None,pointeuse_Door1_Entrance Card Reader1,-,Original Records,-,-,-
'6,Loubna Benamer,PANDORABOX,2023-05-04 13:03:52,None,pointeuse_Door1_Entrance Card Reader1,-,Original Records,-,-,-
'6,Loubna Benamer,PANDORABOX,2023-05-04 14:04:20,None,pointeuse_Door1_Entrance Card Reader1,-,Original Records,-,-,-
'6,Loubna Benamer,PANDORABOX,2023-05-04 18:46:44,None,pointeuse_Door1_Entrance Card Reader1,-,Original Records,-,-,-
'6,Loubna Benamer,PANDORABOX,2023-05-05 09:06:06,None,pointeuse_Door1_Entrance Card Reader1,-,Original Records,-,-,-
'6,Loubna Benamer,PANDORABOX,2023-05-05 13:17:35,None,pointeuse_Door1_Entrance Card Reader1,-,Original Records,-,-,-
'6,Loubna Benamer,PANDORABOX,2023-05-05 14:56:09,None,pointeuse_Door1_Entrance Card Reader1,-,Original Records,-,-,-
'6,Loubna Benamer,PANDORABOX,2023-05-05 18:43:24,None,pointeuse_Door1_Entrance Card Reader1,-,Original Records,-,-,-
'6,Loubna Benamer,PANDORABOX,2023-05-08 09:09:32,None,pointeuse_Door1_Entrance Card Reader1,-,Original Records,-,-,-
'6,Loubna Benamer,PANDORABOX,2023-05-08 13:10:38,None,pointeuse_Door1_Entrance Card Reader1,-,Original Records,-,-,-
'6,Loubna Benamer,PANDORABOX,2023-05-08 14:11:41,None,pointeuse_Door1_Entrance Card Reader1,-,Original Records,-,-,-
'6,Loubna Benamer,PANDORABOX,2023-05-08 18:15:26,None,pointeuse_Door1_Entrance Card Reader1,-,Original Records,-,-,-
'6,Loubna Benamer,PANDORABOX,2023-05-09 09:00:17,None,pointeuse_Door1_Entrance Card Reader1,-,Original Records,-,-,-
'6,Loubna Benamer,PANDORABOX,2023-05-09 13:30:22,None,pointeuse_Door1_Entrance Card Reader1,-,Original Records,-,-,-
'6,Loubna Benamer,PANDORABOX,2023-05-09 14:33:29,None,pointeuse_Door1_Entrance Card Reader1,-,Original Records,-,-,-
'6,Loubna Benamer,PANDORABOX,2023-05-09 18:04:53,None,pointeuse_Door1_Entrance Card Reader1,-,Original Records,-,-,-
'6,Loubna Benamer,PANDORABOX,2023-05-10 09:08:51,None,pointeuse_Door1_Entrance Card Reader1,-,Original Records,-,-,-
'6,Loubna Benamer,PANDORABOX,2023-05-10 13:22:08,None,pointeuse_Door1_Entrance Card Reader1,-,Original Records,-,-,-
'6,Loubna Benamer,PANDORABOX,2023-05-10 14:24:55,None,pointeuse_Door1_Entrance Card Reader1,-,Original Records,-,-,-
'6,Loubna Benamer,PANDORABOX,2023-05-10 18:21:26,None,pointeuse_Door1_Entrance Card Reader1,-,Original Records,-,-,-
'6,Loubna Benamer,PANDORABOX,2023-05-11 08:59:47,None,pointeuse_Door1_Entrance Card Reader1,-,Original Records,-,-,-
'6,Loubna Benamer,PANDORABOX,2023-05-11 12:52:35,None,pointeuse_Door1_Entrance Card Reader1,-,Original Records,-,-,-
'6,Loubna Benamer,PANDORABOX,2023-05-11 13:56:01,None,pointeuse_Door1_Entrance Card Reader1,-,Original Records,-,-,-
'6,Loubna Benamer,PANDORABOX,2023-05-11 18:02:53,None,pointeuse_Door1_Entrance Card Reader1,-,Original Records,-,-,-
'6,Loubna Benamer,PANDORABOX,2023-05-12 10:06:14,None,pointeuse_Door1_Entrance Card Reader1,-,Original Records,-,-,-
'6,Loubna Benamer,PANDORABOX,2023-05-12 13:23:39,None,pointeuse_Door1_Entrance Card Reader1,-,Original Records,-,-,-
'6,Loubna Benamer,PANDORABOX,2023-05-12 14:19:15,None,pointeuse_Door1_Entrance Card Reader1,-,Original Records,-,-,-
'6,Loubna Benamer,PANDORABOX,2023-05-12 18:25:00,None,pointeuse_Door1_Entrance Card Reader1,-,Original Records,-,-,-
'6,Loubna Benamer,PANDORABOX,2023-05-15 09:26:57,None,pointeuse_Door1_Entrance Card Reader1,-,Original Records,-,-,-
'6,Loubna Benamer,PANDORABOX,2023-05-15 13:24:39,None,pointeuse_Door1_Entrance Card Reader1,-,Original Records,-,-,-
'6,Loubna Benamer,PANDORABOX,2023-05-15 14:13:07,None,pointeuse_Door1_Entrance Card Reader1,-,Original Records,-,-,-
'6,Loubna Benamer,PANDORABOX,2023-05-15 18:16:07,None,pointeuse_Door1_Entrance Card Reader1,-,Original Records,-,-,-
'6,Loubna Benamer,PANDORABOX,2023-05-16 09:46:41,None,pointeuse_Door1_Entrance Card Reader1,-,Original Records,-,-,-
'6,Loubna Benamer,PANDORABOX,2023-05-16 13:19:48,None,pointeuse_Door1_Entrance Card Reader1,-,Original Records,-,-,-
'6,Loubna Benamer,PANDORABOX,2023-05-16 14:21:57,None,pointeuse_Door1_Entrance Card Reader1,-,Original Records,-,-,-
'6,Loubna Benamer,PANDORABOX,2023-05-16 18:49:09,None,pointeuse_Door1_Entrance Card Reader1,-,Original Records,-,-,-
'6,Loubna Benamer,PANDORABOX,2023-05-17 09:02:12,None,pointeuse_Door1_Entrance Card Reader1,-,Original Records,-,-,-
'6,Loubna Benamer,PANDORABOX,2023-05-17 13:26:04,None,pointeuse_Door1_Entrance Card Reader1,-,Original Records,-,-,-
'6,Loubna Benamer,PANDORABOX,2023-05-17 14:05:28,None,pointeuse_Door1_Entrance Card Reader1,-,Original Records,-,-,-
'6,Loubna Benamer,PANDORABOX,2023-05-17 19:05:48,None,pointeuse_Door1_Entrance Card Reader1,-,Original Records,-,-,-
'6,Loubna Benamer,PANDORABOX,2023-05-18 09:08:58,None,pointeuse_Door1_Entrance Card Reader1,-,Original Records,-,-,-
'6,Loubna Benamer,PANDORABOX,2023-05-18 13:33:46,None,pointeuse_Door1_Entrance Card Reader1,-,Original Records,-,-,-
'6,Loubna Benamer,PANDORABOX,2023-05-18 14:27:08,None,pointeuse_Door1_Entrance Card Reader1,-,Original Records,-,-,-
'6,Loubna Benamer,PANDORABOX,2023-05-18 18:15:29,None,pointeuse_Door1_Entrance Card Reader1,-,Original Records,-,-,-
'6,Loubna Benamer,PANDORABOX,2023-05-19 09:02:43,None,pointeuse_Door1_Entrance Card Reader1,-,Original Records,-,-,-
'6,Loubna Benamer,PANDORABOX,2023-05-19 13:26:37,None,pointeuse_Door1_Entrance Card Reader1,-,Original Records,-,-,-
'6,Loubna Benamer,PANDORABOX,2023-05-19 14:29:34,None,pointeuse_Door1_Entrance Card Reader1,-,Original Records,-,-,-
'6,Loubna Benamer,PANDORABOX,2023-05-19 18:28:20,None,pointeuse_Door1_Entrance Card Reader1,-,Original Records,-,-,-
'6,Loubna Benamer,PANDORABOX,2023-05-22 09:13:37,None,pointeuse_Door1_Entrance Card Reader1,-,Original Records,-,-,-
'6,Loubna Benamer,PANDORABOX,2023-05-22 12:58:40,None,pointeuse_Door1_Entrance Card Reader1,-,Original Records,-,-,-
'6,Loubna Benamer,PANDORABOX,2023-05-22 13:56:24,None,pointeuse_Door1_Entrance Card Reader1,-,Original Records,-,-,-
'6,Loubna Benamer,PANDORABOX,2023-05-22 18:30:46,None,pointeuse_Door1_Entrance Card Reader1,-,Original Records,-,-,-
'6,Loubna Benamer,PANDORABOX,2023-05-23 09:07:11,None,pointeuse_Door1_Entrance Card Reader1,-,Original Records,-,-,-
'6,Loubna Benamer,PANDORABOX,2023-05-23 13:26:25,None,pointeuse_Door1_Entrance Card Reader1,-,Original Records,-,-,-
'6,Loubna Benamer,PANDORABOX,2023-05-23 14:22:15,None,pointeuse_Door1_Entrance Card Reader1,-,Original Records,-,-,-
'6,Loubna Benamer,PANDORABOX,2023-05-23 18:11:11,None,pointeuse_Door1_Entrance Card Reader1,-,Original Records,-,-,-
'6,Loubna Benamer,PANDORABOX,2023-05-24 09:23:27,None,pointeuse_Door1_Entrance Card Reader1,-,Original Records,-,-,-
'6,Loubna Benamer,PANDORABOX,2023-05-24 14:13:46,None,pointeuse_Door1_Entrance Card Reader1,-,Original Records,-,-,-
'6,Loubna Benamer,PANDORABOX,2023-05-24 18:33:31,None,pointeuse_Door1_Entrance Card Reader1,-,Original Records,-,-,-
'7,Frih Ilyas,PANDORABOX,2023-04-25 08:50:24,None,pointeuse_Door1_Entrance Card Reader1,-,Original Records,-,-,-
'7,Frih Ilyas,PANDORABOX,2023-04-25 11:55:49,None,pointeuse_Door1_Entrance Card Reader1,-,Original Records,-,-,-
'7,Frih Ilyas,PANDORABOX,2023-04-25 14:22:13,None,pointeuse_Door1_Entrance Card Reader1,-,Original Records,-,-,-
'7,Frih Ilyas,PANDORABOX,2023-04-25 18:12:00,None,pointeuse_Door1_Entrance Card Reader1,-,Original Records,-,-,-
'7,Frih Ilyas,PANDORABOX,2023-04-26 09:35:14,None,pointeuse_Door1_Entrance Card Reader1,-,Original Records,-,-,-
'7,Frih Ilyas,PANDORABOX,2023-04-26 12:56:08,None,pointeuse_Door1_Entrance Card Reader1,-,Original Records,-,-,-
'7,Frih Ilyas,PANDORABOX,2023-04-26 14:33:01,None,pointeuse_Door1_Entrance Card Reader1,-,Original Records,-,-,-
'7,Frih Ilyas,PANDORABOX,2023-04-26 18:43:17,None,pointeuse_Door1_Entrance Card Reader1,-,Original Records,-,-,-
'7,Frih Ilyas,PANDORABOX,2023-04-27 09:04:24,None,pointeuse_Door1_Entrance Card Reader1,-,Original Records,-,-,-
'7,Frih Ilyas,PANDORABOX,2023-04-27 13:07:24,None,pointeuse_Door1_Entrance Card Reader1,-,Original Records,-,-,-
'7,Frih Ilyas,PANDORABOX,2023-04-27 13:38:49,None,pointeuse_Door1_Entrance Card Reader1,-,Original Records,-,-,-
'7,Frih Ilyas,PANDORABOX,2023-04-27 18:51:00,None,pointeuse_Door1_Entrance Card Reader1,-,Original Records,-,-,-
'7,Frih Ilyas,PANDORABOX,2023-04-28 10:07:18,None,pointeuse_Door1_Entrance Card Reader1,-,Original Records,-,-,-
'7,Frih Ilyas,PANDORABOX,2023-04-28 13:29:30,None,pointeuse_Door1_Entrance Card Reader1,-,Original Records,-,-,-
'7,Frih Ilyas,PANDORABOX,2023-04-28 15:19:13,None,pointeuse_Door1_Entrance Card Reader1,-,Original Records,-,-,-
'7,Frih Ilyas,PANDORABOX,2023-04-28 18:34:17,None,pointeuse_Door1_Entrance Card Reader1,-,Original Records,-,-,-
'7,Frih Ilyas,PANDORABOX,2023-04-28 18:34:43,None,pointeuse_Door1_Entrance Card Reader1,-,Original Records,-,-,-
'7,Frih Ilyas,PANDORABOX,2023-05-02 09:38:16,None,pointeuse_Door1_Entrance Card Reader1,-,Original Records,-,-,-
'7,Frih Ilyas,PANDORABOX,2023-05-02 12:48:18,None,pointeuse_Door1_Entrance Card Reader1,-,Original Records,-,-,-
'7,Frih Ilyas,PANDORABOX,2023-05-02 13:57:54,None,pointeuse_Door1_Entrance Card Reader1,-,Original Records,-,-,-
'7,Frih Ilyas,PANDORABOX,2023-05-02 18:01:53,None,pointeuse_Door1_Entrance Card Reader1,-,Original Records,-,-,-
'7,Frih Ilyas,PANDORABOX,2023-05-03 10:12:26,None,pointeuse_Door1_Entrance Card Reader1,-,Original Records,-,-,-
'7,Frih Ilyas,PANDORABOX,2023-05-03 13:40:54,None,pointeuse_Door1_Entrance Card Reader1,-,Original Records,-,-,-
'7,Frih Ilyas,PANDORABOX,2023-05-03 19:38:18,None,pointeuse_Door1_Entrance Card Reader1,-,Original Records,-,-,-
'7,Frih Ilyas,PANDORABOX,2023-05-04 09:52:11,None,pointeuse_Door1_Entrance Card Reader1,-,Original Records,-,-,-
'7,Frih Ilyas,PANDORABOX,2023-05-04 13:19:08,None,pointeuse_Door1_Entrance Card Reader1,-,Original Records,-,-,-
'7,Frih Ilyas,PANDORABOX,2023-05-04 14:05:07,None,pointeuse_Door1_Entrance Card Reader1,-,Original Records,-,-,-
'7,Frih Ilyas,PANDORABOX,2023-05-04 16:31:54,None,pointeuse_Door1_Entrance Card Reader1,-,Original Records,-,-,-
'7,Frih Ilyas,PANDORABOX,2023-05-04 19:04:15,None,pointeuse_Door1_Entrance Card Reader1,-,Original Records,-,-,-
'7,Frih Ilyas,PANDORABOX,2023-05-05 09:50:32,None,pointeuse_Door1_Entrance Card Reader1,-,Original Records,-,-,-
'7,Frih Ilyas,PANDORABOX,2023-05-05 13:15:27,None,pointeuse_Door1_Entrance Card Reader1,-,Original Records,-,-,-
'7,Frih Ilyas,PANDORABOX,2023-05-05 14:04:55,None,pointeuse_Door1_Entrance Card Reader1,-,Original Records,-,-,-
'7,Frih Ilyas,PANDORABOX,2023-05-05 18:18:57,None,pointeuse_Door1_Entrance Card Reader1,-,Original Records,-,-,-
'7,Frih Ilyas,PANDORABOX,2023-05-08 09:46:35,None,pointeuse_Door1_Entrance Card Reader1,-,Original Records,-,-,-
'7,Frih Ilyas,PANDORABOX,2023-05-08 12:56:21,None,pointeuse_Door1_Entrance Card Reader1,-,Original Records,-,-,-
'7,Frih Ilyas,PANDORABOX,2023-05-08 14:53:31,None,pointeuse_Door1_Entrance Card Reader1,-,Original Records,-,-,-
'7,Frih Ilyas,PANDORABOX,2023-05-08 16:31:27,None,pointeuse_Door1_Entrance Card Reader1,-,Original Records,-,-,-
'7,Frih Ilyas,PANDORABOX,2023-05-08 18:26:14,None,pointeuse_Door1_Entrance Card Reader1,-,Original Records,-,-,-
'7,Frih Ilyas,PANDORABOX,2023-05-09 09:45:01,None,pointeuse_Door1_Entrance Card Reader1,-,Original Records,-,-,-
'7,Frih Ilyas,PANDORABOX,2023-05-09 13:15:56,None,pointeuse_Door1_Entrance Card Reader1,-,Original Records,-,-,-
'7,Frih Ilyas,PANDORABOX,2023-05-09 14:55:52,None,pointeuse_Door1_Entrance Card Reader1,-,Original Records,-,-,-
'7,Frih Ilyas,PANDORABOX,2023-05-09 18:23:26,None,pointeuse_Door1_Entrance Card Reader1,-,Original Records,-,-,-
'7,Frih Ilyas,PANDORABOX,2023-05-11 10:57:35,None,pointeuse_Door1_Entrance Card Reader1,-,Original Records,-,-,-
'7,Frih Ilyas,PANDORABOX,2023-05-11 13:16:57,None,pointeuse_Door1_Entrance Card Reader1,-,Original Records,-,-,-
'7,Frih Ilyas,PANDORABOX,2023-05-11 17:54:41,None,pointeuse_Door1_Entrance Card Reader1,-,Original Records,-,-,-
'7,Frih Ilyas,PANDORABOX,2023-05-12 10:04:49,None,pointeuse_Door1_Entrance Card Reader1,-,Original Records,-,-,-
'7,Frih Ilyas,PANDORABOX,2023-05-12 13:23:37,None,pointeuse_Door1_Entrance Card Reader1,-,Original Records,-,-,-
'7,Frih Ilyas,PANDORABOX,2023-05-12 15:13:12,None,pointeuse_Door1_Entrance Card Reader1,-,Original Records,-,-,-
'7,Frih Ilyas,PANDORABOX,2023-05-12 18:15:27,None,pointeuse_Door1_Entrance Card Reader1,-,Original Records,-,-,-
'7,Frih Ilyas,PANDORABOX,2023-05-15 09:27:00,None,pointeuse_Door1_Entrance Card Reader1,-,Original Records,-,-,-
'7,Frih Ilyas,PANDORABOX,2023-05-15 13:06:00,None,pointeuse_Door1_Entrance Card Reader1,-,Original Records,-,-,-
'7,Frih Ilyas,PANDORABOX,2023-05-15 14:21:32,None,pointeuse_Door1_Entrance Card Reader1,-,Original Records,-,-,-
'7,Frih Ilyas,PANDORABOX,2023-05-15 18:12:05,None,pointeuse_Door1_Entrance Card Reader1,-,Original Records,-,-,-
'7,Frih Ilyas,PANDORABOX,2023-05-16 09:38:57,None,pointeuse_Door1_Entrance Card Reader1,-,Original Records,-,-,-
'7,Frih Ilyas,PANDORABOX,2023-05-16 18:09:36,None,pointeuse_Door1_Entrance Card Reader1,-,Original Records,-,-,-
'7,Frih Ilyas,PANDORABOX,2023-05-17 09:51:12,None,pointeuse_Door1_Entrance Card Reader1,-,Original Records,-,-,-
'7,Frih Ilyas,PANDORABOX,2023-05-17 12:26:04,None,pointeuse_Door1_Entrance Card Reader1,-,Original Records,-,-,-
'7,Frih Ilyas,PANDORABOX,2023-05-17 13:39:29,None,pointeuse_Door1_Entrance Card Reader1,-,Original Records,-,-,-
'7,Frih Ilyas,PANDORABOX,2023-05-17 19:09:30,None,pointeuse_Door1_Entrance Card Reader1,-,Original Records,-,-,-
'7,Frih Ilyas,PANDORABOX,2023-05-18 10:04:29,None,pointeuse_Door1_Entrance Card Reader1,-,Original Records,-,-,-
'7,Frih Ilyas,PANDORABOX,2023-05-18 13:34:26,None,pointeuse_Door1_Entrance Card Reader1,-,Original Records,-,-,-
'7,Frih Ilyas,PANDORABOX,2023-05-18 18:25:07,None,pointeuse_Door1_Entrance Card Reader1,-,Original Records,-,-,-
'7,Frih Ilyas,PANDORABOX,2023-05-19 09:41:46,None,pointeuse_Door1_Entrance Card Reader1,-,Original Records,-,-,-
'7,Frih Ilyas,PANDORABOX,2023-05-19 13:25:40,None,pointeuse_Door1_Entrance Card Reader1,-,Original Records,-,-,-
'7,Frih Ilyas,PANDORABOX,2023-05-19 15:05:41,None,pointeuse_Door1_Entrance Card Reader1,-,Original Records,-,-,-
'7,Frih Ilyas,PANDORABOX,2023-05-19 19:02:36,None,pointeuse_Door1_Entrance Card Reader1,-,Original Records,-,-,-
'7,Frih Ilyas,PANDORABOX,2023-05-22 09:35:28,None,pointeuse_Door1_Entrance Card Reader1,-,Original Records,-,-,-
'7,Frih Ilyas,PANDORABOX,2023-05-22 12:55:34,None,pointeuse_Door1_Entrance Card Reader1,-,Original Records,-,-,-
'7,Frih Ilyas,PANDORABOX,2023-05-22 14:37:26,None,pointeuse_Door1_Entrance Card Reader1,-,Original Records,-,-,-
'7,Frih Ilyas,PANDORABOX,2023-05-22 18:19:59,None,pointeuse_Door1_Entrance Card Reader1,-,Original Records,-,-,-
'7,Frih Ilyas,PANDORABOX,2023-05-23 10:01:14,None,pointeuse_Door1_Entrance Card Reader1,-,Original Records,-,-,-
'7,Frih Ilyas,PANDORABOX,2023-05-23 13:42:36,None,pointeuse_Door1_Entrance Card Reader1,-,Original Records,-,-,-
'7,Frih Ilyas,PANDORABOX,2023-05-23 14:58:15,None,pointeuse_Door1_Entrance Card Reader1,-,Original Records,-,-,-
'7,Frih Ilyas,PANDORABOX,2023-05-23 18:33:54,None,pointeuse_Door1_Entrance Card Reader1,-,Original Records,-,-,-
'7,Frih Ilyas,PANDORABOX,2023-05-24 09:54:18,None,pointeuse_Door1_Entrance Card Reader1,-,Original Records,-,-,-
'7,Frih Ilyas,PANDORABOX,2023-05-24 14:51:50,None,pointeuse_Door1_Entrance Card Reader1,-,Original Records,-,-,-
'7,Frih Ilyas,PANDORABOX,2023-05-24 15:03:01,None,pointeuse_Door1_Entrance Card Reader1,-,Original Records,-,-,-
'7,Frih Ilyas,PANDORABOX,2023-05-24 18:34:31,None,pointeuse_Door1_Entrance Card Reader1,-,Original Records,-,-,-
'8,AYOUB SAHRI,PANDORABOX,2023-04-25 08:02:51,None,pointeuse_Door1_Entrance Card Reader1,-,Original Records,-,-,-
'8,AYOUB SAHRI,PANDORABOX,2023-04-25 13:31:03,None,pointeuse_Door1_Entrance Card Reader1,-,Original Records,-,-,-
'8,AYOUB SAHRI,PANDORABOX,2023-04-25 14:43:15,None,pointeuse_Door1_Entrance Card Reader1,-,Original Records,-,-,-
'8,AYOUB SAHRI,PANDORABOX,2023-04-25 18:18:53,None,pointeuse_Door1_Entrance Card Reader1,-,Original Records,-,-,-
'8,AYOUB SAHRI,PANDORABOX,2023-04-26 09:03:13,None,pointeuse_Door1_Entrance Card Reader1,-,Original Records,-,-,-
'8,AYOUB SAHRI,PANDORABOX,2023-04-26 13:00:32,None,pointeuse_Door1_Entrance Card Reader1,-,Original Records,-,-,-
'8,AYOUB SAHRI,PANDORABOX,2023-04-26 14:00:23,None,pointeuse_Door1_Entrance Card Reader1,-,Original Records,-,-,-
'8,AYOUB SAHRI,PANDORABOX,2023-04-26 18:02:18,None,pointeuse_Door1_Entrance Card Reader1,-,Original Records,-,-,-
'8,AYOUB SAHRI,PANDORABOX,2023-04-26 19:21:47,None,pointeuse_Door1_Entrance Card Reader1,-,Original Records,-,-,-
'8,AYOUB SAHRI,PANDORABOX,2023-04-26 19:27:18,None,pointeuse_Door1_Entrance Card Reader1,-,Original Records,-,-,-
'8,AYOUB SAHRI,PANDORABOX,2023-04-27 08:51:37,None,pointeuse_Door1_Entrance Card Reader1,-,Original Records,-,-,-
'8,AYOUB SAHRI,PANDORABOX,2023-04-27 13:38:45,None,pointeuse_Door1_Entrance Card Reader1,-,Original Records,-,-,-
'8,AYOUB SAHRI,PANDORABOX,2023-04-27 14:17:37,None,pointeuse_Door1_Entrance Card Reader1,-,Original Records,-,-,-
'8,AYOUB SAHRI,PANDORABOX,2023-04-27 18:46:57,None,pointeuse_Door1_Entrance Card Reader1,-,Original Records,-,-,-
'8,AYOUB SAHRI,PANDORABOX,2023-04-28 09:03:11,None,pointeuse_Door1_Entrance Card Reader1,-,Original Records,-,-,-
'8,AYOUB SAHRI,PANDORABOX,2023-04-28 13:15:06,None,pointeuse_Door1_Entrance Card Reader1,-,Original Records,-,-,-
'8,AYOUB SAHRI,PANDORABOX,2023-04-28 14:14:08,None,pointeuse_Door1_Entrance Card Reader1,-,Original Records,-,-,-
'8,AYOUB SAHRI,PANDORABOX,2023-04-28 21:23:16,None,pointeuse_Door1_Entrance Card Reader1,-,Original Records,-,-,-
'8,AYOUB SAHRI,PANDORABOX,2023-05-02 08:49:18,None,pointeuse_Door1_Entrance Card Reader1,-,Original Records,-,-,-
'8,AYOUB SAHRI,PANDORABOX,2023-05-02 13:02:13,None,pointeuse_Door1_Entrance Card Reader1,-,Original Records,-,-,-
'8,AYOUB SAHRI,PANDORABOX,2023-05-02 13:59:56,None,pointeuse_Door1_Entrance Card Reader1,-,Original Records,-,-,-
'8,AYOUB SAHRI,PANDORABOX,2023-05-02 18:06:21,None,pointeuse_Door1_Entrance Card Reader1,-,Original Records,-,-,-
'8,AYOUB SAHRI,PANDORABOX,2023-05-03 09:03:25,None,pointeuse_Door1_Entrance Card Reader1,-,Original Records,-,-,-
'8,AYOUB SAHRI,PANDORABOX,2023-05-03 12:36:03,None,pointeuse_Door1_Entrance Card Reader1,-,Original Records,-,-,-
'8,AYOUB SAHRI,PANDORABOX,2023-05-03 13:34:02,None,pointeuse_Door1_Entrance Card Reader1,-,Original Records,-,-,-
'8,AYOUB SAHRI,PANDORABOX,2023-05-03 18:50:01,None,pointeuse_Door1_Entrance Card Reader1,-,Original Records,-,-,-
'8,AYOUB SAHRI,PANDORABOX,2023-05-04 08:58:36,None,pointeuse_Door1_Entrance Card Reader1,-,Original Records,-,-,-
'8,AYOUB SAHRI,PANDORABOX,2023-05-04 13:06:28,None,pointeuse_Door1_Entrance Card Reader1,-,Original Records,-,-,-
'8,AYOUB SAHRI,PANDORABOX,2023-05-04 14:00:45,None,pointeuse_Door1_Entrance Card Reader1,-,Original Records,-,-,-
'8,AYOUB SAHRI,PANDORABOX,2023-05-04 14:02:29,None,pointeuse_Door1_Entrance Card Reader1,-,Original Records,-,-,-
'8,AYOUB SAHRI,PANDORABOX,2023-05-04 19:14:17,None,pointeuse_Door1_Entrance Card Reader1,-,Original Records,-,-,-
'8,AYOUB SAHRI,PANDORABOX,2023-05-05 09:06:04,None,pointeuse_Door1_Entrance Card Reader1,-,Original Records,-,-,-
'8,AYOUB SAHRI,PANDORABOX,2023-05-05 13:22:59,None,pointeuse_Door1_Entrance Card Reader1,-,Original Records,-,-,-
'8,AYOUB SAHRI,PANDORABOX,2023-05-05 14:28:13,None,pointeuse_Door1_Entrance Card Reader1,-,Original Records,-,-,-
'8,AYOUB SAHRI,PANDORABOX,2023-05-05 18:08:38,None,pointeuse_Door1_Entrance Card Reader1,-,Original Records,-,-,-
'8,AYOUB SAHRI,PANDORABOX,2023-05-08 09:08:07,None,pointeuse_Door1_Entrance Card Reader1,-,Original Records,-,-,-
'8,AYOUB SAHRI,PANDORABOX,2023-05-08 13:49:54,None,pointeuse_Door1_Entrance Card Reader1,-,Original Records,-,-,-
'8,AYOUB SAHRI,PANDORABOX,2023-05-08 18:09:53,None,pointeuse_Door1_Entrance Card Reader1,-,Original Records,-,-,-
'8,AYOUB SAHRI,PANDORABOX,2023-05-09 09:04:44,None,pointeuse_Door1_Entrance Card Reader1,-,Original Records,-,-,-
'8,AYOUB SAHRI,PANDORABOX,2023-05-09 13:20:51,None,pointeuse_Door1_Entrance Card Reader1,-,Original Records,-,-,-
'8,AYOUB SAHRI,PANDORABOX,2023-05-09 14:19:48,None,pointeuse_Door1_Entrance Card Reader1,-,Original Records,-,-,-
'8,AYOUB SAHRI,PANDORABOX,2023-05-09 18:15:29,None,pointeuse_Door1_Entrance Card Reader1,-,Original Records,-,-,-
'8,AYOUB SAHRI,PANDORABOX,2023-05-11 09:20:13,None,pointeuse_Door1_Entrance Card Reader1,-,Original Records,-,-,-
'8,AYOUB SAHRI,PANDORABOX,2023-05-11 12:54:46,None,pointeuse_Door1_Entrance Card Reader1,-,Original Records,-,-,-
'8,AYOUB SAHRI,PANDORABOX,2023-05-11 13:55:57,None,pointeuse_Door1_Entrance Card Reader1,-,Original Records,-,-,-
'8,AYOUB SAHRI,PANDORABOX,2023-05-11 18:21:53,None,pointeuse_Door1_Entrance Card Reader1,-,Original Records,-,-,-
'8,AYOUB SAHRI,PANDORABOX,2023-05-11 18:37:36,None,pointeuse_Door1_Entrance Card Reader1,-,Original Records,-,-,-
'8,AYOUB SAHRI,PANDORABOX,2023-05-12 09:06:09,None,pointeuse_Door1_Entrance Card Reader1,-,Original Records,-,-,-
'8,AYOUB SAHRI,PANDORABOX,2023-05-12 13:20:10,None,pointeuse_Door1_Entrance Card Reader1,-,Original Records,-,-,-
'8,AYOUB SAHRI,PANDORABOX,2023-05-12 13:23:02,None,pointeuse_Door1_Entrance Card Reader1,-,Original Records,-,-,-
'8,AYOUB SAHRI,PANDORABOX,2023-05-12 13:50:05,None,pointeuse_Door1_Entrance Card Reader1,-,Original Records,-,-,-
'8,AYOUB SAHRI,PANDORABOX,2023-05-12 18:25:02,None,pointeuse_Door1_Entrance Card Reader1,-,Original Records,-,-,-
'8,AYOUB SAHRI,PANDORABOX,2023-05-15 08:59:22,None,pointeuse_Door1_Entrance Card Reader1,-,Original Records,-,-,-
'8,AYOUB SAHRI,PANDORABOX,2023-05-15 13:37:55,None,pointeuse_Door1_Entrance Card Reader1,-,Original Records,-,-,-
'8,AYOUB SAHRI,PANDORABOX,2023-05-15 14:35:17,None,pointeuse_Door1_Entrance Card Reader1,-,Original Records,-,-,-
'8,AYOUB SAHRI,PANDORABOX,2023-05-15 18:10:18,None,pointeuse_Door1_Entrance Card Reader1,-,Original Records,-,-,-
'8,AYOUB SAHRI,PANDORABOX,2023-05-16 09:15:06,None,pointeuse_Door1_Entrance Card Reader1,-,Original Records,-,-,-
'8,AYOUB SAHRI,PANDORABOX,2023-05-16 13:24:21,None,pointeuse_Door1_Entrance Card Reader1,-,Original Records,-,-,-
'8,AYOUB SAHRI,PANDORABOX,2023-05-16 14:28:16,None,pointeuse_Door1_Entrance Card Reader1,-,Original Records,-,-,-
'8,AYOUB SAHRI,PANDORABOX,2023-05-16 18:59:46,None,pointeuse_Door1_Entrance Card Reader1,-,Original Records,-,-,-
'8,AYOUB SAHRI,PANDORABOX,2023-05-17 09:10:01,None,pointeuse_Door1_Entrance Card Reader1,-,Original Records,-,-,-
'8,AYOUB SAHRI,PANDORABOX,2023-05-17 13:14:26,None,pointeuse_Door1_Entrance Card Reader1,-,Original Records,-,-,-
'8,AYOUB SAHRI,PANDORABOX,2023-05-17 14:05:20,None,pointeuse_Door1_Entrance Card Reader1,-,Original Records,-,-,-
'8,AYOUB SAHRI,PANDORABOX,2023-05-17 18:41:59,None,pointeuse_Door1_Entrance Card Reader1,-,Original Records,-,-,-
'8,AYOUB SAHRI,PANDORABOX,2023-05-18 09:12:03,None,pointeuse_Door1_Entrance Card Reader1,-,Original Records,-,-,-
'8,AYOUB SAHRI,PANDORABOX,2023-05-18 13:54:58,None,pointeuse_Door1_Entrance Card Reader1,-,Original Records,-,-,-
'8,AYOUB SAHRI,PANDORABOX,2023-05-18 14:40:30,None,pointeuse_Door1_Entrance Card Reader1,-,Original Records,-,-,-
'8,AYOUB SAHRI,PANDORABOX,2023-05-18 18:04:14,None,pointeuse_Door1_Entrance Card Reader1,-,Original Records,-,-,-
'8,AYOUB SAHRI,PANDORABOX,2023-05-19 09:00:44,None,pointeuse_Door1_Entrance Card Reader1,-,Original Records,-,-,-
'8,AYOUB SAHRI,PANDORABOX,2023-05-19 13:22:55,None,pointeuse_Door1_Entrance Card Reader1,-,Original Records,-,-,-
'8,AYOUB SAHRI,PANDORABOX,2023-05-19 14:29:20,None,pointeuse_Door1_Entrance Card Reader1,-,Original Records,-,-,-
'8,AYOUB SAHRI,PANDORABOX,2023-05-19 18:17:44,None,pointeuse_Door1_Entrance Card Reader1,-,Original Records,-,-,-
'8,AYOUB SAHRI,PANDORABOX,2023-05-22 08:56:39,None,pointeuse_Door1_Entrance Card Reader1,-,Original Records,-,-,-
'8,AYOUB SAHRI,PANDORABOX,2023-05-22 12:55:28,None,pointeuse_Door1_Entrance Card Reader1,-,Original Records,-,-,-
'8,AYOUB SAHRI,PANDORABOX,2023-05-22 14:37:22,None,pointeuse_Door1_Entrance Card Reader1,-,Original Records,-,-,-
'8,AYOUB SAHRI,PANDORABOX,2023-05-22 18:14:43,None,pointeuse_Door1_Entrance Card Reader1,-,Original Records,-,-,-
'8,AYOUB SAHRI,PANDORABOX,2023-05-23 09:07:16,None,pointeuse_Door1_Entrance Card Reader1,-,Original Records,-,-,-
'8,AYOUB SAHRI,PANDORABOX,2023-05-23 13:21:07,None,pointeuse_Door1_Entrance Card Reader1,-,Original Records,-,-,-
'8,AYOUB SAHRI,PANDORABOX,2023-05-23 14:16:57,None,pointeuse_Door1_Entrance Card Reader1,-,Original Records,-,-,-
'8,AYOUB SAHRI,PANDORABOX,2023-05-23 18:11:17,None,pointeuse_Door1_Entrance Card Reader1,-,Original Records,-,-,-
'8,AYOUB SAHRI,PANDORABOX,2023-05-24 09:18:17,None,pointeuse_Door1_Entrance Card Reader1,-,Original Records,-,-,-
'8,AYOUB SAHRI,PANDORABOX,2023-05-24 13:18:50,None,pointeuse_Door1_Entrance Card Reader1,-,Original Records,-,-,-
'8,AYOUB SAHRI,PANDORABOX,2023-05-24 13:37:26,None,pointeuse_Door1_Entrance Card Reader1,-,Original Records,-,-,-
'8,AYOUB SAHRI,PANDORABOX,2023-05-24 18:41:43,None,pointeuse_Door1_Entrance Card Reader1,-,Original Records,-,-,-
'9,Anouar Zemouri,PANDORABOX,2023-05-03 09:43:11,None,pointeuse_Door1_Entrance Card Reader1,-,Original Records,-,-,-
'9,Anouar Zemouri,PANDORABOX,2023-05-03 11:44:07,None,pointeuse_Door1_Entrance Card Reader1,-,Original Records,-,-,-
'9,Anouar Zemouri,PANDORABOX,2023-05-03 15:12:50,None,pointeuse_Door1_Entrance Card Reader1,-,Original Records,-,-,-
'9,Anouar Zemouri,PANDORABOX,2023-05-04 09:50:04,None,pointeuse_Door1_Entrance Card Reader1,-,Original Records,-,-,-
'9,Anouar Zemouri,PANDORABOX,2023-05-15 10:48:18,None,pointeuse_Door1_Entrance Card Reader1,-,Original Records,-,-,-
'9,Anouar Zemouri,PANDORABOX,2023-05-15 15:07:21,None,pointeuse_Door1_Entrance Card Reader1,-,Original Records,-,-,-
'9,Anouar Zemouri,PANDORABOX,2023-05-16 09:36:47,None,pointeuse_Door1_Entrance Card Reader1,-,Original Records,-,-,-
'9,Anouar Zemouri,PANDORABOX,2023-05-17 09:58:53,None,pointeuse_Door1_Entrance Card Reader1,-,Original Records,-,-,-
'9,Anouar Zemouri,PANDORABOX,2023-05-22 11:07:50,None,pointeuse_Door1_Entrance Card Reader1,-,Original Records,-,-,-
'9,Anouar Zemouri,PANDORABOX,2023-05-23 11:50:26,None,pointeuse_Door1_Entrance Card Reader1,-,Original Records,-,-,-
'9,Anouar Zemouri,PANDORABOX,2023-05-24 10:25:00,None,pointeuse_Door1_Entrance Card Reader1,-,Original Records,-,-,-
'9,Anouar Zemouri,PANDORABOX,2023-05-24 10:59:02,None,pointeuse_Door1_Entrance Card Reader1,-,Original Records,-,-,-
'11,AYOUB  ZIANI,PANDORABOX,2023-04-25 08:54:50,None,pointeuse_Door1_Entrance Card Reader1,-,Original Records,-,-,-
'11,AYOUB  ZIANI,PANDORABOX,2023-04-25 12:07:16,None,pointeuse_Door1_Entrance Card Reader1,-,Original Records,-,-,-
'11,AYOUB  ZIANI,PANDORABOX,2023-04-25 14:22:16,None,pointeuse_Door1_Entrance Card Reader1,-,Original Records,-,-,-
'11,AYOUB  ZIANI,PANDORABOX,2023-04-25 18:07:35,None,pointeuse_Door1_Entrance Card Reader1,-,Original Records,-,-,-
'11,AYOUB  ZIANI,PANDORABOX,2023-04-26 09:36:39,None,pointeuse_Door1_Entrance Card Reader1,-,Original Records,-,-,-
'11,AYOUB  ZIANI,PANDORABOX,2023-04-26 12:46:21,None,pointeuse_Door1_Entrance Card Reader1,-,Original Records,-,-,-
'11,AYOUB  ZIANI,PANDORABOX,2023-04-26 13:53:42,None,pointeuse_Door1_Entrance Card Reader1,-,Original Records,-,-,-
'11,AYOUB  ZIANI,PANDORABOX,2023-04-26 18:02:08,None,pointeuse_Door1_Entrance Card Reader1,-,Original Records,-,-,-
'11,AYOUB  ZIANI,PANDORABOX,2023-04-27 09:29:10,None,pointeuse_Door1_Entrance Card Reader1,-,Original Records,-,-,-
'11,AYOUB  ZIANI,PANDORABOX,2023-04-27 13:07:34,None,pointeuse_Door1_Entrance Card Reader1,-,Original Records,-,-,-
'11,AYOUB  ZIANI,PANDORABOX,2023-04-27 13:38:42,None,pointeuse_Door1_Entrance Card Reader1,-,Original Records,-,-,-
'11,AYOUB  ZIANI,PANDORABOX,2023-04-27 18:53:33,None,pointeuse_Door1_Entrance Card Reader1,-,Original Records,-,-,-
'11,AYOUB  ZIANI,PANDORABOX,2023-04-28 09:23:23,None,pointeuse_Door1_Entrance Card Reader1,-,Original Records,-,-,-
'11,AYOUB  ZIANI,PANDORABOX,2023-04-28 13:17:25,None,pointeuse_Door1_Entrance Card Reader1,-,Original Records,-,-,-
'11,AYOUB  ZIANI,PANDORABOX,2023-04-28 14:48:01,None,pointeuse_Door1_Entrance Card Reader1,-,Original Records,-,-,-
'11,AYOUB  ZIANI,PANDORABOX,2023-04-28 19:17:55,None,pointeuse_Door1_Entrance Card Reader1,-,Original Records,-,-,-
'11,AYOUB  ZIANI,PANDORABOX,2023-04-29 09:56:19,None,pointeuse_Door1_Entrance Card Reader1,-,Original Records,-,-,-
'11,AYOUB  ZIANI,PANDORABOX,2023-04-29 14:17:34,None,pointeuse_Door1_Entrance Card Reader1,-,Original Records,-,-,-
'11,AYOUB  ZIANI,PANDORABOX,2023-04-29 15:07:50,None,pointeuse_Door1_Entrance Card Reader1,-,Original Records,-,-,-
'11,AYOUB  ZIANI,PANDORABOX,2023-04-29 17:08:45,None,pointeuse_Door1_Entrance Card Reader1,-,Original Records,-,-,-
'11,AYOUB  ZIANI,PANDORABOX,2023-05-01 10:31:31,None,pointeuse_Door1_Entrance Card Reader1,-,Original Records,-,-,-
'11,AYOUB  ZIANI,PANDORABOX,2023-05-01 16:19:28,None,pointeuse_Door1_Entrance Card Reader1,-,Original Records,-,-,-
'11,AYOUB  ZIANI,PANDORABOX,2023-05-02 09:06:51,None,pointeuse_Door1_Entrance Card Reader1,-,Original Records,-,-,-
'11,AYOUB  ZIANI,PANDORABOX,2023-05-02 13:57:44,None,pointeuse_Door1_Entrance Card Reader1,-,Original Records,-,-,-
'11,AYOUB  ZIANI,PANDORABOX,2023-05-02 14:51:57,None,pointeuse_Door1_Entrance Card Reader1,-,Original Records,-,-,-
'11,AYOUB  ZIANI,PANDORABOX,2023-05-02 18:06:10,None,pointeuse_Door1_Entrance Card Reader1,-,Original Records,-,-,-
'11,AYOUB  ZIANI,PANDORABOX,2023-05-03 09:20:44,None,pointeuse_Door1_Entrance Card Reader1,-,Original Records,-,-,-
'11,AYOUB  ZIANI,PANDORABOX,2023-05-03 12:28:38,None,pointeuse_Door1_Entrance Card Reader1,-,Original Records,-,-,-
'11,AYOUB  ZIANI,PANDORABOX,2023-05-03 13:23:56,None,pointeuse_Door1_Entrance Card Reader1,-,Original Records,-,-,-
'11,AYOUB  ZIANI,PANDORABOX,2023-05-03 18:20:11,None,pointeuse_Door1_Entrance Card Reader1,-,Original Records,-,-,-
'11,AYOUB  ZIANI,PANDORABOX,2023-05-04 09:20:30,None,pointeuse_Door1_Entrance Card Reader1,-,Original Records,-,-,-
'11,AYOUB  ZIANI,PANDORABOX,2023-05-04 12:39:34,None,pointeuse_Door1_Entrance Card Reader1,-,Original Records,-,-,-
'11,AYOUB  ZIANI,PANDORABOX,2023-05-04 13:40:26,None,pointeuse_Door1_Entrance Card Reader1,-,Original Records,-,-,-
'11,AYOUB  ZIANI,PANDORABOX,2023-05-04 19:10:15,None,pointeuse_Door1_Entrance Card Reader1,-,Original Records,-,-,-
'11,AYOUB  ZIANI,PANDORABOX,2023-05-05 09:12:46,None,pointeuse_Door1_Entrance Card Reader1,-,Original Records,-,-,-
'11,AYOUB  ZIANI,PANDORABOX,2023-05-05 13:25:58,None,pointeuse_Door1_Entrance Card Reader1,-,Original Records,-,-,-
'11,AYOUB  ZIANI,PANDORABOX,2023-05-05 14:53:12,None,pointeuse_Door1_Entrance Card Reader1,-,Original Records,-,-,-
'11,AYOUB  ZIANI,PANDORABOX,2023-05-05 18:58:46,None,pointeuse_Door1_Entrance Card Reader1,-,Original Records,-,-,-
'11,AYOUB  ZIANI,PANDORABOX,2023-05-08 09:30:50,None,pointeuse_Door1_Entrance Card Reader1,-,Original Records,-,-,-
'11,AYOUB  ZIANI,PANDORABOX,2023-05-08 12:49:21,None,pointeuse_Door1_Entrance Card Reader1,-,Original Records,-,-,-
'11,AYOUB  ZIANI,PANDORABOX,2023-05-08 13:49:55,None,pointeuse_Door1_Entrance Card Reader1,-,Original Records,-,-,-
'11,AYOUB  ZIANI,PANDORABOX,2023-05-08 18:09:49,None,pointeuse_Door1_Entrance Card Reader1,-,Original Records,-,-,-
'11,AYOUB  ZIANI,PANDORABOX,2023-05-09 09:28:09,None,pointeuse_Door1_Entrance Card Reader1,-,Original Records,-,-,-
'11,AYOUB  ZIANI,PANDORABOX,2023-05-09 13:16:14,None,pointeuse_Door1_Entrance Card Reader1,-,Original Records,-,-,-
'11,AYOUB  ZIANI,PANDORABOX,2023-05-09 14:27:01,None,pointeuse_Door1_Entrance Card Reader1,-,Original Records,-,-,-
'11,AYOUB  ZIANI,PANDORABOX,2023-05-09 18:23:45,None,pointeuse_Door1_Entrance Card Reader1,-,Original Records,-,-,-
'11,AYOUB  ZIANI,PANDORABOX,2023-05-10 09:24:33,None,pointeuse_Door1_Entrance Card Reader1,-,Original Records,-,-,-
'11,AYOUB  ZIANI,PANDORABOX,2023-05-10 13:32:00,None,pointeuse_Door1_Entrance Card Reader1,-,Original Records,-,-,-
'11,AYOUB  ZIANI,PANDORABOX,2023-05-10 14:45:29,None,pointeuse_Door1_Entrance Card Reader1,-,Original Records,-,-,-
'11,AYOUB  ZIANI,PANDORABOX,2023-05-10 18:32:25,None,pointeuse_Door1_Entrance Card Reader1,-,Original Records,-,-,-
'11,AYOUB  ZIANI,PANDORABOX,2023-05-11 09:12:08,None,pointeuse_Door1_Entrance Card Reader1,-,Original Records,-,-,-
'11,AYOUB  ZIANI,PANDORABOX,2023-05-11 13:36:21,None,pointeuse_Door1_Entrance Card Reader1,-,Original Records,-,-,-
'11,AYOUB  ZIANI,PANDORABOX,2023-05-11 14:38:56,None,pointeuse_Door1_Entrance Card Reader1,-,Original Records,-,-,-
'11,AYOUB  ZIANI,PANDORABOX,2023-05-11 18:06:23,None,pointeuse_Door1_Entrance Card Reader1,-,Original Records,-,-,-
'11,AYOUB  ZIANI,PANDORABOX,2023-05-12 09:24:31,None,pointeuse_Door1_Entrance Card Reader1,-,Original Records,-,-,-
'11,AYOUB  ZIANI,PANDORABOX,2023-05-12 13:17:42,None,pointeuse_Door1_Entrance Card Reader1,-,Original Records,-,-,-
'11,AYOUB  ZIANI,PANDORABOX,2023-05-12 14:54:49,None,pointeuse_Door1_Entrance Card Reader1,-,Original Records,-,-,-
'11,AYOUB  ZIANI,PANDORABOX,2023-05-12 18:15:20,None,pointeuse_Door1_Entrance Card Reader1,-,Original Records,-,-,-
'11,AYOUB  ZIANI,PANDORABOX,2023-05-15 09:23:28,None,pointeuse_Door1_Entrance Card Reader1,-,Original Records,-,-,-
'11,AYOUB  ZIANI,PANDORABOX,2023-05-15 13:10:58,None,pointeuse_Door1_Entrance Card Reader1,-,Original Records,-,-,-
'11,AYOUB  ZIANI,PANDORABOX,2023-05-15 14:13:16,None,pointeuse_Door1_Entrance Card Reader1,-,Original Records,-,-,-
'11,AYOUB  ZIANI,PANDORABOX,2023-05-15 18:12:30,None,pointeuse_Door1_Entrance Card Reader1,-,Original Records,-,-,-
'11,AYOUB  ZIANI,PANDORABOX,2023-05-16 09:21:12,None,pointeuse_Door1_Entrance Card Reader1,-,Original Records,-,-,-
'11,AYOUB  ZIANI,PANDORABOX,2023-05-16 13:10:46,None,pointeuse_Door1_Entrance Card Reader1,-,Original Records,-,-,-
'11,AYOUB  ZIANI,PANDORABOX,2023-05-16 14:28:02,None,pointeuse_Door1_Entrance Card Reader1,-,Original Records,-,-,-
'11,AYOUB  ZIANI,PANDORABOX,2023-05-16 18:10:40,None,pointeuse_Door1_Entrance Card Reader1,-,Original Records,-,-,-
'11,AYOUB  ZIANI,PANDORABOX,2023-05-17 09:32:11,None,pointeuse_Door1_Entrance Card Reader1,-,Original Records,-,-,-
'11,AYOUB  ZIANI,PANDORABOX,2023-05-17 12:26:10,None,pointeuse_Door1_Entrance Card Reader1,-,Original Records,-,-,-
'11,AYOUB  ZIANI,PANDORABOX,2023-05-17 13:39:33,None,pointeuse_Door1_Entrance Card Reader1,-,Original Records,-,-,-
'11,AYOUB  ZIANI,PANDORABOX,2023-05-17 18:15:55,None,pointeuse_Door1_Entrance Card Reader1,-,Original Records,-,-,-
'11,AYOUB  ZIANI,PANDORABOX,2023-05-18 09:05:36,None,pointeuse_Door1_Entrance Card Reader1,-,Original Records,-,-,-
'11,AYOUB  ZIANI,PANDORABOX,2023-05-18 10:30:11,None,pointeuse_Door1_Entrance Card Reader1,-,Original Records,-,-,-
'11,AYOUB  ZIANI,PANDORABOX,2023-05-18 13:10:26,None,pointeuse_Door1_Entrance Card Reader1,-,Original Records,-,-,-
'11,AYOUB  ZIANI,PANDORABOX,2023-05-18 18:30:45,None,pointeuse_Door1_Entrance Card Reader1,-,Original Records,-,-,-
'11,AYOUB  ZIANI,PANDORABOX,2023-05-19 09:19:34,None,pointeuse_Door1_Entrance Card Reader1,-,Original Records,-,-,-
'11,AYOUB  ZIANI,PANDORABOX,2023-05-19 13:23:12,None,pointeuse_Door1_Entrance Card Reader1,-,Original Records,-,-,-
'11,AYOUB  ZIANI,PANDORABOX,2023-05-19 15:00:42,None,pointeuse_Door1_Entrance Card Reader1,-,Original Records,-,-,-
'11,AYOUB  ZIANI,PANDORABOX,2023-05-19 18:08:15,None,pointeuse_Door1_Entrance Card Reader1,-,Original Records,-,-,-
'11,AYOUB  ZIANI,PANDORABOX,2023-05-22 09:19:41,None,pointeuse_Door1_Entrance Card Reader1,-,Original Records,-,-,-
'11,AYOUB  ZIANI,PANDORABOX,2023-05-22 13:17:30,None,pointeuse_Door1_Entrance Card Reader1,-,Original Records,-,-,-
'11,AYOUB  ZIANI,PANDORABOX,2023-05-22 14:16:15,None,pointeuse_Door1_Entrance Card Reader1,-,Original Records,-,-,-
'11,AYOUB  ZIANI,PANDORABOX,2023-05-22 18:32:03,None,pointeuse_Door1_Entrance Card Reader1,-,Original Records,-,-,-
'11,AYOUB  ZIANI,PANDORABOX,2023-05-23 09:16:30,None,pointeuse_Door1_Entrance Card Reader1,-,Original Records,-,-,-
'11,AYOUB  ZIANI,PANDORABOX,2023-05-23 13:15:34,None,pointeuse_Door1_Entrance Card Reader1,-,Original Records,-,-,-
'11,AYOUB  ZIANI,PANDORABOX,2023-05-23 14:12:34,None,pointeuse_Door1_Entrance Card Reader1,-,Original Records,-,-,-
'11,AYOUB  ZIANI,PANDORABOX,2023-05-23 18:18:21,None,pointeuse_Door1_Entrance Card Reader1,-,Original Records,-,-,-
'11,AYOUB  ZIANI,PANDORABOX,2023-05-24 09:18:24,None,pointeuse_Door1_Entrance Card Reader1,-,Original Records,-,-,-
'11,AYOUB  ZIANI,PANDORABOX,2023-05-24 13:06:43,None,pointeuse_Door1_Entrance Card Reader1,-,Original Records,-,-,-
'11,AYOUB  ZIANI,PANDORABOX,2023-05-24 13:50:05,None,pointeuse_Door1_Entrance Card Reader1,-,Original Records,-,-,-
'11,AYOUB  ZIANI,PANDORABOX,2023-05-24 18:26:31,None,pointeuse_Door1_Entrance Card Reader1,-,Original Records,-,-,-
'14,ASMAE BENAMAR,PANDORABOX,2023-04-27 17:56:31,None,pointeuse_Door1_Entrance Card Reader1,-,Original Records,-,-,-
'14,ASMAE BENAMAR,PANDORABOX,2023-05-02 18:51:14,None,pointeuse_Door1_Entrance Card Reader1,-,Original Records,-,-,-
'14,ASMAE BENAMAR,PANDORABOX,2023-05-02 18:51:15,None,pointeuse_Door1_Entrance Card Reader1,-,Original Records,-,-,-
'14,ASMAE BENAMAR,PANDORABOX,2023-05-07 19:33:01,None,pointeuse_Door1_Entrance Card Reader1,-,Original Records,-,-,-
'14,ASMAE BENAMAR,PANDORABOX,2023-05-08 17:38:30,None,pointeuse_Door1_Entrance Card Reader1,-,Original Records,-,-,-
'14,ASMAE BENAMAR,PANDORABOX,2023-05-09 18:36:47,None,pointeuse_Door1_Entrance Card Reader1,-,Original Records,-,-,-
'14,ASMAE BENAMAR,PANDORABOX,2023-05-11 17:22:22,None,pointeuse_Door1_Entrance Card Reader1,-,Original Records,-,-,-
'14,ASMAE BENAMAR,PANDORABOX,2023-05-15 18:13:01,None,pointeuse_Door1_Entrance Card Reader1,-,Original Records,-,-,-
'14,ASMAE BENAMAR,PANDORABOX,2023-05-16 18:12:41,None,pointeuse_Door1_Entrance Card Reader1,-,Original Records,-,-,-
'14,ASMAE BENAMAR,PANDORABOX,2023-05-18 17:57:58,None,pointeuse_Door1_Entrance Card Reader1,-,Original Records,-,-,-
'14,ASMAE BENAMAR,PANDORABOX,2023-05-18 17:58:09,None,pointeuse_Door1_Entrance Card Reader1,-,Original Records,-,-,-
'14,ASMAE BENAMAR,PANDORABOX,2023-05-18 17:58:15,None,pointeuse_Door1_Entrance Card Reader1,-,Original Records,-,-,-
'14,ASMAE BENAMAR,PANDORABOX,2023-05-18 17:58:20,None,pointeuse_Door1_Entrance Card Reader1,-,Original Records,-,-,-
'14,ASMAE BENAMAR,PANDORABOX,2023-05-20 19:00:41,None,pointeuse_Door1_Entrance Card Reader1,-,Original Records,-,-,-
'14,ASMAE BENAMAR,PANDORABOX,2023-05-20 19:00:45,None,pointeuse_Door1_Entrance Card Reader1,-,Original Records,-,-,-
'14,ASMAE BENAMAR,PANDORABOX,2023-05-20 19:00:46,None,pointeuse_Door1_Entrance Card Reader1,-,Original Records,-,-,-
'14,ASMAE BENAMAR,PANDORABOX,2023-05-20 19:00:55,None,pointeuse_Door1_Entrance Card Reader1,-,Original Records,-,-,-
'14,ASMAE BENAMAR,PANDORABOX,2023-05-24 07:56:47,None,pointeuse_Door1_Entrance Card Reader1,-,Original Records,-,-,-
'15,SOUFIAN TAIEBOUNE,PANDORABOX,2023-05-02 10:35:38,None,pointeuse_Door1_Entrance Card Reader1,-,Original Records,-,-,-
'15,SOUFIAN TAIEBOUNE,PANDORABOX,2023-05-04 09:54:23,None,pointeuse_Door1_Entrance Card Reader1,-,Original Records,-,-,-
'15,SOUFIAN TAIEBOUNE,PANDORABOX,2023-05-04 15:08:59,None,pointeuse_Door1_Entrance Card Reader1,-,Original Records,-,-,-
'15,SOUFIAN TAIEBOUNE,PANDORABOX,2023-05-05 10:13:15,None,pointeuse_Door1_Entrance Card Reader1,-,Original Records,-,-,-
'15,SOUFIAN TAIEBOUNE,PANDORABOX,2023-05-15 08:55:10,None,pointeuse_Door1_Entrance Card Reader1,-,Original Records,-,-,-
'15,SOUFIAN TAIEBOUNE,PANDORABOX,2023-05-16 12:02:56,None,pointeuse_Door1_Entrance Card Reader1,-,Original Records,-,-,-
'15,SOUFIAN TAIEBOUNE,PANDORABOX,2023-05-17 12:27:03,None,pointeuse_Door1_Entrance Card Reader1,-,Original Records,-,-,-
'15,SOUFIAN TAIEBOUNE,PANDORABOX,2023-05-17 17:36:06,None,pointeuse_Door1_Entrance Card Reader1,-,Original Records,-,-,-
'15,SOUFIAN TAIEBOUNE,PANDORABOX,2023-05-22 11:28:30,None,pointeuse_Door1_Entrance Card Reader1,-,Original Records,-,-,-
'15,SOUFIAN TAIEBOUNE,PANDORABOX,2023-05-22 15:27:29,None,pointeuse_Door1_Entrance Card Reader1,-,Original Records,-,-,-
'15,SOUFIAN TAIEBOUNE,PANDORABOX,2023-05-24 10:29:01,None,pointeuse_Door1_Entrance Card Reader1,-,Original Records,-,-,-
'22,FIRDAOUSS HARMOUCH,PANDORABOX,2023-04-25 07:59:45,None,pointeuse_Door1_Entrance Card Reader1,-,Original Records,-,-,-
'22,FIRDAOUSS HARMOUCH,PANDORABOX,2023-04-25 13:31:09,None,pointeuse_Door1_Entrance Card Reader1,-,Original Records,-,-,-
'22,FIRDAOUSS HARMOUCH,PANDORABOX,2023-04-25 14:43:13,None,pointeuse_Door1_Entrance Card Reader1,-,Original Records,-,-,-
'22,FIRDAOUSS HARMOUCH,PANDORABOX,2023-04-25 18:09:43,None,pointeuse_Door1_Entrance Card Reader1,-,Original Records,-,-,-
'22,FIRDAOUSS HARMOUCH,PANDORABOX,2023-04-26 09:27:02,None,pointeuse_Door1_Entrance Card Reader1,-,Original Records,-,-,-
'22,FIRDAOUSS HARMOUCH,PANDORABOX,2023-04-26 13:00:55,None,pointeuse_Door1_Entrance Card Reader1,-,Original Records,-,-,-
'22,FIRDAOUSS HARMOUCH,PANDORABOX,2023-04-26 14:03:40,None,pointeuse_Door1_Entrance Card Reader1,-,Original Records,-,-,-
'22,FIRDAOUSS HARMOUCH,PANDORABOX,2023-04-26 18:36:09,None,pointeuse_Door1_Entrance Card Reader1,-,Original Records,-,-,-
'22,FIRDAOUSS HARMOUCH,PANDORABOX,2023-04-27 09:05:55,None,pointeuse_Door1_Entrance Card Reader1,-,Original Records,-,-,-
'22,FIRDAOUSS HARMOUCH,PANDORABOX,2023-04-27 13:52:07,None,pointeuse_Door1_Entrance Card Reader1,-,Original Records,-,-,-
'22,FIRDAOUSS HARMOUCH,PANDORABOX,2023-04-27 14:44:50,None,pointeuse_Door1_Entrance Card Reader1,-,Original Records,-,-,-
'22,FIRDAOUSS HARMOUCH,PANDORABOX,2023-04-27 18:46:10,None,pointeuse_Door1_Entrance Card Reader1,-,Original Records,-,-,-
'22,FIRDAOUSS HARMOUCH,PANDORABOX,2023-04-28 09:01:02,None,pointeuse_Door1_Entrance Card Reader1,-,Original Records,-,-,-
'22,FIRDAOUSS HARMOUCH,PANDORABOX,2023-04-28 13:12:54,None,pointeuse_Door1_Entrance Card Reader1,-,Original Records,-,-,-
'22,FIRDAOUSS HARMOUCH,PANDORABOX,2023-04-28 14:16:21,None,pointeuse_Door1_Entrance Card Reader1,-,Original Records,-,-,-
'22,FIRDAOUSS HARMOUCH,PANDORABOX,2023-04-28 18:24:55,None,pointeuse_Door1_Entrance Card Reader1,-,Original Records,-,-,-
'22,FIRDAOUSS HARMOUCH,PANDORABOX,2023-05-02 09:04:51,None,pointeuse_Door1_Entrance Card Reader1,-,Original Records,-,-,-
'22,FIRDAOUSS HARMOUCH,PANDORABOX,2023-05-02 13:10:18,None,pointeuse_Door1_Entrance Card Reader1,-,Original Records,-,-,-
'22,FIRDAOUSS HARMOUCH,PANDORABOX,2023-05-02 14:11:57,None,pointeuse_Door1_Entrance Card Reader1,-,Original Records,-,-,-
'22,FIRDAOUSS HARMOUCH,PANDORABOX,2023-05-02 15:46:20,None,pointeuse_Door1_Entrance Card Reader1,-,Original Records,-,-,-
'22,FIRDAOUSS HARMOUCH,PANDORABOX,2023-05-02 15:46:24,None,pointeuse_Door1_Entrance Card Reader1,-,Original Records,-,-,-
'22,FIRDAOUSS HARMOUCH,PANDORABOX,2023-05-02 18:07:54,None,pointeuse_Door1_Entrance Card Reader1,-,Original Records,-,-,-
'22,FIRDAOUSS HARMOUCH,PANDORABOX,2023-05-03 09:07:48,None,pointeuse_Door1_Entrance Card Reader1,-,Original Records,-,-,-
'22,FIRDAOUSS HARMOUCH,PANDORABOX,2023-05-03 13:15:36,None,pointeuse_Door1_Entrance Card Reader1,-,Original Records,-,-,-
'22,FIRDAOUSS HARMOUCH,PANDORABOX,2023-05-03 14:11:42,None,pointeuse_Door1_Entrance Card Reader1,-,Original Records,-,-,-
'22,FIRDAOUSS HARMOUCH,PANDORABOX,2023-05-03 18:15:42,None,pointeuse_Door1_Entrance Card Reader1,-,Original Records,-,-,-
'22,FIRDAOUSS HARMOUCH,PANDORABOX,2023-05-04 09:27:37,None,pointeuse_Door1_Entrance Card Reader1,-,Original Records,-,-,-
'22,FIRDAOUSS HARMOUCH,PANDORABOX,2023-05-04 13:03:45,None,pointeuse_Door1_Entrance Card Reader1,-,Original Records,-,-,-
'22,FIRDAOUSS HARMOUCH,PANDORABOX,2023-05-04 14:02:50,None,pointeuse_Door1_Entrance Card Reader1,-,Original Records,-,-,-
'22,FIRDAOUSS HARMOUCH,PANDORABOX,2023-05-04 18:46:41,None,pointeuse_Door1_Entrance Card Reader1,-,Original Records,-,-,-
'22,FIRDAOUSS HARMOUCH,PANDORABOX,2023-05-05 09:06:10,None,pointeuse_Door1_Entrance Card Reader1,-,Original Records,-,-,-
'22,FIRDAOUSS HARMOUCH,PANDORABOX,2023-05-05 13:18:05,None,pointeuse_Door1_Entrance Card Reader1,-,Original Records,-,-,-
'22,FIRDAOUSS HARMOUCH,PANDORABOX,2023-05-05 14:56:11,None,pointeuse_Door1_Entrance Card Reader1,-,Original Records,-,-,-
'22,FIRDAOUSS HARMOUCH,PANDORABOX,2023-05-05 18:43:20,None,pointeuse_Door1_Entrance Card Reader1,-,Original Records,-,-,-
'22,FIRDAOUSS HARMOUCH,PANDORABOX,2023-05-08 09:09:34,None,pointeuse_Door1_Entrance Card Reader1,-,Original Records,-,-,-
'22,FIRDAOUSS HARMOUCH,PANDORABOX,2023-05-08 13:03:23,None,pointeuse_Door1_Entrance Card Reader1,-,Original Records,-,-,-
'22,FIRDAOUSS HARMOUCH,PANDORABOX,2023-05-08 14:09:07,None,pointeuse_Door1_Entrance Card Reader1,-,Original Records,-,-,-
'22,FIRDAOUSS HARMOUCH,PANDORABOX,2023-05-08 18:15:19,None,pointeuse_Door1_Entrance Card Reader1,-,Original Records,-,-,-
'22,FIRDAOUSS HARMOUCH,PANDORABOX,2023-05-09 09:00:14,None,pointeuse_Door1_Entrance Card Reader1,-,Original Records,-,-,-
'22,FIRDAOUSS HARMOUCH,PANDORABOX,2023-05-09 13:25:21,None,pointeuse_Door1_Entrance Card Reader1,-,Original Records,-,-,-
'22,FIRDAOUSS HARMOUCH,PANDORABOX,2023-05-09 14:27:13,None,pointeuse_Door1_Entrance Card Reader1,-,Original Records,-,-,-
'22,FIRDAOUSS HARMOUCH,PANDORABOX,2023-05-09 18:07:05,None,pointeuse_Door1_Entrance Card Reader1,-,Original Records,-,-,-
'22,FIRDAOUSS HARMOUCH,PANDORABOX,2023-05-10 09:08:49,None,pointeuse_Door1_Entrance Card Reader1,-,Original Records,-,-,-
'22,FIRDAOUSS HARMOUCH,PANDORABOX,2023-05-10 13:23:31,None,pointeuse_Door1_Entrance Card Reader1,-,Original Records,-,-,-
'22,FIRDAOUSS HARMOUCH,PANDORABOX,2023-05-10 14:24:49,None,pointeuse_Door1_Entrance Card Reader1,-,Original Records,-,-,-
'22,FIRDAOUSS HARMOUCH,PANDORABOX,2023-05-10 18:13:34,None,pointeuse_Door1_Entrance Card Reader1,-,Original Records,-,-,-
'22,FIRDAOUSS HARMOUCH,PANDORABOX,2023-05-11 08:59:50,None,pointeuse_Door1_Entrance Card Reader1,-,Original Records,-,-,-
'22,FIRDAOUSS HARMOUCH,PANDORABOX,2023-05-11 12:54:28,None,pointeuse_Door1_Entrance Card Reader1,-,Original Records,-,-,-
'22,FIRDAOUSS HARMOUCH,PANDORABOX,2023-05-11 13:58:47,None,pointeuse_Door1_Entrance Card Reader1,-,Original Records,-,-,-
'22,FIRDAOUSS HARMOUCH,PANDORABOX,2023-05-11 18:02:06,None,pointeuse_Door1_Entrance Card Reader1,-,Original Records,-,-,-
'22,FIRDAOUSS HARMOUCH,PANDORABOX,2023-05-12 09:10:44,None,pointeuse_Door1_Entrance Card Reader1,-,Original Records,-,-,-
'22,FIRDAOUSS HARMOUCH,PANDORABOX,2023-05-12 13:19:56,None,pointeuse_Door1_Entrance Card Reader1,-,Original Records,-,-,-
'22,FIRDAOUSS HARMOUCH,PANDORABOX,2023-05-12 14:24:47,None,pointeuse_Door1_Entrance Card Reader1,-,Original Records,-,-,-
'22,FIRDAOUSS HARMOUCH,PANDORABOX,2023-05-12 18:25:25,None,pointeuse_Door1_Entrance Card Reader1,-,Original Records,-,-,-
'22,FIRDAOUSS HARMOUCH,PANDORABOX,2023-05-15 09:17:08,None,pointeuse_Door1_Entrance Card Reader1,-,Original Records,-,-,-
'22,FIRDAOUSS HARMOUCH,PANDORABOX,2023-05-15 13:27:04,None,pointeuse_Door1_Entrance Card Reader1,-,Original Records,-,-,-
'22,FIRDAOUSS HARMOUCH,PANDORABOX,2023-05-15 14:19:41,None,pointeuse_Door1_Entrance Card Reader1,-,Original Records,-,-,-
'22,FIRDAOUSS HARMOUCH,PANDORABOX,2023-05-15 18:16:13,None,pointeuse_Door1_Entrance Card Reader1,-,Original Records,-,-,-
'22,FIRDAOUSS HARMOUCH,PANDORABOX,2023-05-17 09:02:14,None,pointeuse_Door1_Entrance Card Reader1,-,Original Records,-,-,-
'22,FIRDAOUSS HARMOUCH,PANDORABOX,2023-05-17 13:26:11,None,pointeuse_Door1_Entrance Card Reader1,-,Original Records,-,-,-
'22,FIRDAOUSS HARMOUCH,PANDORABOX,2023-05-17 14:04:32,None,pointeuse_Door1_Entrance Card Reader1,-,Original Records,-,-,-
'22,FIRDAOUSS HARMOUCH,PANDORABOX,2023-05-17 18:53:24,None,pointeuse_Door1_Entrance Card Reader1,-,Original Records,-,-,-
'22,FIRDAOUSS HARMOUCH,PANDORABOX,2023-05-18 09:08:56,None,pointeuse_Door1_Entrance Card Reader1,-,Original Records,-,-,-
'22,FIRDAOUSS HARMOUCH,PANDORABOX,2023-05-18 13:23:09,None,pointeuse_Door1_Entrance Card Reader1,-,Original Records,-,-,-
'22,FIRDAOUSS HARMOUCH,PANDORABOX,2023-05-18 18:15:27,None,pointeuse_Door1_Entrance Card Reader1,-,Original Records,-,-,-
'22,FIRDAOUSS HARMOUCH,PANDORABOX,2023-05-19 09:02:41,None,pointeuse_Door1_Entrance Card Reader1,-,Original Records,-,-,-
'22,FIRDAOUSS HARMOUCH,PANDORABOX,2023-05-19 13:22:40,None,pointeuse_Door1_Entrance Card Reader1,-,Original Records,-,-,-
'22,FIRDAOUSS HARMOUCH,PANDORABOX,2023-05-19 14:29:16,None,pointeuse_Door1_Entrance Card Reader1,-,Original Records,-,-,-
'22,FIRDAOUSS HARMOUCH,PANDORABOX,2023-05-19 18:18:07,None,pointeuse_Door1_Entrance Card Reader1,-,Original Records,-,-,-
'22,FIRDAOUSS HARMOUCH,PANDORABOX,2023-05-22 09:13:34,None,pointeuse_Door1_Entrance Card Reader1,-,Original Records,-,-,-
'22,FIRDAOUSS HARMOUCH,PANDORABOX,2023-05-22 13:00:47,None,pointeuse_Door1_Entrance Card Reader1,-,Original Records,-,-,-
'22,FIRDAOUSS HARMOUCH,PANDORABOX,2023-05-22 14:03:02,None,pointeuse_Door1_Entrance Card Reader1,-,Original Records,-,-,-
'22,FIRDAOUSS HARMOUCH,PANDORABOX,2023-05-22 18:30:48,None,pointeuse_Door1_Entrance Card Reader1,-,Original Records,-,-,-
'22,FIRDAOUSS HARMOUCH,PANDORABOX,2023-05-23 09:07:13,None,pointeuse_Door1_Entrance Card Reader1,-,Original Records,-,-,-
'22,FIRDAOUSS HARMOUCH,PANDORABOX,2023-05-23 13:35:24,None,pointeuse_Door1_Entrance Card Reader1,-,Original Records,-,-,-
'22,FIRDAOUSS HARMOUCH,PANDORABOX,2023-05-23 14:46:20,None,pointeuse_Door1_Entrance Card Reader1,-,Original Records,-,-,-
'22,FIRDAOUSS HARMOUCH,PANDORABOX,2023-05-23 18:11:28,None,pointeuse_Door1_Entrance Card Reader1,-,Original Records,-,-,-
'22,FIRDAOUSS HARMOUCH,PANDORABOX,2023-05-24 09:16:45,None,pointeuse_Door1_Entrance Card Reader1,-,Original Records,-,-,-
'22,FIRDAOUSS HARMOUCH,PANDORABOX,2023-05-24 13:13:57,None,pointeuse_Door1_Entrance Card Reader1,-,Original Records,-,-,-
'22,FIRDAOUSS HARMOUCH,PANDORABOX,2023-05-24 14:13:26,None,pointeuse_Door1_Entrance Card Reader1,-,Original Records,-,-,-
'22,FIRDAOUSS HARMOUCH,PANDORABOX,2023-05-24 18:33:28,None,pointeuse_Door1_Entrance Card Reader1,-,Original Records,-,-,-
